{
"type": "FeatureCollection",
"name": "Areas_1911",
"crs": { "type": "name", "properties": { "name": "urn:ogc:def:crs:OGC:1.3:CRS84" } },
"features": [
{ "type": "Feature", "properties": { "LGB1911Gre": "165", "LGB1911G_1": 10220622.0, "LGB1911G_2": "CHINGFORD", "LGB1911G_3": "P", "LGB1911G_4": "eng", "LGB1911G_5": "LG_DIST", "LGB1911G_6": "UD", "LGB1911G_7": "ENGLAND", "LGB1911G_8": 1911.0, "LGB1911G_9": "GBHGIS", "LGB1911_10": null, "LGB1911_11": null, "LGB1911_12": "y", "1911popGre": 10220622, "1911popG_1": "CHINGFORD", "1911popG_2": "UD", "1911popG_3": 0, "F_AREA": 11559167.674799999 }, "geometry": { "type": "Polygon", "coordinates": [ [ [ -0.024426, 51.642699 ], [ -0.01978, 51.642217 ], [ -0.017761, 51.641604 ], [ -0.017944, 51.640477 ], [ -0.016067, 51.639867 ], [ -0.016719, 51.640978 ], [ -0.016609, 51.64144 ], [ -0.014591, 51.640885 ], [ -0.013172, 51.640428 ], [ -0.01296, 51.64036 ], [ -0.001286, 51.642902 ], [ -0.000121, 51.643152 ], [ 0.000852, 51.642058 ], [ 0.004064, 51.642141 ], [ 0.006232, 51.641951 ], [ 0.00909, 51.641549 ], [ 0.013112, 51.641022 ], [ 0.015161, 51.641051 ], [ 0.017046, 51.640474 ], [ 0.020757, 51.638918 ], [ 0.022079, 51.639448 ], [ 0.023125, 51.63985 ], [ 0.025256, 51.6369 ], [ 0.025497, 51.634493 ], [ 0.025754, 51.633244 ], [ 0.02182, 51.628721 ], [ 0.021809, 51.628519 ], [ 0.010091, 51.618972 ], [ -0.009602, 51.608701 ], [ -0.028754, 51.607913 ], [ -0.034814, 51.605276 ], [ -0.034027, 51.606288 ], [ -0.034986, 51.606651 ], [ -0.036675, 51.608398 ], [ -0.037916, 51.607683 ], [ -0.037502, 51.609694 ], [ -0.038706, 51.609798 ], [ -0.03978, 51.609694 ], [ -0.0401, 51.611891 ], [ -0.040993, 51.61275 ], [ -0.039523, 51.614456 ], [ -0.037713, 51.615423 ], [ -0.037803, 51.616535 ], [ -0.038485, 51.616897 ], [ -0.038604, 51.617337 ], [ -0.037536, 51.617319 ], [ -0.036262, 51.617734 ], [ -0.034705, 51.618228 ], [ -0.03426, 51.616732 ], [ -0.033244, 51.617614 ], [ -0.031956, 51.618313 ], [ -0.031016, 51.618525 ], [ -0.031042, 51.618991 ], [ -0.030941, 51.62021 ], [ -0.030061, 51.620102 ], [ -0.028098, 51.621364 ], [ -0.027981, 51.621884 ], [ -0.026493, 51.621881 ], [ -0.026588, 51.622869 ], [ -0.027489, 51.623528 ], [ -0.028526, 51.625325 ], [ -0.027674, 51.625652 ], [ -0.026752, 51.625455 ], [ -0.025032, 51.626462 ], [ -0.026417, 51.626695 ], [ -0.026567, 51.628584 ], [ -0.027741, 51.62937 ], [ -0.029398, 51.629796 ], [ -0.028315, 51.632175 ], [ -0.02788, 51.633585 ], [ -0.027969, 51.634749 ], [ -0.029229, 51.635751 ], [ -0.02858, 51.636745 ], [ -0.028432, 51.636915 ], [ -0.027459, 51.636824 ], [ -0.026961, 51.637563 ], [ -0.026082, 51.638494 ], [ -0.025222, 51.639021 ], [ -0.025325, 51.639864 ], [ -0.025296, 51.640531 ], [ -0.024797, 51.641271 ], [ -0.024506, 51.642626 ], [ -0.024426, 51.642699 ] ] ] } },
{ "type": "Feature", "properties": { "LGB1911Gre": "716", "LGB1911G_1": 10107891.0, "LGB1911G_2": "BARNET", "LGB1911G_3": "P", "LGB1911G_4": "eng", "LGB1911G_5": "LG_DIST", "LGB1911G_6": "RD", "LGB1911G_7": "ENGLAND", "LGB1911G_8": 1911.0, "LGB1911G_9": "GBHGIS", "LGB1911_10": null, "LGB1911_11": null, "LGB1911_12": null, "1911popGre": 10107891, "1911popG_1": "BARNET", "1911popG_2": "RD", "1911popG_3": 0, "F_AREA": 43519346.825199999 }, "geometry": { "type": "MultiPolygon", "coordinates": [ [ [ [ -0.194255, 51.641132 ], [ -0.193453, 51.640745 ], [ -0.192343, 51.640765 ], [ -0.191454, 51.640326 ], [ -0.190036, 51.639306 ], [ -0.188112, 51.638656 ], [ -0.188018, 51.638189 ], [ -0.187747, 51.636783 ], [ -0.185899, 51.635955 ], [ -0.184962, 51.635514 ], [ -0.18428, 51.634893 ], [ -0.183822, 51.633992 ], [ -0.182496, 51.633457 ], [ -0.181571, 51.633087 ], [ -0.180338, 51.631075 ], [ -0.181047, 51.630317 ], [ -0.182094, 51.629294 ], [ -0.182312, 51.628435 ], [ -0.181543, 51.627279 ], [ -0.181826, 51.626512 ], [ -0.182843, 51.625637 ], [ -0.185585, 51.622736 ], [ -0.187348, 51.622049 ], [ -0.187984, 51.621225 ], [ -0.189128, 51.620739 ], [ -0.190201, 51.619753 ], [ -0.190858, 51.618389 ], [ -0.191864, 51.618848 ], [ -0.193639, 51.619467 ], [ -0.195083, 51.619876 ], [ -0.19591, 51.620206 ], [ -0.197263, 51.620481 ], [ -0.198042, 51.620785 ], [ -0.198325, 51.621229 ], [ -0.198362, 51.621929 ], [ -0.198407, 51.622509 ], [ -0.199189, 51.623341 ], [ -0.200325, 51.623957 ], [ -0.202361, 51.624367 ], [ -0.203652, 51.624364 ], [ -0.204949, 51.624335 ], [ -0.207345, 51.624156 ], [ -0.209217, 51.623904 ], [ -0.210412, 51.623727 ], [ -0.211842, 51.623283 ], [ -0.213479, 51.622969 ], [ -0.214847, 51.622419 ], [ -0.218048, 51.622885 ], [ -0.220429, 51.623369 ], [ -0.224135, 51.623781 ], [ -0.231783, 51.624842 ], [ -0.231411, 51.629511 ], [ -0.231342, 51.630912 ], [ -0.230724, 51.63213 ], [ -0.230143, 51.633602 ], [ -0.229056, 51.634755 ], [ -0.227579, 51.636195 ], [ -0.225938, 51.636326 ], [ -0.22354, 51.63682 ], [ -0.221482, 51.637148 ], [ -0.219998, 51.638017 ], [ -0.218336, 51.638588 ], [ -0.218019, 51.63934 ], [ -0.216905, 51.6394 ], [ -0.215575, 51.640157 ], [ -0.213218, 51.640365 ], [ -0.211889, 51.640334 ], [ -0.210576, 51.639981 ], [ -0.208441, 51.640492 ], [ -0.206385, 51.64095 ], [ -0.204899, 51.640609 ], [ -0.203875, 51.640564 ], [ -0.202069, 51.640676 ], [ -0.200426, 51.640814 ], [ -0.198609, 51.641488 ], [ -0.197545, 51.641688 ], [ -0.195631, 51.641331 ], [ -0.194255, 51.641132 ] ] ], [ [ [ -0.254476, 51.737193 ], [ -0.258459, 51.733297 ], [ -0.258666, 51.733094 ], [ -0.254948, 51.729428 ], [ -0.254249, 51.728469 ], [ -0.253275, 51.727131 ], [ -0.251562, 51.725682 ], [ -0.250235, 51.724008 ], [ -0.248983, 51.722717 ], [ -0.247295, 51.720741 ], [ -0.245714, 51.71947 ], [ -0.244086, 51.718197 ], [ -0.241871, 51.716441 ], [ -0.240804, 51.715212 ], [ -0.240346, 51.714 ], [ -0.240422, 51.712915 ], [ -0.23926, 51.711939 ], [ -0.239316, 51.710501 ], [ -0.239262, 51.709675 ], [ -0.238824, 51.708817 ], [ -0.238622, 51.708253 ], [ -0.237116, 51.706281 ], [ -0.235911, 51.705879 ], [ -0.236459, 51.705224 ], [ -0.237671, 51.704407 ], [ -0.238591, 51.703832 ], [ -0.241677, 51.702061 ], [ -0.242463, 51.700329 ], [ -0.241764, 51.694355 ], [ -0.239904, 51.691094 ], [ -0.238684, 51.689151 ], [ -0.238847, 51.686901 ], [ -0.239184, 51.686275 ], [ -0.23924, 51.685611 ], [ -0.239041, 51.68462 ], [ -0.238049, 51.683486 ], [ -0.237553, 51.682047 ], [ -0.234808, 51.675968 ], [ -0.232139, 51.670046 ], [ -0.231177, 51.667174 ], [ -0.231023, 51.66647 ], [ -0.230303, 51.664637 ], [ -0.229957, 51.663413 ], [ -0.229307, 51.662162 ], [ -0.228869, 51.660919 ], [ -0.228383, 51.658946 ], [ -0.227966, 51.657982 ], [ -0.227128, 51.657232 ], [ -0.226018, 51.656346 ], [ -0.224852, 51.654973 ], [ -0.223619, 51.653333 ], [ -0.222375, 51.651984 ], [ -0.224425, 51.65108 ], [ -0.22565, 51.650819 ], [ -0.226803, 51.650147 ], [ -0.227411, 51.64914 ], [ -0.228279, 51.648577 ], [ -0.229471, 51.648053 ], [ -0.231498, 51.647725 ], [ -0.233861, 51.647261 ], [ -0.234319, 51.646542 ], [ -0.234773, 51.645881 ], [ -0.235833, 51.645295 ], [ -0.237258, 51.644836 ], [ -0.238282, 51.644014 ], [ -0.239689, 51.642999 ], [ -0.240575, 51.642115 ], [ -0.241053, 51.640888 ], [ -0.241769, 51.641485 ], [ -0.243693, 51.640869 ], [ -0.244194, 51.640759 ], [ -0.245256, 51.639984 ], [ -0.246809, 51.639613 ], [ -0.248341, 51.639514 ], [ -0.249401, 51.639521 ], [ -0.250906, 51.639637 ], [ -0.252278, 51.639667 ], [ -0.253375, 51.63968 ], [ -0.254909, 51.639937 ], [ -0.256263, 51.640216 ], [ -0.258247, 51.640899 ], [ -0.259671, 51.642087 ], [ -0.260194, 51.642384 ], [ -0.260856, 51.642762 ], [ -0.26298, 51.643505 ], [ -0.264613, 51.64384 ], [ -0.266266, 51.643867 ], [ -0.268221, 51.643702 ], [ -0.269659, 51.643582 ], [ -0.271637, 51.643385 ], [ -0.272653, 51.643281 ], [ -0.275569, 51.643557 ], [ -0.276847, 51.643806 ], [ -0.278116, 51.644063 ], [ -0.279796, 51.644341 ], [ -0.281383, 51.643495 ], [ -0.286835, 51.642182 ], [ -0.28829, 51.642105 ], [ -0.290109, 51.642271 ], [ -0.295816, 51.643638 ], [ -0.29796, 51.643708 ], [ -0.29755, 51.64451 ], [ -0.297374, 51.645349 ], [ -0.296826, 51.646207 ], [ -0.296642, 51.64731 ], [ -0.29669, 51.648478 ], [ -0.297268, 51.64931 ], [ -0.297977, 51.65032 ], [ -0.29878, 51.651217 ], [ -0.299125, 51.651897 ], [ -0.299935, 51.652648 ], [ -0.300356, 51.653683 ], [ -0.298289, 51.653777 ], [ -0.296968, 51.653976 ], [ -0.295874, 51.654356 ], [ -0.294333, 51.654289 ], [ -0.292336, 51.653951 ], [ -0.290535, 51.653412 ], [ -0.28908, 51.653501 ], [ -0.28793, 51.654161 ], [ -0.287097, 51.655036 ], [ -0.285802, 51.655711 ], [ -0.284558, 51.65623 ], [ -0.282979, 51.655823 ], [ -0.281762, 51.655757 ], [ -0.28062, 51.656206 ], [ -0.278914, 51.656829 ], [ -0.276024, 51.657718 ], [ -0.275033, 51.657932 ], [ -0.273624, 51.658044 ], [ -0.272445, 51.658253 ], [ -0.271332, 51.659245 ], [ -0.269991, 51.660019 ], [ -0.268937, 51.660591 ], [ -0.270262, 51.661527 ], [ -0.271086, 51.662059 ], [ -0.27129, 51.662844 ], [ -0.271755, 51.664144 ], [ -0.272407, 51.665447 ], [ -0.273162, 51.666482 ], [ -0.274144, 51.667671 ], [ -0.27496, 51.668492 ], [ -0.275268, 51.668802 ], [ -0.276617, 51.670146 ], [ -0.277373, 51.671056 ], [ -0.278596, 51.672036 ], [ -0.279969, 51.672811 ], [ -0.280859, 51.673809 ], [ -0.281752, 51.674747 ], [ -0.283183, 51.675284 ], [ -0.284477, 51.67573 ], [ -0.286917, 51.67588 ], [ -0.287764, 51.676783 ], [ -0.28781, 51.677636 ], [ -0.287914, 51.678313 ], [ -0.288186, 51.679286 ], [ -0.289089, 51.679952 ], [ -0.290006, 51.680384 ], [ -0.291284, 51.681087 ], [ -0.292337, 51.681609 ], [ -0.293231, 51.682388 ], [ -0.293522, 51.683006 ], [ -0.29542, 51.684303 ], [ -0.297504, 51.68563 ], [ -0.298018, 51.686396 ], [ -0.298885, 51.687517 ], [ -0.30004, 51.688556 ], [ -0.299808, 51.689733 ], [ -0.298288, 51.689752 ], [ -0.297214, 51.689523 ], [ -0.296081, 51.689437 ], [ -0.295316, 51.689504 ], [ -0.295366, 51.690052 ], [ -0.296308, 51.691313 ], [ -0.297314, 51.692919 ], [ -0.29821, 51.694148 ], [ -0.298836, 51.695743 ], [ -0.29961, 51.696739 ], [ -0.300772, 51.698233 ], [ -0.298381, 51.698888 ], [ -0.29883, 51.700645 ], [ -0.300261, 51.70666 ], [ -0.300793, 51.708895 ], [ -0.303274, 51.707258 ], [ -0.303478, 51.708644 ], [ -0.303426, 51.70978 ], [ -0.303363, 51.711107 ], [ -0.303419, 51.711913 ], [ -0.303537, 51.713006 ], [ -0.304096, 51.714377 ], [ -0.302589, 51.714484 ], [ -0.300833, 51.714906 ], [ -0.298365, 51.715514 ], [ -0.296974, 51.716151 ], [ -0.294875, 51.716885 ], [ -0.293527, 51.71761 ], [ -0.292318, 51.718368 ], [ -0.291215, 51.718866 ], [ -0.290014, 51.719449 ], [ -0.28901, 51.719861 ], [ -0.288648, 51.719988 ], [ -0.287769, 51.720296 ], [ -0.286192, 51.720898 ], [ -0.285221, 51.721575 ], [ -0.284339, 51.72237 ], [ -0.283395, 51.723457 ], [ -0.28437, 51.724652 ], [ -0.286012, 51.725661 ], [ -0.287146, 51.72648 ], [ -0.288148, 51.72712 ], [ -0.289138, 51.727994 ], [ -0.289201, 51.728639 ], [ -0.28828, 51.729258 ], [ -0.287221, 51.729815 ], [ -0.286532, 51.730469 ], [ -0.285415, 51.731259 ], [ -0.284107, 51.732101 ], [ -0.283361, 51.732988 ], [ -0.282394, 51.733476 ], [ -0.282206, 51.733571 ], [ -0.28102, 51.733832 ], [ -0.279643, 51.734147 ], [ -0.277747, 51.734535 ], [ -0.275899, 51.734896 ], [ -0.273868, 51.735164 ], [ -0.272696, 51.735133 ], [ -0.270763, 51.73628 ], [ -0.269176, 51.737057 ], [ -0.268224, 51.737324 ], [ -0.267229, 51.737502 ], [ -0.265777, 51.738399 ], [ -0.264384, 51.739063 ], [ -0.26319, 51.73947 ], [ -0.261961, 51.739642 ], [ -0.260273, 51.739597 ], [ -0.258786, 51.739294 ], [ -0.257255, 51.738932 ], [ -0.255841, 51.738076 ], [ -0.254476, 51.737193 ] ] ] ] } },
{ "type": "Feature", "properties": { "LGB1911Gre": "717", "LGB1911G_1": 10042094.0, "LGB1911G_2": "CHESHUNT", "LGB1911G_3": "P", "LGB1911G_4": "eng", "LGB1911G_5": "LG_DIST", "LGB1911G_6": "UD", "LGB1911G_7": "ENGLAND", "LGB1911G_8": 1911.0, "LGB1911G_9": "GBHGIS", "LGB1911_10": null, "LGB1911_11": null, "LGB1911_12": "y", "1911popGre": 10042094, "1911popG_1": "CHESHUNT", "1911popG_2": "UD", "1911popG_3": 0, "F_AREA": 35366157.774400003 }, "geometry": { "type": "Polygon", "coordinates": [ [ [ -0.09631, 51.736589 ], [ -0.093132, 51.736251 ], [ -0.089431, 51.736016 ], [ -0.08553, 51.73601 ], [ -0.083013, 51.735629 ], [ -0.080255, 51.735359 ], [ -0.07777, 51.735241 ], [ -0.074335, 51.735332 ], [ -0.070727, 51.735128 ], [ -0.067818, 51.735057 ], [ -0.063623, 51.735303 ], [ -0.060565, 51.735402 ], [ -0.058135, 51.73542 ], [ -0.056993, 51.735429 ], [ -0.054937, 51.735232 ], [ -0.051705, 51.735034 ], [ -0.050261, 51.734823 ], [ -0.046666, 51.734412 ], [ -0.035497, 51.732553 ], [ -0.033242, 51.731739 ], [ -0.031509, 51.730795 ], [ -0.030421, 51.730943 ], [ -0.029225, 51.731372 ], [ -0.026325, 51.730362 ], [ -0.024495, 51.729531 ], [ -0.022652, 51.728949 ], [ -0.020496, 51.728933 ], [ -0.019139, 51.728894 ], [ -0.017601, 51.728705 ], [ -0.011886, 51.727409 ], [ -0.011983, 51.726791 ], [ -0.012024, 51.726609 ], [ -0.012042, 51.72653 ], [ -0.011324, 51.726011 ], [ -0.010349, 51.725076 ], [ -0.010846, 51.724509 ], [ -0.010627, 51.723393 ], [ -0.008481, 51.723588 ], [ -0.00769, 51.722804 ], [ -0.008746, 51.722138 ], [ -0.01042, 51.722074 ], [ -0.011707, 51.721533 ], [ -0.012171, 51.720731 ], [ -0.011961, 51.71947 ], [ -0.012599, 51.718878 ], [ -0.013814, 51.718946 ], [ -0.014599, 51.7183 ], [ -0.014478, 51.717072 ], [ -0.01521, 51.71654 ], [ -0.015907, 51.715802 ], [ -0.014829, 51.714954 ], [ -0.014773, 51.714252 ], [ -0.01504, 51.713648 ], [ -0.014935, 51.712974 ], [ -0.014266, 51.71237 ], [ -0.01316, 51.712043 ], [ -0.012447, 51.711436 ], [ -0.011416, 51.711578 ], [ -0.010459, 51.71041 ], [ -0.00888, 51.710448 ], [ -0.008264, 51.709846 ], [ -0.007124, 51.70949 ], [ -0.006276, 51.708853 ], [ -0.006465, 51.707954 ], [ -0.007853, 51.707209 ], [ -0.008852, 51.706773 ], [ -0.008617, 51.705978 ], [ -0.010085, 51.705411 ], [ -0.011237, 51.705565 ], [ -0.013009, 51.705475 ], [ -0.01315, 51.704605 ], [ -0.013881, 51.704045 ], [ -0.01407, 51.703147 ], [ -0.015057, 51.702245 ], [ -0.014443, 51.701496 ], [ -0.014918, 51.70052 ], [ -0.014091, 51.699414 ], [ -0.013388, 51.698662 ], [ -0.013781, 51.697449 ], [ -0.015348, 51.696974 ], [ -0.016175, 51.696417 ], [ -0.016088, 51.695452 ], [ -0.017346, 51.694732 ], [ -0.017775, 51.693753 ], [ -0.017548, 51.691967 ], [ -0.017301, 51.691318 ], [ -0.017348, 51.690502 ], [ -0.017713, 51.689842 ], [ -0.018618, 51.689548 ], [ -0.018427, 51.688784 ], [ -0.018097, 51.687986 ], [ -0.018551, 51.687416 ], [ -0.018088, 51.686498 ], [ -0.017339, 51.685659 ], [ -0.016498, 51.684786 ], [ -0.013803, 51.68543 ], [ -0.012637, 51.684693 ], [ -0.012357, 51.683897 ], [ -0.012621, 51.682504 ], [ -0.011509, 51.681653 ], [ -0.009353, 51.681209 ], [ -0.009484, 51.679725 ], [ -0.01219, 51.680302 ], [ -0.013296, 51.680424 ], [ -0.013438, 51.680429 ], [ -0.014411, 51.680459 ], [ -0.016418, 51.679588 ], [ -0.017875, 51.680276 ], [ -0.019025, 51.680632 ], [ -0.024203, 51.680958 ], [ -0.027059, 51.680975 ], [ -0.041125, 51.682468 ], [ -0.042837, 51.68286 ], [ -0.045619, 51.683394 ], [ -0.048213, 51.683104 ], [ -0.056437, 51.681861 ], [ -0.057664, 51.681714 ], [ -0.059158, 51.681835 ], [ -0.060413, 51.68201 ], [ -0.072002, 51.68531 ], [ -0.073038, 51.686093 ], [ -0.074283, 51.686501 ], [ -0.075419, 51.686292 ], [ -0.076718, 51.685677 ], [ -0.084442, 51.68684 ], [ -0.092522, 51.687542 ], [ -0.094724, 51.687591 ], [ -0.098992, 51.686718 ], [ -0.101322, 51.687032 ], [ -0.103659, 51.688102 ], [ -0.103342, 51.688773 ], [ -0.103529, 51.689684 ], [ -0.104479, 51.691256 ], [ -0.104391, 51.692014 ], [ -0.103524, 51.693369 ], [ -0.104505, 51.695234 ], [ -0.10452, 51.696725 ], [ -0.104203, 51.697419 ], [ -0.104791, 51.698748 ], [ -0.105493, 51.70151 ], [ -0.105649, 51.703004 ], [ -0.105872, 51.704148 ], [ -0.10537, 51.70662 ], [ -0.105414, 51.707555 ], [ -0.105795, 51.710192 ], [ -0.105425, 51.711906 ], [ -0.10482, 51.712709 ], [ -0.106295, 51.713239 ], [ -0.107443, 51.713761 ], [ -0.108306, 51.714336 ], [ -0.111837, 51.717831 ], [ -0.113168, 51.719351 ], [ -0.112836, 51.720364 ], [ -0.11027, 51.721822 ], [ -0.109254, 51.72244 ], [ -0.107652, 51.723423 ], [ -0.10608, 51.724757 ], [ -0.105273, 51.725846 ], [ -0.104656, 51.726881 ], [ -0.10428, 51.727805 ], [ -0.10279, 51.728441 ], [ -0.101017, 51.729128 ], [ -0.100261, 51.730129 ], [ -0.100453, 51.73095 ], [ -0.100771, 51.732094 ], [ -0.099639, 51.733087 ], [ -0.098063, 51.734476 ], [ -0.09749, 51.735569 ], [ -0.09631, 51.736589 ] ] ] } },
{ "type": "Feature", "properties": { "LGB1911Gre": "743", "LGB1911G_1": 10220920.0, "LGB1911G_2": "SOUTH MIMMS", "LGB1911G_3": "P", "LGB1911G_4": "eng", "LGB1911G_5": "LG_DIST", "LGB1911G_6": "RD", "LGB1911G_7": "ENGLAND", "LGB1911G_8": 1911.0, "LGB1911G_9": "GBHGIS", "LGB1911_10": null, "LGB1911_11": null, "LGB1911_12": null, "1911popGre": 10220920, "1911popG_1": "SOUTH MIMMS", "1911popG_2": "RD", "1911popG_3": 0, "F_AREA": 23694014.675799999 }, "geometry": { "type": "Polygon", "coordinates": [ [ [ -0.235911, 51.705879 ], [ -0.235668, 51.706075 ], [ -0.234692, 51.706856 ], [ -0.234282, 51.707563 ], [ -0.233704, 51.708838 ], [ -0.233192, 51.70972 ], [ -0.232587, 51.710574 ], [ -0.231517, 51.711342 ], [ -0.2292, 51.711698 ], [ -0.228092, 51.711851 ], [ -0.225878, 51.712298 ], [ -0.22138, 51.712539 ], [ -0.220126, 51.712924 ], [ -0.218704, 51.713208 ], [ -0.217342, 51.713232 ], [ -0.216264, 51.713205 ], [ -0.215492, 51.712688 ], [ -0.214359, 51.711864 ], [ -0.213501, 51.711276 ], [ -0.212541, 51.710761 ], [ -0.211493, 51.710127 ], [ -0.209385, 51.71007 ], [ -0.207565, 51.709852 ], [ -0.205988, 51.709468 ], [ -0.204601, 51.709057 ], [ -0.202733, 51.708896 ], [ -0.20142, 51.708868 ], [ -0.19941, 51.708715 ], [ -0.197525, 51.708894 ], [ -0.195749, 51.708722 ], [ -0.193593, 51.708687 ], [ -0.1922, 51.708394 ], [ -0.191277, 51.707787 ], [ -0.18942, 51.707092 ], [ -0.188476, 51.706915 ], [ -0.186697, 51.706771 ], [ -0.185477, 51.706333 ], [ -0.184209, 51.705995 ], [ -0.183153, 51.705868 ], [ -0.182122, 51.705856 ], [ -0.180953, 51.705952 ], [ -0.180485, 51.705238 ], [ -0.179911, 51.704479 ], [ -0.179265, 51.704105 ], [ -0.178949, 51.703418 ], [ -0.178586, 51.702464 ], [ -0.177854, 51.702182 ], [ -0.175439, 51.701664 ], [ -0.173222, 51.701366 ], [ -0.173621, 51.700763 ], [ -0.168313, 51.699363 ], [ -0.167321, 51.699697 ], [ -0.16625, 51.699683 ], [ -0.165234, 51.69941 ], [ -0.164951, 51.699072 ], [ -0.164476, 51.698505 ], [ -0.164145, 51.697431 ], [ -0.164328, 51.696249 ], [ -0.164394, 51.694544 ], [ -0.164396, 51.693244 ], [ -0.164599, 51.691872 ], [ -0.164699, 51.690841 ], [ -0.164801, 51.689417 ], [ -0.164846, 51.688227 ], [ -0.164873, 51.686327 ], [ -0.164567, 51.684576 ], [ -0.164663, 51.682047 ], [ -0.165806, 51.681404 ], [ -0.167459, 51.680771 ], [ -0.169923, 51.678436 ], [ -0.170901, 51.677212 ], [ -0.172075, 51.675704 ], [ -0.173258, 51.673994 ], [ -0.174489, 51.672219 ], [ -0.175933, 51.672176 ], [ -0.177148, 51.67208 ], [ -0.180169, 51.670956 ], [ -0.182859, 51.668966 ], [ -0.186012, 51.669292 ], [ -0.187531, 51.668737 ], [ -0.188155, 51.667848 ], [ -0.189236, 51.666688 ], [ -0.189928, 51.66551 ], [ -0.189803, 51.6642 ], [ -0.195495, 51.665399 ], [ -0.196388, 51.666051 ], [ -0.196929, 51.666932 ], [ -0.198076, 51.667272 ], [ -0.19908, 51.666594 ], [ -0.199475, 51.665808 ], [ -0.199584, 51.665128 ], [ -0.200739, 51.665097 ], [ -0.201775, 51.664706 ], [ -0.203216, 51.664308 ], [ -0.2045, 51.663699 ], [ -0.205888, 51.66326 ], [ -0.208871, 51.662081 ], [ -0.210592, 51.661394 ], [ -0.21162, 51.660803 ], [ -0.21255, 51.659659 ], [ -0.214152, 51.658857 ], [ -0.215853, 51.657825 ], [ -0.216591, 51.657261 ], [ -0.217641, 51.656033 ], [ -0.218201, 51.655054 ], [ -0.218538, 51.653893 ], [ -0.219097, 51.652606 ], [ -0.222375, 51.651984 ], [ -0.223619, 51.653333 ], [ -0.224852, 51.654973 ], [ -0.226018, 51.656346 ], [ -0.227128, 51.657232 ], [ -0.227966, 51.657982 ], [ -0.228383, 51.658946 ], [ -0.228869, 51.660919 ], [ -0.229307, 51.662162 ], [ -0.229957, 51.663413 ], [ -0.230303, 51.664637 ], [ -0.231023, 51.66647 ], [ -0.231177, 51.667174 ], [ -0.232139, 51.670046 ], [ -0.234808, 51.675968 ], [ -0.237553, 51.682047 ], [ -0.238049, 51.683486 ], [ -0.239041, 51.68462 ], [ -0.23924, 51.685611 ], [ -0.239184, 51.686275 ], [ -0.238847, 51.686901 ], [ -0.238684, 51.689151 ], [ -0.239904, 51.691094 ], [ -0.241764, 51.694355 ], [ -0.242463, 51.700329 ], [ -0.241677, 51.702061 ], [ -0.238591, 51.703832 ], [ -0.237671, 51.704407 ], [ -0.236459, 51.705224 ], [ -0.235911, 51.705879 ] ] ] } },
{ "type": "Feature", "properties": { "LGB1911Gre": "769", "LGB1911G_1": 10001924.0, "LGB1911G_2": "LOUGHTON", "LGB1911G_3": "P", "LGB1911G_4": "eng", "LGB1911G_5": "LG_DIST", "LGB1911G_6": "UD", "LGB1911G_7": "ENGLAND", "LGB1911G_8": 1911.0, "LGB1911G_9": "GBHGIS", "LGB1911_10": null, "LGB1911_11": null, "LGB1911_12": null, "1911popGre": 10001924, "1911popG_1": "LOUGHTON", "1911popG_2": "UD", "1911popG_3": 0, "F_AREA": 16072799.333000001 }, "geometry": { "type": "Polygon", "coordinates": [ [ [ 0.068005, 51.676224 ], [ 0.069917, 51.674196 ], [ 0.077875, 51.67016 ], [ 0.080302, 51.668658 ], [ 0.083644, 51.667054 ], [ 0.085959, 51.665878 ], [ 0.087738, 51.665147 ], [ 0.089712, 51.664556 ], [ 0.091689, 51.664023 ], [ 0.092785, 51.663596 ], [ 0.093974, 51.662327 ], [ 0.095248, 51.661751 ], [ 0.096573, 51.661231 ], [ 0.09719, 51.659772 ], [ 0.098336, 51.65859 ], [ 0.100659, 51.655938 ], [ 0.101298, 51.653204 ], [ 0.103263, 51.649199 ], [ 0.103237, 51.648737 ], [ 0.096343, 51.647589 ], [ 0.096943, 51.647179 ], [ 0.097769, 51.64669 ], [ 0.098562, 51.646056 ], [ 0.099085, 51.645561 ], [ 0.099239, 51.64512 ], [ 0.095456, 51.643182 ], [ 0.083157, 51.639936 ], [ 0.08287, 51.639509 ], [ 0.082495, 51.639185 ], [ 0.082155, 51.638991 ], [ 0.075533, 51.638705 ], [ 0.074579, 51.638733 ], [ 0.073613, 51.638921 ], [ 0.072168, 51.638934 ], [ 0.071882, 51.638855 ], [ 0.071349, 51.63794 ], [ 0.065559, 51.631189 ], [ 0.065321, 51.631123 ], [ 0.064307, 51.630964 ], [ 0.062814, 51.63125 ], [ 0.059272, 51.62947 ], [ 0.058505, 51.629109 ], [ 0.052858, 51.630729 ], [ 0.050703, 51.631409 ], [ 0.047488, 51.632313 ], [ 0.044371, 51.632463 ], [ 0.041809, 51.632515 ], [ 0.038365, 51.632671 ], [ 0.035588, 51.633075 ], [ 0.033621, 51.63378 ], [ 0.030605, 51.634911 ], [ 0.029342, 51.63485 ], [ 0.027423, 51.634744 ], [ 0.025497, 51.634493 ], [ 0.025256, 51.6369 ], [ 0.025457, 51.637156 ], [ 0.027326, 51.638045 ], [ 0.029827, 51.640252 ], [ 0.033463, 51.642725 ], [ 0.035713, 51.645429 ], [ 0.035617, 51.648759 ], [ 0.036032, 51.651181 ], [ 0.037132, 51.653358 ], [ 0.038919, 51.656129 ], [ 0.040363, 51.661107 ], [ 0.041435, 51.662763 ], [ 0.043247, 51.664289 ], [ 0.046723, 51.666332 ], [ 0.048745, 51.667448 ], [ 0.052399, 51.66885 ], [ 0.054804, 51.669628 ], [ 0.056847, 51.671062 ], [ 0.06013, 51.671386 ], [ 0.064623, 51.674709 ], [ 0.066477, 51.675682 ], [ 0.068005, 51.676224 ] ] ] } },
{ "type": "Feature", "properties": { "LGB1911Gre": "782", "LGB1911G_1": 10108172.0, "LGB1911G_2": "WALTHAM HOLY CROSS", "LGB1911G_3": "P", "LGB1911G_4": "eng", "LGB1911G_5": "LG_DIST", "LGB1911G_6": "UD", "LGB1911G_7": "ENGLAND", "LGB1911G_8": 1911.0, "LGB1911G_9": "GBHGIS", "LGB1911_10": null, "LGB1911_11": null, "LGB1911_12": null, "1911popGre": 10108172, "1911popG_1": "WALTHAM HOLY CROSS", "1911popG_2": "UD", "1911popG_3": 0, "F_AREA": 44479162.813500002 }, "geometry": { "type": "Polygon", "coordinates": [ [ [ -0.013438, 51.680429 ], [ -0.013296, 51.680424 ], [ -0.01219, 51.680302 ], [ -0.009484, 51.679725 ], [ -0.009353, 51.681209 ], [ -0.011509, 51.681653 ], [ -0.012621, 51.682504 ], [ -0.012357, 51.683897 ], [ -0.012637, 51.684693 ], [ -0.013803, 51.68543 ], [ -0.016498, 51.684786 ], [ -0.017339, 51.685659 ], [ -0.018088, 51.686498 ], [ -0.018551, 51.687416 ], [ -0.018097, 51.687986 ], [ -0.018427, 51.688784 ], [ -0.018618, 51.689548 ], [ -0.017713, 51.689842 ], [ -0.017348, 51.690502 ], [ -0.017301, 51.691318 ], [ -0.017548, 51.691967 ], [ -0.017775, 51.693753 ], [ -0.017346, 51.694732 ], [ -0.016088, 51.695452 ], [ -0.016175, 51.696417 ], [ -0.015348, 51.696974 ], [ -0.013781, 51.697449 ], [ -0.013388, 51.698662 ], [ -0.014091, 51.699414 ], [ -0.014918, 51.70052 ], [ -0.014443, 51.701496 ], [ -0.015057, 51.702245 ], [ -0.01407, 51.703147 ], [ -0.013881, 51.704045 ], [ -0.01315, 51.704605 ], [ -0.013009, 51.705475 ], [ -0.011237, 51.705565 ], [ -0.010085, 51.705411 ], [ -0.008617, 51.705978 ], [ -0.008852, 51.706773 ], [ -0.007853, 51.707209 ], [ -0.006465, 51.707954 ], [ -0.006276, 51.708853 ], [ -0.007124, 51.70949 ], [ -0.008264, 51.709846 ], [ -0.00888, 51.710448 ], [ -0.010459, 51.71041 ], [ -0.011416, 51.711578 ], [ -0.012447, 51.711436 ], [ -0.01316, 51.712043 ], [ -0.014266, 51.71237 ], [ -0.014935, 51.712974 ], [ -0.01504, 51.713648 ], [ -0.014773, 51.714252 ], [ -0.014829, 51.714954 ], [ -0.015907, 51.715802 ], [ -0.01521, 51.71654 ], [ -0.014478, 51.717072 ], [ -0.014599, 51.7183 ], [ -0.013814, 51.718946 ], [ -0.012599, 51.718878 ], [ -0.011961, 51.71947 ], [ -0.012171, 51.720731 ], [ -0.011707, 51.721533 ], [ -0.01042, 51.722074 ], [ -0.008746, 51.722138 ], [ -0.00769, 51.722804 ], [ -0.004267, 51.723259 ], [ -0.000029, 51.723548 ], [ 0.00241, 51.723089 ], [ 0.005847, 51.722068 ], [ 0.009134, 51.720586 ], [ 0.012152, 51.720057 ], [ 0.015157, 51.719068 ], [ 0.015655, 51.717095 ], [ 0.019114, 51.718419 ], [ 0.021327, 51.71975 ], [ 0.024456, 51.721658 ], [ 0.027082, 51.722222 ], [ 0.030999, 51.724266 ], [ 0.032876, 51.725192 ], [ 0.035555, 51.722984 ], [ 0.036122, 51.721442 ], [ 0.039732, 51.721588 ], [ 0.042571, 51.722141 ], [ 0.045113, 51.722376 ], [ 0.048908, 51.722401 ], [ 0.051281, 51.722113 ], [ 0.052211, 51.722003 ], [ 0.058044, 51.713706 ], [ 0.058471, 51.70725 ], [ 0.063054, 51.70824 ], [ 0.068342, 51.703704 ], [ 0.066899, 51.691445 ], [ 0.072274, 51.688991 ], [ 0.073994, 51.684702 ], [ 0.079479, 51.681782 ], [ 0.068005, 51.676224 ], [ 0.066477, 51.675682 ], [ 0.064623, 51.674709 ], [ 0.06013, 51.671386 ], [ 0.056847, 51.671062 ], [ 0.054804, 51.669628 ], [ 0.052399, 51.66885 ], [ 0.048745, 51.667448 ], [ 0.046723, 51.666332 ], [ 0.043247, 51.664289 ], [ 0.041435, 51.662763 ], [ 0.040363, 51.661107 ], [ 0.038919, 51.656129 ], [ 0.037132, 51.653358 ], [ 0.036032, 51.651181 ], [ 0.035617, 51.648759 ], [ 0.035713, 51.645429 ], [ 0.033463, 51.642725 ], [ 0.029827, 51.640252 ], [ 0.027326, 51.638045 ], [ 0.025457, 51.637156 ], [ 0.025256, 51.6369 ], [ 0.023125, 51.63985 ], [ 0.022079, 51.639448 ], [ 0.020757, 51.638918 ], [ 0.017046, 51.640474 ], [ 0.015161, 51.641051 ], [ 0.013112, 51.641022 ], [ 0.00909, 51.641549 ], [ 0.006232, 51.641951 ], [ 0.004064, 51.642141 ], [ 0.000852, 51.642058 ], [ -0.000121, 51.643152 ], [ -0.001286, 51.642902 ], [ -0.01296, 51.64036 ], [ -0.013172, 51.640428 ], [ -0.014591, 51.640885 ], [ -0.016609, 51.64144 ], [ -0.016719, 51.640978 ], [ -0.016067, 51.639867 ], [ -0.017944, 51.640477 ], [ -0.017761, 51.641604 ], [ -0.01978, 51.642217 ], [ -0.024426, 51.642699 ], [ -0.018408, 51.648184 ], [ -0.016528, 51.648755 ], [ -0.015741, 51.64874 ], [ -0.015345, 51.649312 ], [ -0.016209, 51.649705 ], [ -0.015722, 51.650245 ], [ -0.013656, 51.64983 ], [ -0.013462, 51.651129 ], [ -0.014156, 51.652184 ], [ -0.014305, 51.653055 ], [ -0.015298, 51.653653 ], [ -0.015732, 51.654328 ], [ -0.015241, 51.654984 ], [ -0.015756, 51.65592 ], [ -0.015578, 51.656843 ], [ -0.014664, 51.657635 ], [ -0.013469, 51.658538 ], [ -0.014021, 51.659678 ], [ -0.015682, 51.659797 ], [ -0.016515, 51.659814 ], [ -0.016718, 51.660512 ], [ -0.016224, 51.661197 ], [ -0.016126, 51.662439 ], [ -0.017392, 51.663188 ], [ -0.016355, 51.663573 ], [ -0.016189, 51.664206 ], [ -0.017037, 51.664975 ], [ -0.017286, 51.665675 ], [ -0.018652, 51.666311 ], [ -0.018905, 51.666924 ], [ -0.018232, 51.667431 ], [ -0.017431, 51.667704 ], [ -0.017645, 51.668142 ], [ -0.018772, 51.668947 ], [ -0.018243, 51.66937 ], [ -0.017347, 51.669668 ], [ -0.016994, 51.670418 ], [ -0.018186, 51.670943 ], [ -0.017757, 51.671779 ], [ -0.014856, 51.675519 ], [ -0.013424, 51.675674 ], [ -0.012475, 51.675431 ], [ -0.013509, 51.679282 ], [ -0.012435, 51.67958 ], [ -0.013619, 51.680226 ], [ -0.013438, 51.680429 ] ] ] } },
{ "type": "Feature", "properties": { "LGB1911Gre": "826", "LGB1911G_1": 10023737.0, "LGB1911G_2": "ENFIELD", "LGB1911G_3": "P", "LGB1911G_4": "eng", "LGB1911G_5": "LG_DIST", "LGB1911G_6": "UD", "LGB1911G_7": "ENGLAND", "LGB1911G_8": 1911.0, "LGB1911G_9": "GBHGIS", "LGB1911_10": null, "LGB1911_11": null, "LGB1911_12": "y", "1911popGre": 10023737, "1911popG_1": "ENFIELD", "1911popG_2": "UD", "1911popG_3": 0, "F_AREA": 49331316.970200002 }, "geometry": { "type": "Polygon", "coordinates": [ [ [ -0.173222, 51.701366 ], [ -0.171381, 51.700743 ], [ -0.168593, 51.700546 ], [ -0.164843, 51.69972 ], [ -0.164201, 51.699578 ], [ -0.161814, 51.698889 ], [ -0.158989, 51.698605 ], [ -0.157268, 51.698585 ], [ -0.15572, 51.698246 ], [ -0.154706, 51.697559 ], [ -0.154117, 51.696419 ], [ -0.15343, 51.695487 ], [ -0.152519, 51.694259 ], [ -0.150198, 51.692924 ], [ -0.145293, 51.691536 ], [ -0.143992, 51.691272 ], [ -0.141385, 51.690888 ], [ -0.131397, 51.691623 ], [ -0.127216, 51.691703 ], [ -0.123534, 51.692117 ], [ -0.121687, 51.692427 ], [ -0.119397, 51.693166 ], [ -0.110439, 51.689455 ], [ -0.107705, 51.688781 ], [ -0.103659, 51.688102 ], [ -0.101322, 51.687032 ], [ -0.098992, 51.686718 ], [ -0.094724, 51.687591 ], [ -0.092522, 51.687542 ], [ -0.084442, 51.68684 ], [ -0.076718, 51.685677 ], [ -0.075419, 51.686292 ], [ -0.074283, 51.686501 ], [ -0.073038, 51.686093 ], [ -0.072002, 51.68531 ], [ -0.060413, 51.68201 ], [ -0.059158, 51.681835 ], [ -0.057664, 51.681714 ], [ -0.056437, 51.681861 ], [ -0.048213, 51.683104 ], [ -0.045619, 51.683394 ], [ -0.042837, 51.68286 ], [ -0.041125, 51.682468 ], [ -0.027059, 51.680975 ], [ -0.024203, 51.680958 ], [ -0.019025, 51.680632 ], [ -0.017875, 51.680276 ], [ -0.016418, 51.679588 ], [ -0.014411, 51.680459 ], [ -0.013438, 51.680429 ], [ -0.013619, 51.680226 ], [ -0.012435, 51.67958 ], [ -0.013509, 51.679282 ], [ -0.012475, 51.675431 ], [ -0.013424, 51.675674 ], [ -0.014856, 51.675519 ], [ -0.017757, 51.671779 ], [ -0.018186, 51.670943 ], [ -0.016994, 51.670418 ], [ -0.017347, 51.669668 ], [ -0.018243, 51.66937 ], [ -0.018772, 51.668947 ], [ -0.017645, 51.668142 ], [ -0.017431, 51.667704 ], [ -0.018232, 51.667431 ], [ -0.018905, 51.666924 ], [ -0.018652, 51.666311 ], [ -0.017286, 51.665675 ], [ -0.017037, 51.664975 ], [ -0.016189, 51.664206 ], [ -0.016355, 51.663573 ], [ -0.017392, 51.663188 ], [ -0.016126, 51.662439 ], [ -0.016224, 51.661197 ], [ -0.016718, 51.660512 ], [ -0.016515, 51.659814 ], [ -0.015682, 51.659797 ], [ -0.014021, 51.659678 ], [ -0.013469, 51.658538 ], [ -0.014664, 51.657635 ], [ -0.015578, 51.656843 ], [ -0.015756, 51.65592 ], [ -0.015241, 51.654984 ], [ -0.015732, 51.654328 ], [ -0.015298, 51.653653 ], [ -0.014305, 51.653055 ], [ -0.014156, 51.652184 ], [ -0.013462, 51.651129 ], [ -0.013656, 51.64983 ], [ -0.015722, 51.650245 ], [ -0.016209, 51.649705 ], [ -0.015345, 51.649312 ], [ -0.015741, 51.64874 ], [ -0.016528, 51.648755 ], [ -0.018408, 51.648184 ], [ -0.024426, 51.642699 ], [ -0.024506, 51.642626 ], [ -0.024797, 51.641271 ], [ -0.025296, 51.640531 ], [ -0.025325, 51.639864 ], [ -0.025222, 51.639021 ], [ -0.026082, 51.638494 ], [ -0.026961, 51.637563 ], [ -0.027459, 51.636824 ], [ -0.028432, 51.636915 ], [ -0.02858, 51.636745 ], [ -0.028618, 51.63695 ], [ -0.029951, 51.637318 ], [ -0.031842, 51.637738 ], [ -0.033414, 51.638 ], [ -0.034564, 51.638332 ], [ -0.036421, 51.638447 ], [ -0.037577, 51.638592 ], [ -0.039784, 51.639213 ], [ -0.041536, 51.639584 ], [ -0.043843, 51.640021 ], [ -0.04606, 51.640397 ], [ -0.048093, 51.640713 ], [ -0.051144, 51.641187 ], [ -0.05318, 51.641444 ], [ -0.054198, 51.641572 ], [ -0.055404, 51.641674 ], [ -0.056897, 51.641574 ], [ -0.058109, 51.6415 ], [ -0.06057, 51.641645 ], [ -0.063621, 51.642146 ], [ -0.066099, 51.642961 ], [ -0.067771, 51.643038 ], [ -0.069453, 51.642882 ], [ -0.070899, 51.64281 ], [ -0.072387, 51.642827 ], [ -0.074333, 51.643023 ], [ -0.075859, 51.643274 ], [ -0.077706, 51.643615 ], [ -0.078399, 51.643739 ], [ -0.079227, 51.643981 ], [ -0.081125, 51.645314 ], [ -0.081767, 51.645554 ], [ -0.084406, 51.645904 ], [ -0.085673, 51.645656 ], [ -0.088267, 51.645049 ], [ -0.088333, 51.645167 ], [ -0.096147, 51.641577 ], [ -0.097019, 51.641898 ], [ -0.098073, 51.642305 ], [ -0.100335, 51.641555 ], [ -0.101075, 51.641678 ], [ -0.109046, 51.644809 ], [ -0.109675, 51.645377 ], [ -0.109707, 51.645679 ], [ -0.109811, 51.646634 ], [ -0.109211, 51.648881 ], [ -0.109041, 51.649636 ], [ -0.108827, 51.650367 ], [ -0.108518, 51.651065 ], [ -0.107816, 51.652008 ], [ -0.110936, 51.654289 ], [ -0.112543, 51.655839 ], [ -0.11349, 51.655737 ], [ -0.114132, 51.655041 ], [ -0.113232, 51.654286 ], [ -0.112508, 51.653755 ], [ -0.111786, 51.65317 ], [ -0.11072, 51.650737 ], [ -0.111033, 51.649888 ], [ -0.110974, 51.649011 ], [ -0.111316, 51.648591 ], [ -0.112134, 51.647914 ], [ -0.111337, 51.64687 ], [ -0.111658, 51.646459 ], [ -0.111876, 51.646179 ], [ -0.112998, 51.646061 ], [ -0.113591, 51.646359 ], [ -0.114127, 51.646923 ], [ -0.114518, 51.647635 ], [ -0.114683, 51.648172 ], [ -0.114942, 51.648679 ], [ -0.116546, 51.64811 ], [ -0.117531, 51.647916 ], [ -0.118614, 51.647591 ], [ -0.119744, 51.647248 ], [ -0.12073, 51.647017 ], [ -0.121808, 51.646813 ], [ -0.123778, 51.646407 ], [ -0.12475, 51.64653 ], [ -0.125791, 51.647271 ], [ -0.126089, 51.647977 ], [ -0.126248, 51.648676 ], [ -0.126966, 51.649378 ], [ -0.128512, 51.650293 ], [ -0.13034, 51.651125 ], [ -0.129247, 51.65173 ], [ -0.126973, 51.65277 ], [ -0.126281, 51.653794 ], [ -0.126476, 51.654764 ], [ -0.126662, 51.65598 ], [ -0.127029, 51.657284 ], [ -0.127281, 51.657991 ], [ -0.127411, 51.659421 ], [ -0.127481, 51.660016 ], [ -0.127581, 51.661039 ], [ -0.128851, 51.66071 ], [ -0.131102, 51.660263 ], [ -0.132982, 51.659798 ], [ -0.136836, 51.658828 ], [ -0.138985, 51.658602 ], [ -0.14072, 51.658257 ], [ -0.143352, 51.657582 ], [ -0.144479, 51.657327 ], [ -0.149143, 51.65588 ], [ -0.149011, 51.655614 ], [ -0.148667, 51.654932 ], [ -0.148139, 51.654139 ], [ -0.147308, 51.652772 ], [ -0.146823, 51.65205 ], [ -0.146256, 51.651055 ], [ -0.145474, 51.649639 ], [ -0.144832, 51.648176 ], [ -0.14365, 51.646257 ], [ -0.142683, 51.644773 ], [ -0.142662, 51.644139 ], [ -0.143339, 51.643464 ], [ -0.144043, 51.642374 ], [ -0.14551, 51.641441 ], [ -0.145675, 51.641571 ], [ -0.14683, 51.642604 ], [ -0.148337, 51.644013 ], [ -0.149319, 51.645551 ], [ -0.150096, 51.646708 ], [ -0.150768, 51.648181 ], [ -0.151366, 51.649302 ], [ -0.151649, 51.650151 ], [ -0.152176, 51.651742 ], [ -0.152672, 51.653 ], [ -0.152871, 51.653683 ], [ -0.153324, 51.654331 ], [ -0.153346, 51.654362 ], [ -0.153803, 51.654373 ], [ -0.154587, 51.655481 ], [ -0.156062, 51.655886 ], [ -0.157405, 51.656095 ], [ -0.159262, 51.656602 ], [ -0.1605, 51.657201 ], [ -0.161411, 51.657734 ], [ -0.164122, 51.65815 ], [ -0.166628, 51.658724 ], [ -0.169068, 51.659185 ], [ -0.171505, 51.659773 ], [ -0.174379, 51.660405 ], [ -0.176657, 51.660936 ], [ -0.178816, 51.661546 ], [ -0.181078, 51.661979 ], [ -0.183199, 51.662465 ], [ -0.184761, 51.662598 ], [ -0.185716, 51.663001 ], [ -0.185483, 51.66376 ], [ -0.185159, 51.664554 ], [ -0.184894, 51.665508 ], [ -0.184523, 51.666855 ], [ -0.184072, 51.667728 ], [ -0.18349, 51.668482 ], [ -0.182859, 51.668966 ], [ -0.180169, 51.670956 ], [ -0.177148, 51.67208 ], [ -0.175933, 51.672176 ], [ -0.174489, 51.672219 ], [ -0.173258, 51.673994 ], [ -0.172075, 51.675704 ], [ -0.170901, 51.677212 ], [ -0.169923, 51.678436 ], [ -0.167459, 51.680771 ], [ -0.165806, 51.681404 ], [ -0.164663, 51.682047 ], [ -0.164567, 51.684576 ], [ -0.164873, 51.686327 ], [ -0.164846, 51.688227 ], [ -0.164801, 51.689417 ], [ -0.164699, 51.690841 ], [ -0.164599, 51.691872 ], [ -0.164396, 51.693244 ], [ -0.164394, 51.694544 ], [ -0.164328, 51.696249 ], [ -0.164145, 51.697431 ], [ -0.164476, 51.698505 ], [ -0.164951, 51.699072 ], [ -0.165234, 51.69941 ], [ -0.16625, 51.699683 ], [ -0.167321, 51.699697 ], [ -0.168313, 51.699363 ], [ -0.173621, 51.700763 ], [ -0.173222, 51.701366 ] ] ] } },
{ "type": "Feature", "properties": { "LGB1911Gre": "1513", "LGB1911G_1": 10074150.0, "LGB1911G_2": "EDMONTON", "LGB1911G_3": "P", "LGB1911G_4": "eng", "LGB1911G_5": "LG_DIST", "LGB1911G_6": "UD", "LGB1911G_7": "ENGLAND", "LGB1911G_8": 1911.0, "LGB1911G_9": "GBHGIS", "LGB1911_10": null, "LGB1911_11": null, "LGB1911_12": "y", "1911popGre": 10074150, "1911popG_1": "EDMONTON", "1911popG_2": "UD", "1911popG_3": 0, "F_AREA": 16036723.887700001 }, "geometry": { "type": "Polygon", "coordinates": [ [ [ -0.088267, 51.645049 ], [ -0.085673, 51.645656 ], [ -0.084406, 51.645904 ], [ -0.081767, 51.645554 ], [ -0.081125, 51.645314 ], [ -0.079227, 51.643981 ], [ -0.078399, 51.643739 ], [ -0.077706, 51.643615 ], [ -0.075859, 51.643274 ], [ -0.074333, 51.643023 ], [ -0.072387, 51.642827 ], [ -0.070899, 51.64281 ], [ -0.069453, 51.642882 ], [ -0.067771, 51.643038 ], [ -0.066099, 51.642961 ], [ -0.063621, 51.642146 ], [ -0.06057, 51.641645 ], [ -0.058109, 51.6415 ], [ -0.056897, 51.641574 ], [ -0.055404, 51.641674 ], [ -0.054198, 51.641572 ], [ -0.05318, 51.641444 ], [ -0.051144, 51.641187 ], [ -0.048093, 51.640713 ], [ -0.04606, 51.640397 ], [ -0.043843, 51.640021 ], [ -0.041536, 51.639584 ], [ -0.039784, 51.639213 ], [ -0.037577, 51.638592 ], [ -0.036421, 51.638447 ], [ -0.034564, 51.638332 ], [ -0.033414, 51.638 ], [ -0.031842, 51.637738 ], [ -0.029951, 51.637318 ], [ -0.028618, 51.63695 ], [ -0.02858, 51.636745 ], [ -0.029229, 51.635751 ], [ -0.027969, 51.634749 ], [ -0.02788, 51.633585 ], [ -0.028315, 51.632175 ], [ -0.029398, 51.629796 ], [ -0.027741, 51.62937 ], [ -0.026567, 51.628584 ], [ -0.026417, 51.626695 ], [ -0.025032, 51.626462 ], [ -0.026752, 51.625455 ], [ -0.027674, 51.625652 ], [ -0.028526, 51.625325 ], [ -0.027489, 51.623528 ], [ -0.026588, 51.622869 ], [ -0.026493, 51.621881 ], [ -0.027981, 51.621884 ], [ -0.028098, 51.621364 ], [ -0.030061, 51.620102 ], [ -0.030941, 51.62021 ], [ -0.031042, 51.618991 ], [ -0.031016, 51.618525 ], [ -0.031956, 51.618313 ], [ -0.033244, 51.617614 ], [ -0.03426, 51.616732 ], [ -0.034705, 51.618228 ], [ -0.036262, 51.617734 ], [ -0.037536, 51.617319 ], [ -0.038604, 51.617337 ], [ -0.038485, 51.616897 ], [ -0.037803, 51.616535 ], [ -0.037713, 51.615423 ], [ -0.039523, 51.614456 ], [ -0.040993, 51.61275 ], [ -0.0401, 51.611891 ], [ -0.03978, 51.609694 ], [ -0.038706, 51.609798 ], [ -0.037502, 51.609694 ], [ -0.037916, 51.607683 ], [ -0.036675, 51.608398 ], [ -0.034986, 51.606651 ], [ -0.034027, 51.606288 ], [ -0.034814, 51.605276 ], [ -0.036432, 51.605472 ], [ -0.038038, 51.60593 ], [ -0.040432, 51.606426 ], [ -0.042001, 51.606695 ], [ -0.043155, 51.606866 ], [ -0.04491, 51.607141 ], [ -0.046347, 51.607234 ], [ -0.050604, 51.607716 ], [ -0.052614, 51.608597 ], [ -0.059593, 51.609187 ], [ -0.063874, 51.608565 ], [ -0.06955, 51.608507 ], [ -0.082247, 51.607976 ], [ -0.085115, 51.608325 ], [ -0.086317, 51.608345 ], [ -0.088988, 51.608907 ], [ -0.091901, 51.608806 ], [ -0.093147, 51.609107 ], [ -0.093698, 51.609341 ], [ -0.095081, 51.609734 ], [ -0.096475, 51.609774 ], [ -0.096489, 51.610286 ], [ -0.096496, 51.610571 ], [ -0.096512, 51.611241 ], [ -0.096395, 51.611856 ], [ -0.09643, 51.613395 ], [ -0.096301, 51.61429 ], [ -0.096271, 51.615061 ], [ -0.09742, 51.615389 ], [ -0.098612, 51.615811 ], [ -0.099611, 51.616415 ], [ -0.099864, 51.617066 ], [ -0.097653, 51.618888 ], [ -0.097132, 51.620304 ], [ -0.096359, 51.621015 ], [ -0.095231, 51.621326 ], [ -0.093983, 51.621153 ], [ -0.092822, 51.621104 ], [ -0.092134, 51.623209 ], [ -0.091721, 51.625384 ], [ -0.091854, 51.626727 ], [ -0.090662, 51.628639 ], [ -0.090923, 51.629094 ], [ -0.091412, 51.629642 ], [ -0.091803, 51.630337 ], [ -0.091154, 51.631456 ], [ -0.090251, 51.631948 ], [ -0.089763, 51.632515 ], [ -0.089856, 51.633664 ], [ -0.090066, 51.634237 ], [ -0.090736, 51.634967 ], [ -0.091753, 51.635099 ], [ -0.092851, 51.635561 ], [ -0.092461, 51.636006 ], [ -0.091802, 51.636215 ], [ -0.091439, 51.637151 ], [ -0.092252, 51.63776 ], [ -0.092224, 51.638466 ], [ -0.091081, 51.638991 ], [ -0.089898, 51.639327 ], [ -0.088951, 51.640365 ], [ -0.088476, 51.641327 ], [ -0.088165, 51.642817 ], [ -0.08789, 51.643815 ], [ -0.088006, 51.644399 ], [ -0.088216, 51.644955 ], [ -0.088267, 51.645049 ] ] ] } },
{ "type": "Feature", "properties": { "LGB1911Gre": "1518", "LGB1911G_1": 10025904.0, "LGB1911G_2": "WEST HAM", "LGB1911G_3": "P", "LGB1911G_4": "eng", "LGB1911G_5": "LG_DIST", "LGB1911G_6": "CB", "LGB1911G_7": "ENGLAND", "LGB1911G_8": 1911.0, "LGB1911G_9": "GBHGIS", "LGB1911_10": null, "LGB1911_11": null, "LGB1911_12": "y", "1911popGre": 10025904, "1911popG_1": "WEST HAM", "1911popG_2": "CB", "1911popG_3": 289030, "F_AREA": 20596534.853500001 }, "geometry": { "type": "Polygon", "coordinates": [ [ [ 0.025561, 51.55543 ], [ 0.026393, 51.555155 ], [ 0.029259, 51.555074 ], [ 0.033016, 51.554742 ], [ 0.034714, 51.554709 ], [ 0.036462, 51.554763 ], [ 0.037204, 51.552781 ], [ 0.037222, 51.551451 ], [ 0.037185, 51.550786 ], [ 0.036222, 51.550428 ], [ 0.035559, 51.550354 ], [ 0.032138, 51.546483 ], [ 0.032482, 51.544879 ], [ 0.032746, 51.543418 ], [ 0.032998, 51.541456 ], [ 0.033346, 51.53949 ], [ 0.035663, 51.53722 ], [ 0.036875, 51.534626 ], [ 0.038097, 51.532232 ], [ 0.039177, 51.529122 ], [ 0.040175, 51.526964 ], [ 0.041092, 51.525039 ], [ 0.041218, 51.523364 ], [ 0.041517, 51.520733 ], [ 0.042083, 51.519013 ], [ 0.042872, 51.517274 ], [ 0.043566, 51.517558 ], [ 0.04398, 51.517493 ], [ 0.045105, 51.516246 ], [ 0.045964, 51.514704 ], [ 0.047846, 51.512228 ], [ 0.049132, 51.508711 ], [ 0.050043, 51.508435 ], [ 0.05115, 51.507149 ], [ 0.05184, 51.50528 ], [ 0.053788, 51.502872 ], [ 0.053865, 51.502732 ], [ 0.053794, 51.502644 ], [ 0.05372, 51.501979 ], [ 0.053783, 51.501155 ], [ 0.053516, 51.500521 ], [ 0.053253, 51.499617 ], [ 0.052854, 51.498608 ], [ 0.052797, 51.498022 ], [ 0.052712, 51.497574 ], [ 0.051491, 51.497502 ], [ 0.049687, 51.497705 ], [ 0.04629, 51.497726 ], [ 0.043812, 51.497985 ], [ 0.041987, 51.498118 ], [ 0.039868, 51.498135 ], [ 0.038152, 51.497941 ], [ 0.035496, 51.497682 ], [ 0.033617, 51.497364 ], [ 0.031532, 51.497146 ], [ 0.029173, 51.496711 ], [ 0.027781, 51.496689 ], [ 0.025819, 51.496681 ], [ 0.024928, 51.496608 ], [ 0.024169, 51.496567 ], [ 0.022774, 51.496558 ], [ 0.020212, 51.497183 ], [ 0.018288, 51.497884 ], [ 0.016782, 51.498542 ], [ 0.014605, 51.500018 ], [ 0.012707, 51.501405 ], [ 0.010835, 51.502891 ], [ 0.009272, 51.504024 ], [ 0.007788, 51.504973 ], [ 0.006794, 51.505597 ], [ 0.008247, 51.507081 ], [ 0.008695, 51.507598 ], [ 0.008887, 51.508385 ], [ 0.008774, 51.509005 ], [ 0.007607, 51.509448 ], [ 0.006692, 51.509599 ], [ 0.005899, 51.509661 ], [ 0.005286, 51.509942 ], [ 0.005401, 51.510502 ], [ 0.006008, 51.511173 ], [ 0.006496, 51.511942 ], [ 0.006737, 51.512759 ], [ 0.006698, 51.513429 ], [ 0.006327, 51.514147 ], [ 0.005372, 51.514361 ], [ 0.004327, 51.51381 ], [ 0.004156, 51.513039 ], [ 0.004112, 51.512411 ], [ 0.004082, 51.511931 ], [ 0.003896, 51.511424 ], [ 0.003695, 51.510934 ], [ 0.00281, 51.510493 ], [ 0.002044, 51.510575 ], [ 0.001706, 51.511105 ], [ 0.002315, 51.51232 ], [ 0.002634, 51.513007 ], [ 0.003011, 51.513751 ], [ 0.003237, 51.514228 ], [ 0.003372, 51.514825 ], [ 0.002585, 51.515567 ], [ 0.001968, 51.51584 ], [ 0.001249, 51.516102 ], [ 0.000333, 51.51645 ], [ -0.000507, 51.516733 ], [ -0.00134, 51.517171 ], [ -0.002099, 51.517631 ], [ -0.002729, 51.517844 ], [ -0.003626, 51.517793 ], [ -0.004498, 51.517049 ], [ -0.004929, 51.5166 ], [ -0.005573, 51.516333 ], [ -0.006087, 51.516975 ], [ -0.006254, 51.517561 ], [ -0.006733, 51.518174 ], [ -0.007548, 51.518821 ], [ -0.008301, 51.519167 ], [ -0.009076, 51.519528 ], [ -0.009545, 51.5203 ], [ -0.009364, 51.520845 ], [ -0.00906, 51.521287 ], [ -0.008867, 51.521757 ], [ -0.008451, 51.522327 ], [ -0.008356, 51.52305 ], [ -0.008589, 51.523859 ], [ -0.008528, 51.524545 ], [ -0.008322, 51.524977 ], [ -0.008041, 51.525516 ], [ -0.00846, 51.526386 ], [ -0.00901, 51.526977 ], [ -0.009538, 51.527602 ], [ -0.010272, 51.52803 ], [ -0.010911, 51.528508 ], [ -0.011184, 51.529077 ], [ -0.011838, 51.529319 ], [ -0.013462, 51.529462 ], [ -0.014449, 51.529722 ], [ -0.014625, 51.530342 ], [ -0.015155, 51.530824 ], [ -0.015885, 51.530999 ], [ -0.016662, 51.531338 ], [ -0.01695, 51.531914 ], [ -0.017344, 51.532288 ], [ -0.017891, 51.533086 ], [ -0.017923, 51.533527 ], [ -0.015443, 51.53468 ], [ -0.017887, 51.536515 ], [ -0.018672, 51.536709 ], [ -0.01975, 51.537041 ], [ -0.019508, 51.537643 ], [ -0.019377, 51.53852 ], [ -0.019108, 51.539069 ], [ -0.018605, 51.539398 ], [ -0.018248, 51.540216 ], [ -0.017252, 51.540748 ], [ -0.016843, 51.541279 ], [ -0.01613, 51.541948 ], [ -0.016319, 51.54258 ], [ -0.016487, 51.543335 ], [ -0.016654, 51.543889 ], [ -0.016852, 51.544486 ], [ -0.016743, 51.54512 ], [ -0.016523, 51.545695 ], [ -0.016423, 51.546392 ], [ -0.01652, 51.547 ], [ -0.016838, 51.548002 ], [ -0.017079, 51.548911 ], [ -0.017567, 51.549793 ], [ -0.017579, 51.550406 ], [ -0.017609, 51.550915 ], [ -0.017487, 51.551433 ], [ -0.015775, 51.551981 ], [ -0.009597, 51.551564 ], [ -0.009131, 51.550642 ], [ 0.00176, 51.552222 ], [ 0.004947, 51.552713 ], [ 0.009726, 51.551902 ], [ 0.011689, 51.552847 ], [ 0.014958, 51.553393 ], [ 0.016848, 51.553212 ], [ 0.018126, 51.553189 ], [ 0.019655, 51.55345 ], [ 0.020804, 51.553719 ], [ 0.023203, 51.554457 ], [ 0.024175, 51.555019 ], [ 0.025561, 51.55543 ] ] ] } },
{ "type": "Feature", "properties": { "LGB1911Gre": "1519", "LGB1911G_1": 10102431.0, "LGB1911G_2": "GREENFORD", "LGB1911G_3": "P", "LGB1911G_4": "eng", "LGB1911G_5": "LG_DIST", "LGB1911G_6": "UD", "LGB1911G_7": "ENGLAND", "LGB1911G_8": 1911.0, "LGB1911G_9": "GBHGIS", "LGB1911_10": null, "LGB1911_11": null, "LGB1911_12": "y", "1911popGre": 10102431, "1911popG_1": "GREENFORD", "1911popG_2": "UD", "1911popG_3": 0, "F_AREA": 12008192.786599999 }, "geometry": { "type": "MultiPolygon", "coordinates": [ [ [ [ -0.273319, 51.539423 ], [ -0.272836, 51.53852 ], [ -0.271858, 51.537119 ], [ -0.271054, 51.53598 ], [ -0.270164, 51.534491 ], [ -0.269778, 51.533182 ], [ -0.2708, 51.533138 ], [ -0.272748, 51.533048 ], [ -0.27436, 51.533358 ], [ -0.275427, 51.533227 ], [ -0.277622, 51.532416 ], [ -0.279603, 51.532907 ], [ -0.281175, 51.53325 ], [ -0.282579, 51.532924 ], [ -0.282791, 51.531827 ], [ -0.282813, 51.530901 ], [ -0.282375, 51.529735 ], [ -0.282106, 51.529267 ], [ -0.281376, 51.528648 ], [ -0.27995, 51.527989 ], [ -0.284886, 51.527809 ], [ -0.285068, 51.528102 ], [ -0.285195, 51.528743 ], [ -0.285461, 51.529474 ], [ -0.285822, 51.53012 ], [ -0.286985, 51.530611 ], [ -0.289277, 51.530986 ], [ -0.289879, 51.531407 ], [ -0.290934, 51.532536 ], [ -0.291204, 51.533065 ], [ -0.291429, 51.533506 ], [ -0.29114, 51.533937 ], [ -0.288349, 51.536916 ], [ -0.287773, 51.537276 ], [ -0.286838, 51.536901 ], [ -0.286133, 51.536795 ], [ -0.284797, 51.537397 ], [ -0.284531, 51.538461 ], [ -0.284235, 51.538946 ], [ -0.283185, 51.539648 ], [ -0.282285, 51.540183 ], [ -0.280626, 51.539578 ], [ -0.279837, 51.539479 ], [ -0.279821, 51.540028 ], [ -0.278004, 51.540261 ], [ -0.278105, 51.541448 ], [ -0.276435, 51.541628 ], [ -0.275731, 51.541996 ], [ -0.275553, 51.541791 ], [ -0.273983, 51.540357 ], [ -0.273319, 51.539423 ] ] ], [ [ [ -0.330101, 51.554535 ], [ -0.328482, 51.554422 ], [ -0.327501, 51.554523 ], [ -0.3261, 51.55338 ], [ -0.324717, 51.552931 ], [ -0.322697, 51.553369 ], [ -0.321577, 51.553557 ], [ -0.320473, 51.553457 ], [ -0.319535, 51.55258 ], [ -0.319758, 51.551602 ], [ -0.319772, 51.551232 ], [ -0.319782, 51.550968 ], [ -0.319499, 51.549839 ], [ -0.318702, 51.548846 ], [ -0.318339, 51.548639 ], [ -0.317965, 51.54875 ], [ -0.310621, 51.547437 ], [ -0.310332, 51.547386 ], [ -0.310063, 51.547337 ], [ -0.308992, 51.547467 ], [ -0.308159, 51.547542 ], [ -0.30716, 51.547096 ], [ -0.307136, 51.546431 ], [ -0.307304, 51.545507 ], [ -0.307581, 51.544005 ], [ -0.307734, 51.543133 ], [ -0.307748, 51.543052 ], [ -0.307792, 51.541516 ], [ -0.307402, 51.540612 ], [ -0.306871, 51.539735 ], [ -0.306537, 51.538877 ], [ -0.30652, 51.538834 ], [ -0.306176, 51.537955 ], [ -0.306246, 51.536939 ], [ -0.307256, 51.535061 ], [ -0.307168, 51.534523 ], [ -0.307009, 51.533544 ], [ -0.306611, 51.532548 ], [ -0.30652, 51.532459 ], [ -0.306795, 51.532579 ], [ -0.307764, 51.532651 ], [ -0.308692, 51.532489 ], [ -0.309116, 51.532058 ], [ -0.309269, 51.531273 ], [ -0.309464, 51.530692 ], [ -0.310305, 51.530325 ], [ -0.311043, 51.530598 ], [ -0.312011, 51.531079 ], [ -0.31244, 51.530414 ], [ -0.312679, 51.530009 ], [ -0.313636, 51.531247 ], [ -0.313438, 51.531973 ], [ -0.314366, 51.532103 ], [ -0.315677, 51.531509 ], [ -0.316727, 51.529686 ], [ -0.317471, 51.529579 ], [ -0.319232, 51.529398 ], [ -0.320558, 51.53035 ], [ -0.32032, 51.530784 ], [ -0.322475, 51.532037 ], [ -0.323405, 51.531961 ], [ -0.324785, 51.529938 ], [ -0.325582, 51.529452 ], [ -0.327481, 51.529886 ], [ -0.328072, 51.530769 ], [ -0.328524, 51.531562 ], [ -0.329358, 51.531662 ], [ -0.330058, 51.531439 ], [ -0.330891, 51.531539 ], [ -0.33213, 51.532257 ], [ -0.333027, 51.531251 ], [ -0.332912, 51.529644 ], [ -0.333059, 51.529034 ], [ -0.334536, 51.52897 ], [ -0.335185, 51.528631 ], [ -0.336011, 51.528645 ], [ -0.337379, 51.52902 ], [ -0.338122, 51.52836 ], [ -0.339079, 51.52864 ], [ -0.339816, 51.528418 ], [ -0.340729, 51.528637 ], [ -0.341534, 51.527595 ], [ -0.342538, 51.528107 ], [ -0.343553, 51.528296 ], [ -0.344819, 51.527784 ], [ -0.345803, 51.527386 ], [ -0.348381, 51.528066 ], [ -0.349221, 51.527697 ], [ -0.349787, 51.527207 ], [ -0.348658, 51.526165 ], [ -0.349309, 51.526028 ], [ -0.349872, 51.525655 ], [ -0.351157, 51.524119 ], [ -0.350476, 51.52364 ], [ -0.350717, 51.523232 ], [ -0.350767, 51.521179 ], [ -0.350084, 51.5207 ], [ -0.349204, 51.520687 ], [ -0.348755, 51.520065 ], [ -0.349455, 51.51984 ], [ -0.348456, 51.518916 ], [ -0.348746, 51.518363 ], [ -0.348897, 51.517865 ], [ -0.349775, 51.518053 ], [ -0.350701, 51.518066 ], [ -0.351949, 51.518171 ], [ -0.352921, 51.518184 ], [ -0.354495, 51.518206 ], [ -0.355652, 51.518339 ], [ -0.357495, 51.518864 ], [ -0.359104, 51.519385 ], [ -0.360993, 51.51988 ], [ -0.363202, 51.520526 ], [ -0.364213, 51.520892 ], [ -0.365669, 51.521938 ], [ -0.365563, 51.522436 ], [ -0.365216, 51.523253 ], [ -0.364634, 51.524125 ], [ -0.364617, 51.52474 ], [ -0.36574, 51.526075 ], [ -0.366778, 51.527144 ], [ -0.367409, 51.527798 ], [ -0.367468, 51.528941 ], [ -0.366835, 51.529986 ], [ -0.36652, 51.531925 ], [ -0.366437, 51.532437 ], [ -0.36564, 51.534208 ], [ -0.365374, 51.535314 ], [ -0.365308, 51.535926 ], [ -0.365245, 51.536479 ], [ -0.364398, 51.536788 ], [ -0.363506, 51.537039 ], [ -0.362847, 51.537292 ], [ -0.362463, 51.537666 ], [ -0.362627, 51.538367 ], [ -0.362035, 51.539408 ], [ -0.360848, 51.540207 ], [ -0.360047, 51.540547 ], [ -0.358973, 51.540824 ], [ -0.357529, 51.541185 ], [ -0.357101, 51.541529 ], [ -0.358594, 51.542505 ], [ -0.358835, 51.543611 ], [ -0.35862, 51.544507 ], [ -0.358889, 51.546133 ], [ -0.357464, 51.547274 ], [ -0.354905, 51.549035 ], [ -0.353143, 51.55063 ], [ -0.351864, 51.551794 ], [ -0.3501, 51.552629 ], [ -0.349452, 51.552878 ], [ -0.348245, 51.553405 ], [ -0.346489, 51.554964 ], [ -0.346601, 51.555685 ], [ -0.346492, 51.556144 ], [ -0.345395, 51.557023 ], [ -0.344304, 51.557671 ], [ -0.343352, 51.558263 ], [ -0.342596, 51.558627 ], [ -0.341926, 51.559136 ], [ -0.340898, 51.558175 ], [ -0.33732, 51.557321 ], [ -0.335002, 51.556888 ], [ -0.332821, 51.55613 ], [ -0.331696, 51.55525 ], [ -0.330101, 51.554535 ] ] ] ] } },
{ "type": "Feature", "properties": { "LGB1911Gre": "1520", "LGB1911G_1": 10061702.0, "LGB1911G_2": "BARKING TOWN", "LGB1911G_3": "O", "LGB1911G_4": "eng", "LGB1911G_5": "LG_DIST", "LGB1911G_6": "UD", "LGB1911G_7": "ENGLAND", "LGB1911G_8": 1911.0, "LGB1911G_9": "GBHGIS", "LGB1911_10": null, "LGB1911_11": null, "LGB1911_12": "y", "1911popGre": 10061702, "1911popG_1": "BARKING TOWN", "1911popG_2": "UD", "1911popG_3": 0, "F_AREA": 16815007.8281 }, "geometry": { "type": "Polygon", "coordinates": [ [ [ 0.125411, 51.550874 ], [ 0.128266, 51.551085 ], [ 0.129566, 51.551352 ], [ 0.130078, 51.551487 ], [ 0.130037, 51.549086 ], [ 0.130244, 51.547027 ], [ 0.130195, 51.545321 ], [ 0.130154, 51.544598 ], [ 0.130772, 51.542532 ], [ 0.131214, 51.541425 ], [ 0.131549, 51.54084 ], [ 0.133145, 51.540667 ], [ 0.134287, 51.54056 ], [ 0.133792, 51.539122 ], [ 0.133821, 51.537993 ], [ 0.13534, 51.536432 ], [ 0.135721, 51.535065 ], [ 0.135961, 51.533614 ], [ 0.136146, 51.531208 ], [ 0.135968, 51.528896 ], [ 0.135984, 51.526755 ], [ 0.135731, 51.523923 ], [ 0.134816, 51.521596 ], [ 0.134336, 51.520419 ], [ 0.134002, 51.519412 ], [ 0.13439, 51.518161 ], [ 0.134727, 51.517634 ], [ 0.133235, 51.515664 ], [ 0.133163, 51.515202 ], [ 0.13299, 51.514598 ], [ 0.130328, 51.515399 ], [ 0.126878, 51.515258 ], [ 0.123634, 51.514679 ], [ 0.121163, 51.514029 ], [ 0.118804, 51.513 ], [ 0.118762, 51.513038 ], [ 0.118305, 51.513841 ], [ 0.117386, 51.513772 ], [ 0.11471, 51.512985 ], [ 0.112202, 51.512472 ], [ 0.111175, 51.512125 ], [ 0.109273, 51.511877 ], [ 0.107383, 51.511606 ], [ 0.105499, 51.511593 ], [ 0.103483, 51.51148 ], [ 0.101826, 51.511585 ], [ 0.100488, 51.51159 ], [ 0.09938, 51.511653 ], [ 0.097879, 51.511479 ], [ 0.096889, 51.511385 ], [ 0.096141, 51.511356 ], [ 0.096239, 51.512865 ], [ 0.096285, 51.513663 ], [ 0.096139, 51.514868 ], [ 0.095211, 51.514839 ], [ 0.095142, 51.516313 ], [ 0.094787, 51.516951 ], [ 0.093897, 51.517264 ], [ 0.09438, 51.517832 ], [ 0.094115, 51.518452 ], [ 0.093969, 51.518894 ], [ 0.09288, 51.518819 ], [ 0.092111, 51.518851 ], [ 0.091306, 51.518685 ], [ 0.090212, 51.518289 ], [ 0.089524, 51.51797 ], [ 0.088208, 51.517839 ], [ 0.087275, 51.517773 ], [ 0.086006, 51.517646 ], [ 0.084572, 51.517154 ], [ 0.083792, 51.516891 ], [ 0.083063, 51.516593 ], [ 0.082189, 51.516233 ], [ 0.08206, 51.515568 ], [ 0.082403, 51.515136 ], [ 0.082935, 51.514651 ], [ 0.083324, 51.51398 ], [ 0.083042, 51.513289 ], [ 0.082583, 51.512716 ], [ 0.08196, 51.512232 ], [ 0.081359, 51.511893 ], [ 0.079454, 51.511885 ], [ 0.077911, 51.512424 ], [ 0.077225, 51.512804 ], [ 0.075838, 51.513193 ], [ 0.074162, 51.512826 ], [ 0.073165, 51.512318 ], [ 0.072451, 51.511776 ], [ 0.071756, 51.511315 ], [ 0.070575, 51.513216 ], [ 0.068977, 51.516598 ], [ 0.067655, 51.51856 ], [ 0.066571, 51.522017 ], [ 0.069687, 51.522323 ], [ 0.071923, 51.523543 ], [ 0.073181, 51.524901 ], [ 0.073812, 51.527456 ], [ 0.072208, 51.530263 ], [ 0.071261, 51.531612 ], [ 0.07099, 51.533293 ], [ 0.069524, 51.534624 ], [ 0.067562, 51.535534 ], [ 0.066566, 51.537722 ], [ 0.067443, 51.539899 ], [ 0.067033, 51.540652 ], [ 0.066679, 51.541302 ], [ 0.069948, 51.543632 ], [ 0.072194, 51.54347 ], [ 0.073891, 51.5431 ], [ 0.074607, 51.543945 ], [ 0.076423, 51.543949 ], [ 0.076608, 51.543307 ], [ 0.080173, 51.544328 ], [ 0.080491, 51.544868 ], [ 0.085608, 51.546308 ], [ 0.08742, 51.5464 ], [ 0.089272, 51.547041 ], [ 0.090011, 51.547685 ], [ 0.090808, 51.548471 ], [ 0.091248, 51.547534 ], [ 0.090974, 51.546934 ], [ 0.089809, 51.546187 ], [ 0.088444, 51.54585 ], [ 0.089125, 51.54505 ], [ 0.089733, 51.544512 ], [ 0.093919, 51.54555 ], [ 0.099503, 51.547562 ], [ 0.101136, 51.547893 ], [ 0.103156, 51.549746 ], [ 0.105531, 51.550838 ], [ 0.109086, 51.551117 ], [ 0.112888, 51.550465 ], [ 0.118672, 51.55005 ], [ 0.120258, 51.549556 ], [ 0.123908, 51.550206 ], [ 0.125411, 51.550874 ] ] ] } },
{ "type": "Feature", "properties": { "LGB1911Gre": "1524", "LGB1911G_1": 10041958.0, "LGB1911G_2": "TWICKENHAM", "LGB1911G_3": "P", "LGB1911G_4": "eng", "LGB1911G_5": "LG_DIST", "LGB1911G_6": "UD", "LGB1911G_7": "ENGLAND", "LGB1911G_8": 1911.0, "LGB1911G_9": "GBHGIS", "LGB1911_10": null, "LGB1911_11": null, "LGB1911_12": null, "1911popGre": 10041958, "1911popG_1": "TWICKENHAM", "1911popG_2": "UD", "1911popG_3": 0, "F_AREA": 8540153.5493199993 }, "geometry": { "type": "Polygon", "coordinates": [ [ [ -0.385366, 51.450942 ], [ -0.377412, 51.456268 ], [ -0.375406, 51.457205 ], [ -0.374628, 51.457466 ], [ -0.37307, 51.457987 ], [ -0.372133, 51.458359 ], [ -0.37087, 51.458549 ], [ -0.369142, 51.458302 ], [ -0.367133, 51.457706 ], [ -0.365259, 51.457306 ], [ -0.363331, 51.457205 ], [ -0.361252, 51.457979 ], [ -0.360778, 51.458286 ], [ -0.359984, 51.458691 ], [ -0.358586, 51.458955 ], [ -0.357249, 51.458904 ], [ -0.355572, 51.458413 ], [ -0.35353, 51.457204 ], [ -0.351909, 51.457103 ], [ -0.35009, 51.457232 ], [ -0.349052, 51.457147 ], [ -0.347825, 51.456726 ], [ -0.346612, 51.456271 ], [ -0.345725, 51.456129 ], [ -0.345216, 51.456177 ], [ -0.343782, 51.456102 ], [ -0.34251, 51.455754 ], [ -0.34127, 51.455269 ], [ -0.34027, 51.454692 ], [ -0.339289, 51.453447 ], [ -0.338632, 51.45294 ], [ -0.33702, 51.45264 ], [ -0.334448, 51.452804 ], [ -0.332472, 51.453102 ], [ -0.332087, 51.453867 ], [ -0.330339, 51.456021 ], [ -0.329299, 51.456128 ], [ -0.328162, 51.455971 ], [ -0.327444, 51.455522 ], [ -0.326314, 51.454922 ], [ -0.324719, 51.455751 ], [ -0.322633, 51.456766 ], [ -0.320566, 51.456505 ], [ -0.314713, 51.456466 ], [ -0.3072, 51.458632 ], [ -0.304396, 51.453038 ], [ -0.304487, 51.452589 ], [ -0.30517, 51.451244 ], [ -0.313225, 51.447252 ], [ -0.319746, 51.445968 ], [ -0.320536, 51.445821 ], [ -0.328245, 51.444833 ], [ -0.331299, 51.444117 ], [ -0.33323, 51.442588 ], [ -0.330547, 51.437633 ], [ -0.330163, 51.436215 ], [ -0.327828, 51.433512 ], [ -0.326817, 51.433155 ], [ -0.327249, 51.43312 ], [ -0.328553, 51.432959 ], [ -0.329969, 51.432916 ], [ -0.331932, 51.432905 ], [ -0.333292, 51.432994 ], [ -0.33877, 51.435401 ], [ -0.341778, 51.436076 ], [ -0.342792, 51.436149 ], [ -0.347774, 51.436873 ], [ -0.350086, 51.437089 ], [ -0.352156, 51.437371 ], [ -0.353793, 51.437649 ], [ -0.361057, 51.44178 ], [ -0.362587, 51.442633 ], [ -0.364273, 51.44314 ], [ -0.36513, 51.443361 ], [ -0.365704, 51.443678 ], [ -0.366703, 51.443878 ], [ -0.367507, 51.443923 ], [ -0.36836, 51.44428 ], [ -0.369901, 51.445141 ], [ -0.370557, 51.445336 ], [ -0.378275, 51.44514 ], [ -0.385087, 51.450071 ], [ -0.385212, 51.450461 ], [ -0.385366, 51.450942 ] ] ] } },
{ "type": "Feature", "properties": { "LGB1911Gre": "1527", "LGB1911G_1": 10135485.0, "LGB1911G_2": "BROMLEY", "LGB1911G_3": "P", "LGB1911G_4": "eng", "LGB1911G_5": "LG_DIST", "LGB1911G_6": "RD", "LGB1911G_7": "ENGLAND", "LGB1911G_8": 1911.0, "LGB1911G_9": "GBHGIS", "LGB1911_10": null, "LGB1911_11": null, "LGB1911_12": null, "1911popGre": 10135485, "1911popG_1": "BROMLEY", "1911popG_2": "RD", "1911popG_3": 0, "F_AREA": 115394874.164 }, "geometry": { "type": "MultiPolygon", "coordinates": [ [ [ [ 0.153039, 51.43498 ], [ 0.155794, 51.432664 ], [ 0.155542, 51.430641 ], [ 0.155014, 51.430127 ], [ 0.154357, 51.428456 ], [ 0.152718, 51.426594 ], [ 0.152244, 51.423445 ], [ 0.152337, 51.420609 ], [ 0.150109, 51.419158 ], [ 0.15046, 51.417129 ], [ 0.150481, 51.414901 ], [ 0.150014, 51.413373 ], [ 0.149668, 51.411294 ], [ 0.152577, 51.410886 ], [ 0.152598, 51.408687 ], [ 0.153003, 51.408306 ], [ 0.159516, 51.407452 ], [ 0.159629, 51.40667 ], [ 0.159574, 51.405011 ], [ 0.159571, 51.404905 ], [ 0.158906, 51.403003 ], [ 0.157671, 51.400703 ], [ 0.158116, 51.397282 ], [ 0.159526, 51.393563 ], [ 0.159798, 51.392945 ], [ 0.161166, 51.38984 ], [ 0.161907, 51.388385 ], [ 0.162795, 51.387159 ], [ 0.160824, 51.386427 ], [ 0.153112, 51.383003 ], [ 0.153108, 51.378844 ], [ 0.152721, 51.376974 ], [ 0.153528, 51.374208 ], [ 0.153654, 51.373128 ], [ 0.154953, 51.371516 ], [ 0.154692, 51.369143 ], [ 0.153738, 51.366983 ], [ 0.15084, 51.363929 ], [ 0.150061, 51.361924 ], [ 0.150292, 51.360446 ], [ 0.147861, 51.359915 ], [ 0.1494, 51.358338 ], [ 0.145881, 51.355273 ], [ 0.143475, 51.353377 ], [ 0.141757, 51.35157 ], [ 0.141589, 51.349405 ], [ 0.139494, 51.348164 ], [ 0.137721, 51.346656 ], [ 0.137814, 51.343938 ], [ 0.135587, 51.344467 ], [ 0.130012, 51.345659 ], [ 0.126982, 51.345939 ], [ 0.123504, 51.345359 ], [ 0.11842, 51.343873 ], [ 0.116138, 51.340982 ], [ 0.117773, 51.33706 ], [ 0.119567, 51.33454 ], [ 0.122982, 51.330436 ], [ 0.124618, 51.327949 ], [ 0.12486, 51.327543 ], [ 0.126524, 51.325818 ], [ 0.129315, 51.320695 ], [ 0.130237, 51.31936 ], [ 0.132473, 51.317386 ], [ 0.133923, 51.315128 ], [ 0.132825, 51.311553 ], [ 0.130042, 51.311068 ], [ 0.127415, 51.311015 ], [ 0.121906, 51.310251 ], [ 0.117631, 51.30902 ], [ 0.116184, 51.308603 ], [ 0.115483, 51.308487 ], [ 0.112771, 51.307304 ], [ 0.110788, 51.306225 ], [ 0.108752, 51.304859 ], [ 0.106781, 51.303711 ], [ 0.104177, 51.302391 ], [ 0.098364, 51.299101 ], [ 0.095319, 51.298297 ], [ 0.094063, 51.297813 ], [ 0.091185, 51.296435 ], [ 0.08735, 51.293833 ], [ 0.085737, 51.292439 ], [ 0.082037, 51.291377 ], [ 0.080851, 51.290973 ], [ 0.07804, 51.291074 ], [ 0.075632, 51.291028 ], [ 0.072257, 51.290982 ], [ 0.064327, 51.289048 ], [ 0.062001, 51.289544 ], [ 0.059064, 51.28924 ], [ 0.057077, 51.288381 ], [ 0.055813, 51.28944 ], [ 0.053458, 51.29323 ], [ 0.051861, 51.295121 ], [ 0.047423, 51.297807 ], [ 0.045237, 51.297786 ], [ 0.045439, 51.298786 ], [ 0.044528, 51.301492 ], [ 0.039892, 51.30385 ], [ 0.033127, 51.306048 ], [ 0.030608, 51.307023 ], [ 0.027472, 51.30582 ], [ 0.024535, 51.303811 ], [ 0.023061, 51.301907 ], [ 0.022632, 51.300738 ], [ 0.02099, 51.299627 ], [ 0.02038, 51.297597 ], [ 0.02064, 51.295076 ], [ 0.018546, 51.292958 ], [ 0.017527, 51.292475 ], [ 0.015661, 51.291732 ], [ 0.014104, 51.293358 ], [ 0.011762, 51.299422 ], [ 0.007728, 51.308834 ], [ 0.008009, 51.315807 ], [ 0.00601, 51.329284 ], [ 0.003047, 51.334013 ], [ 0.001121, 51.336965 ], [ -0.000889, 51.342131 ], [ -0.00235, 51.347254 ], [ -0.004325, 51.349543 ], [ -0.005533, 51.350453 ], [ -0.006666, 51.351316 ], [ -0.008894, 51.352292 ], [ -0.009895, 51.354126 ], [ -0.013008, 51.356667 ], [ -0.019349, 51.360388 ], [ -0.021367, 51.363149 ], [ -0.021071, 51.36651 ], [ -0.022838, 51.37137 ], [ -0.024883, 51.374405 ], [ -0.024808, 51.375184 ], [ -0.023958, 51.37864 ], [ -0.024031, 51.380873 ], [ -0.022724, 51.381292 ], [ -0.018082, 51.382643 ], [ -0.015552, 51.38303 ], [ -0.013716, 51.384245 ], [ -0.011601, 51.385063 ], [ -0.009032, 51.38594 ], [ -0.006372, 51.386878 ], [ -0.004431, 51.387483 ], [ -0.003573, 51.387724 ], [ -0.00127, 51.38866 ], [ 0.000258, 51.390504 ], [ 0.002448, 51.390901 ], [ 0.002886, 51.39098 ], [ 0.00588, 51.39094 ], [ 0.00733, 51.392199 ], [ 0.009829, 51.39372 ], [ 0.013559, 51.394535 ], [ 0.016065, 51.395471 ], [ 0.0177, 51.39504 ], [ 0.017924, 51.394591 ], [ 0.01959, 51.392607 ], [ 0.020712, 51.390747 ], [ 0.022828, 51.38843 ], [ 0.02516, 51.384794 ], [ 0.025011, 51.382455 ], [ 0.02703, 51.379301 ], [ 0.030492, 51.376125 ], [ 0.030846, 51.374448 ], [ 0.030432, 51.372022 ], [ 0.031057, 51.369751 ], [ 0.032088, 51.368145 ], [ 0.032085, 51.366295 ], [ 0.035004, 51.366321 ], [ 0.037756, 51.366555 ], [ 0.040539, 51.366648 ], [ 0.044615, 51.367132 ], [ 0.047077, 51.367353 ], [ 0.048824, 51.367508 ], [ 0.048861, 51.367649 ], [ 0.049371, 51.369966 ], [ 0.051769, 51.371435 ], [ 0.054943, 51.374836 ], [ 0.05688, 51.376209 ], [ 0.057021, 51.378966 ], [ 0.058558, 51.380656 ], [ 0.060865, 51.381779 ], [ 0.062331, 51.3838 ], [ 0.063398, 51.385095 ], [ 0.063947, 51.385501 ], [ 0.065502, 51.384784 ], [ 0.068038, 51.384639 ], [ 0.07028, 51.385157 ], [ 0.073622, 51.385226 ], [ 0.075987, 51.385193 ], [ 0.077479, 51.386936 ], [ 0.07922, 51.390266 ], [ 0.079094, 51.390623 ], [ 0.078648, 51.391863 ], [ 0.080173, 51.394421 ], [ 0.08251, 51.39462 ], [ 0.083337, 51.395254 ], [ 0.084367, 51.396045 ], [ 0.087057, 51.396066 ], [ 0.086042, 51.397824 ], [ 0.085105, 51.40122 ], [ 0.082986, 51.402996 ], [ 0.082301, 51.404944 ], [ 0.081989, 51.406828 ], [ 0.0846, 51.407271 ], [ 0.087075, 51.407798 ], [ 0.086395, 51.409773 ], [ 0.088902, 51.411349 ], [ 0.091203, 51.41223 ], [ 0.093717, 51.411046 ], [ 0.094969, 51.409413 ], [ 0.097784, 51.40859 ], [ 0.098697, 51.406133 ], [ 0.10187, 51.406852 ], [ 0.106084, 51.408257 ], [ 0.10861, 51.407883 ], [ 0.107874, 51.409283 ], [ 0.105099, 51.40975 ], [ 0.101543, 51.410345 ], [ 0.098162, 51.410496 ], [ 0.09794, 51.412571 ], [ 0.098441, 51.413758 ], [ 0.099044, 51.413751 ], [ 0.10158, 51.413261 ], [ 0.101857, 51.413174 ], [ 0.101796, 51.412685 ], [ 0.104881, 51.4119 ], [ 0.105899, 51.411832 ], [ 0.108728, 51.411798 ], [ 0.11109, 51.411656 ], [ 0.11174, 51.411591 ], [ 0.112435, 51.411583 ], [ 0.115143, 51.410859 ], [ 0.117442, 51.411675 ], [ 0.119163, 51.413307 ], [ 0.119383, 51.414375 ], [ 0.119243, 51.415824 ], [ 0.119433, 51.417413 ], [ 0.122872, 51.421947 ], [ 0.124673, 51.423142 ], [ 0.126625, 51.424683 ], [ 0.123782, 51.425756 ], [ 0.119908, 51.427939 ], [ 0.121809, 51.429336 ], [ 0.123089, 51.431607 ], [ 0.124377, 51.431304 ], [ 0.12443, 51.431322 ], [ 0.126818, 51.432145 ], [ 0.129731, 51.431795 ], [ 0.131637, 51.433336 ], [ 0.134438, 51.433855 ], [ 0.13663, 51.432761 ], [ 0.139696, 51.432843 ], [ 0.142505, 51.435039 ], [ 0.144869, 51.434955 ], [ 0.150715, 51.43489 ], [ 0.153039, 51.43498 ] ] ], [ [ [ 0.053972, 51.419817 ], [ 0.054308, 51.419492 ], [ 0.052942, 51.420456 ], [ 0.05061, 51.422219 ], [ 0.048509, 51.423004 ], [ 0.044427, 51.423608 ], [ 0.040775, 51.424338 ], [ 0.039213, 51.424691 ], [ 0.039008, 51.425713 ], [ 0.038451, 51.427377 ], [ 0.038021, 51.429591 ], [ 0.037688, 51.431047 ], [ 0.03532, 51.431106 ], [ 0.032923, 51.432729 ], [ 0.030798, 51.434061 ], [ 0.028849, 51.434985 ], [ 0.026452, 51.435699 ], [ 0.025862, 51.437381 ], [ 0.025308, 51.439493 ], [ 0.027402, 51.440475 ], [ 0.02977, 51.441773 ], [ 0.030202, 51.443842 ], [ 0.032555, 51.444153 ], [ 0.035806, 51.442649 ], [ 0.03892, 51.44128 ], [ 0.041422, 51.439716 ], [ 0.043319, 51.437483 ], [ 0.046399, 51.435234 ], [ 0.047821, 51.434118 ], [ 0.050024, 51.43229 ], [ 0.05205, 51.430369 ], [ 0.053624, 51.428639 ], [ 0.055885, 51.426814 ], [ 0.057602, 51.425841 ], [ 0.0588, 51.424566 ], [ 0.057403, 51.424577 ], [ 0.056332, 51.42251 ], [ 0.056543, 51.42081 ], [ 0.053972, 51.419817 ] ] ] ] } },
{ "type": "Feature", "properties": { "LGB1911Gre": "1531", "LGB1911G_1": 10025874.0, "LGB1911G_2": "HENDON", "LGB1911G_3": "P", "LGB1911G_4": "eng", "LGB1911G_5": "LG_DIST", "LGB1911G_6": "RD", "LGB1911G_7": "ENGLAND", "LGB1911G_8": 1911.0, "LGB1911G_9": "GBHGIS", "LGB1911_10": null, "LGB1911_11": null, "LGB1911_12": "y", "1911popGre": 10025874, "1911popG_1": "HENDON", "1911popG_2": "RD", "1911popG_3": 0, "F_AREA": 45827295.751999997 }, "geometry": { "type": "Polygon", "coordinates": [ [ [ -0.29796, 51.643708 ], [ -0.295816, 51.643638 ], [ -0.290109, 51.642271 ], [ -0.28829, 51.642105 ], [ -0.286835, 51.642182 ], [ -0.281383, 51.643495 ], [ -0.279796, 51.644341 ], [ -0.278116, 51.644063 ], [ -0.276847, 51.643806 ], [ -0.275569, 51.643557 ], [ -0.272653, 51.643281 ], [ -0.271637, 51.643385 ], [ -0.269659, 51.643582 ], [ -0.268221, 51.643702 ], [ -0.266266, 51.643867 ], [ -0.264613, 51.64384 ], [ -0.26298, 51.643505 ], [ -0.260856, 51.642762 ], [ -0.260194, 51.642384 ], [ -0.259547, 51.640989 ], [ -0.260053, 51.63984 ], [ -0.260535, 51.638085 ], [ -0.260367, 51.636292 ], [ -0.260321, 51.634991 ], [ -0.260907, 51.634219 ], [ -0.261921, 51.633194 ], [ -0.262616, 51.631962 ], [ -0.262846, 51.629423 ], [ -0.262722, 51.627717 ], [ -0.262556, 51.627166 ], [ -0.262729, 51.626244 ], [ -0.263181, 51.625297 ], [ -0.26409, 51.624588 ], [ -0.266114, 51.622624 ], [ -0.267112, 51.620702 ], [ -0.26748, 51.619523 ], [ -0.268055, 51.617769 ], [ -0.268686, 51.617027 ], [ -0.269978, 51.616006 ], [ -0.271501, 51.614988 ], [ -0.273556, 51.613428 ], [ -0.273966, 51.612365 ], [ -0.272974, 51.611513 ], [ -0.272017, 51.610979 ], [ -0.271867, 51.609966 ], [ -0.272183, 51.608931 ], [ -0.272623, 51.60833 ], [ -0.27356, 51.608113 ], [ -0.275138, 51.608193 ], [ -0.275923, 51.608348 ], [ -0.277126, 51.60851 ], [ -0.276285, 51.607314 ], [ -0.275023, 51.606198 ], [ -0.270178, 51.602576 ], [ -0.278553, 51.599866 ], [ -0.280477, 51.59695 ], [ -0.282991, 51.595628 ], [ -0.289459, 51.593813 ], [ -0.292113, 51.593647 ], [ -0.294017, 51.594943 ], [ -0.297431, 51.594621 ], [ -0.298329, 51.595558 ], [ -0.305129, 51.59401 ], [ -0.305128, 51.592857 ], [ -0.307017, 51.593112 ], [ -0.309628, 51.592742 ], [ -0.31057, 51.591257 ], [ -0.309707, 51.590756 ], [ -0.308468, 51.58927 ], [ -0.308069, 51.588862 ], [ -0.307566, 51.587589 ], [ -0.3076, 51.586784 ], [ -0.308333, 51.586966 ], [ -0.309225, 51.587783 ], [ -0.310019, 51.587679 ], [ -0.311481, 51.58724 ], [ -0.312196, 51.586847 ], [ -0.312901, 51.586627 ], [ -0.314211, 51.586415 ], [ -0.315581, 51.586952 ], [ -0.316874, 51.588265 ], [ -0.318911, 51.589588 ], [ -0.320533, 51.589668 ], [ -0.323923, 51.589742 ], [ -0.325864, 51.590029 ], [ -0.327696, 51.590659 ], [ -0.328602, 51.591248 ], [ -0.329128, 51.592033 ], [ -0.329078, 51.5933 ], [ -0.328986, 51.594481 ], [ -0.330142, 51.59588 ], [ -0.330958, 51.596411 ], [ -0.33213, 51.597408 ], [ -0.332387, 51.599287 ], [ -0.332347, 51.600413 ], [ -0.33231, 51.601451 ], [ -0.332632, 51.602871 ], [ -0.333568, 51.604039 ], [ -0.334573, 51.603215 ], [ -0.33547, 51.602823 ], [ -0.33641, 51.602519 ], [ -0.337786, 51.603057 ], [ -0.338959, 51.602727 ], [ -0.338979, 51.602149 ], [ -0.336974, 51.599611 ], [ -0.338369, 51.599601 ], [ -0.339861, 51.599506 ], [ -0.342044, 51.599536 ], [ -0.344641, 51.599687 ], [ -0.347657, 51.599843 ], [ -0.349094, 51.599921 ], [ -0.350023, 51.599933 ], [ -0.350531, 51.59867 ], [ -0.350485, 51.598641 ], [ -0.349685, 51.597563 ], [ -0.348698, 51.597896 ], [ -0.347666, 51.598227 ], [ -0.346353, 51.598556 ], [ -0.344407, 51.598385 ], [ -0.344285, 51.597893 ], [ -0.344258, 51.597345 ], [ -0.345515, 51.597276 ], [ -0.346497, 51.597087 ], [ -0.347027, 51.596575 ], [ -0.346049, 51.595323 ], [ -0.345295, 51.594333 ], [ -0.344151, 51.593828 ], [ -0.34341, 51.59376 ], [ -0.342187, 51.59288 ], [ -0.341844, 51.592069 ], [ -0.340527, 51.591216 ], [ -0.339871, 51.588849 ], [ -0.340058, 51.586323 ], [ -0.342, 51.586608 ], [ -0.34242, 51.58782 ], [ -0.343675, 51.587809 ], [ -0.345371, 51.5872 ], [ -0.344001, 51.585343 ], [ -0.344389, 51.584918 ], [ -0.344603, 51.584203 ], [ -0.344384, 51.583827 ], [ -0.345915, 51.583904 ], [ -0.347067, 51.58412 ], [ -0.351818, 51.584389 ], [ -0.352027, 51.583732 ], [ -0.352059, 51.582843 ], [ -0.356169, 51.583558 ], [ -0.356859, 51.582449 ], [ -0.357305, 51.581651 ], [ -0.358525, 51.579975 ], [ -0.361464, 51.579553 ], [ -0.361497, 51.578636 ], [ -0.361715, 51.577722 ], [ -0.364055, 51.576006 ], [ -0.364471, 51.57478 ], [ -0.364106, 51.572024 ], [ -0.364093, 51.571107 ], [ -0.364244, 51.569504 ], [ -0.36601, 51.569418 ], [ -0.367589, 51.569446 ], [ -0.370606, 51.569553 ], [ -0.372597, 51.569635 ], [ -0.374177, 51.56965 ], [ -0.384909, 51.569296 ], [ -0.385552, 51.570827 ], [ -0.386841, 51.572543 ], [ -0.387917, 51.57371 ], [ -0.387884, 51.574655 ], [ -0.388332, 51.576497 ], [ -0.388973, 51.578054 ], [ -0.390141, 51.57916 ], [ -0.391518, 51.580926 ], [ -0.391978, 51.582365 ], [ -0.392047, 51.584402 ], [ -0.39198, 51.58638 ], [ -0.391873, 51.58813 ], [ -0.393406, 51.589441 ], [ -0.394529, 51.590547 ], [ -0.395637, 51.592112 ], [ -0.39628, 51.59373 ], [ -0.396985, 51.594889 ], [ -0.39857, 51.596229 ], [ -0.399509, 51.597476 ], [ -0.400585, 51.598671 ], [ -0.402256, 51.600165 ], [ -0.403564, 51.601395 ], [ -0.404102, 51.60198 ], [ -0.404711, 51.603231 ], [ -0.404438, 51.604469 ], [ -0.40384, 51.605674 ], [ -0.404092, 51.607874 ], [ -0.404752, 51.609009 ], [ -0.405399, 51.610521 ], [ -0.405092, 51.611384 ], [ -0.404877, 51.612247 ], [ -0.404815, 51.612738 ], [ -0.401967, 51.613105 ], [ -0.368085, 51.621177 ], [ -0.367517, 51.621487 ], [ -0.366395, 51.621674 ], [ -0.362318, 51.624017 ], [ -0.361767, 51.623785 ], [ -0.361184, 51.624239 ], [ -0.360359, 51.624891 ], [ -0.358749, 51.625288 ], [ -0.356765, 51.625676 ], [ -0.355023, 51.625974 ], [ -0.353517, 51.626113 ], [ -0.348992, 51.6273 ], [ -0.346466, 51.627776 ], [ -0.344319, 51.628822 ], [ -0.34222, 51.629766 ], [ -0.34095, 51.630619 ], [ -0.339104, 51.632074 ], [ -0.337455, 51.632839 ], [ -0.335417, 51.633588 ], [ -0.333568, 51.633962 ], [ -0.333423, 51.634023 ], [ -0.331959, 51.634645 ], [ -0.330739, 51.635199 ], [ -0.32997, 51.636029 ], [ -0.328988, 51.636488 ], [ -0.32819, 51.636813 ], [ -0.326677, 51.637246 ], [ -0.324812, 51.637613 ], [ -0.323221, 51.638086 ], [ -0.321135, 51.638273 ], [ -0.320995, 51.63833 ], [ -0.319844, 51.638793 ], [ -0.319049, 51.640102 ], [ -0.317661, 51.641133 ], [ -0.316123, 51.641568 ], [ -0.314534, 51.641918 ], [ -0.314302, 51.64199 ], [ -0.31327, 51.642309 ], [ -0.311054, 51.642916 ], [ -0.308649, 51.64319 ], [ -0.307378, 51.643369 ], [ -0.306661, 51.643911 ], [ -0.303755, 51.644102 ], [ -0.302347, 51.644056 ], [ -0.301311, 51.644167 ], [ -0.300887, 51.64403 ], [ -0.300111, 51.643778 ], [ -0.29796, 51.643708 ] ] ] } },
{ "type": "Feature", "properties": { "LGB1911Gre": "1532", "LGB1911G_1": 10025370.0, "LGB1911G_2": "ROMFORD", "LGB1911G_3": "P", "LGB1911G_4": "eng", "LGB1911G_5": "LG_DIST", "LGB1911G_6": "RD", "LGB1911G_7": "ENGLAND", "LGB1911G_8": 1911.0, "LGB1911G_9": "GBHGIS", "LGB1911_10": null, "LGB1911_11": null, "LGB1911_12": null, "1911popGre": 10025370, "1911popG_1": "ROMFORD", "1911popG_2": "RD", "1911popG_3": 0, "F_AREA": 122754341.88699999 }, "geometry": { "type": "Polygon", "coordinates": [ [ [ 0.240302, 51.630766 ], [ 0.239494, 51.620395 ], [ 0.250992, 51.618464 ], [ 0.254172, 51.6155 ], [ 0.253591, 51.61204 ], [ 0.255946, 51.608843 ], [ 0.257556, 51.606657 ], [ 0.257518, 51.605412 ], [ 0.257461, 51.603505 ], [ 0.253792, 51.600663 ], [ 0.277728, 51.597818 ], [ 0.279528, 51.597604 ], [ 0.286695, 51.597386 ], [ 0.291476, 51.599334 ], [ 0.298931, 51.611467 ], [ 0.304588, 51.610935 ], [ 0.308383, 51.60894 ], [ 0.313203, 51.61378 ], [ 0.324049, 51.609657 ], [ 0.322603, 51.605117 ], [ 0.312955, 51.602152 ], [ 0.298704, 51.601662 ], [ 0.293196, 51.599267 ], [ 0.295126, 51.588863 ], [ 0.297525, 51.586597 ], [ 0.302059, 51.582314 ], [ 0.307331, 51.577332 ], [ 0.30999, 51.573768 ], [ 0.309369, 51.572975 ], [ 0.309992, 51.570932 ], [ 0.310654, 51.568222 ], [ 0.310878, 51.567001 ], [ 0.312424, 51.563583 ], [ 0.313737, 51.561178 ], [ 0.313898, 51.559529 ], [ 0.314096, 51.557677 ], [ 0.315142, 51.5561 ], [ 0.317055, 51.55523 ], [ 0.318566, 51.553673 ], [ 0.317641, 51.552678 ], [ 0.319618, 51.55224 ], [ 0.319881, 51.550791 ], [ 0.32081, 51.549736 ], [ 0.322855, 51.549788 ], [ 0.325757, 51.549276 ], [ 0.325838, 51.547946 ], [ 0.32596, 51.547782 ], [ 0.303325, 51.546109 ], [ 0.28953, 51.548994 ], [ 0.286265, 51.542005 ], [ 0.280824, 51.542127 ], [ 0.280623, 51.544186 ], [ 0.277447, 51.545559 ], [ 0.267289, 51.542369 ], [ 0.262324, 51.544968 ], [ 0.259469, 51.544742 ], [ 0.259903, 51.540333 ], [ 0.264971, 51.533247 ], [ 0.264965, 51.532627 ], [ 0.264891, 51.524972 ], [ 0.266934, 51.524116 ], [ 0.266917, 51.522293 ], [ 0.264342, 51.522032 ], [ 0.263904, 51.517846 ], [ 0.253195, 51.517764 ], [ 0.249575, 51.528811 ], [ 0.246406, 51.523296 ], [ 0.241052, 51.522487 ], [ 0.244948, 51.519942 ], [ 0.244649, 51.518038 ], [ 0.23741, 51.5184 ], [ 0.240798, 51.51355 ], [ 0.240197, 51.511277 ], [ 0.244538, 51.510719 ], [ 0.245329, 51.509168 ], [ 0.235347, 51.506406 ], [ 0.230684, 51.506218 ], [ 0.223582, 51.503364 ], [ 0.239222, 51.503514 ], [ 0.239259, 51.501777 ], [ 0.213224, 51.494965 ], [ 0.209985, 51.484993 ], [ 0.20106, 51.484591 ], [ 0.184808, 51.483857 ], [ 0.177827, 51.491762 ], [ 0.173838, 51.503134 ], [ 0.172328, 51.504382 ], [ 0.17003, 51.505646 ], [ 0.167842, 51.506445 ], [ 0.164223, 51.50742 ], [ 0.161502, 51.507825 ], [ 0.159149, 51.508164 ], [ 0.157997, 51.508362 ], [ 0.155546, 51.508617 ], [ 0.152196, 51.508694 ], [ 0.147095, 51.509669 ], [ 0.144414, 51.510562 ], [ 0.141653, 51.511542 ], [ 0.133841, 51.514207 ], [ 0.13299, 51.514598 ], [ 0.133163, 51.515202 ], [ 0.133235, 51.515664 ], [ 0.134727, 51.517634 ], [ 0.13439, 51.518161 ], [ 0.134002, 51.519412 ], [ 0.134336, 51.520419 ], [ 0.134816, 51.521596 ], [ 0.135731, 51.523923 ], [ 0.135984, 51.526755 ], [ 0.135968, 51.528896 ], [ 0.136146, 51.531208 ], [ 0.135961, 51.533614 ], [ 0.135721, 51.535065 ], [ 0.13534, 51.536432 ], [ 0.133821, 51.537993 ], [ 0.133792, 51.539122 ], [ 0.134287, 51.54056 ], [ 0.133145, 51.540667 ], [ 0.131549, 51.54084 ], [ 0.131214, 51.541425 ], [ 0.130772, 51.542532 ], [ 0.130154, 51.544598 ], [ 0.130195, 51.545321 ], [ 0.130244, 51.547027 ], [ 0.130037, 51.549086 ], [ 0.130078, 51.551487 ], [ 0.129566, 51.551352 ], [ 0.128266, 51.551085 ], [ 0.125411, 51.550874 ], [ 0.12556, 51.551074 ], [ 0.126825, 51.559187 ], [ 0.125513, 51.560397 ], [ 0.124227, 51.562128 ], [ 0.124617, 51.563424 ], [ 0.125494, 51.564364 ], [ 0.127064, 51.566189 ], [ 0.128941, 51.567719 ], [ 0.129859, 51.571958 ], [ 0.129477, 51.573471 ], [ 0.129706, 51.574277 ], [ 0.129176, 51.57559 ], [ 0.129008, 51.575912 ], [ 0.129752, 51.576014 ], [ 0.131102, 51.57622 ], [ 0.131507, 51.576879 ], [ 0.131581, 51.577398 ], [ 0.130765, 51.578543 ], [ 0.133534, 51.579359 ], [ 0.134663, 51.579714 ], [ 0.134498, 51.580933 ], [ 0.134158, 51.583169 ], [ 0.133529, 51.584397 ], [ 0.132697, 51.586151 ], [ 0.131444, 51.587884 ], [ 0.130617, 51.588914 ], [ 0.130012, 51.589533 ], [ 0.128842, 51.591411 ], [ 0.127756, 51.592911 ], [ 0.125181, 51.59481 ], [ 0.121616, 51.59873 ], [ 0.119769, 51.599894 ], [ 0.116318, 51.602396 ], [ 0.112958, 51.605676 ], [ 0.111196, 51.608317 ], [ 0.110363, 51.609232 ], [ 0.113176, 51.609492 ], [ 0.11488, 51.610758 ], [ 0.115508, 51.612771 ], [ 0.117906, 51.613936 ], [ 0.121163, 51.615431 ], [ 0.122604, 51.616993 ], [ 0.12544, 51.618467 ], [ 0.127847, 51.619777 ], [ 0.128894, 51.620131 ], [ 0.130619, 51.620934 ], [ 0.13399, 51.621963 ], [ 0.136911, 51.622481 ], [ 0.138123, 51.622455 ], [ 0.139957, 51.622706 ], [ 0.150388, 51.622428 ], [ 0.152218, 51.622621 ], [ 0.179641, 51.623369 ], [ 0.182305, 51.624267 ], [ 0.186057, 51.624591 ], [ 0.188641, 51.624131 ], [ 0.192412, 51.624802 ], [ 0.1956, 51.625081 ], [ 0.198786, 51.62452 ], [ 0.199995, 51.624465 ], [ 0.205084, 51.624529 ], [ 0.207142, 51.625411 ], [ 0.208286, 51.62582 ], [ 0.210737, 51.626259 ], [ 0.220756, 51.629225 ], [ 0.222815, 51.630106 ], [ 0.22734, 51.63403 ], [ 0.229625, 51.635572 ], [ 0.240302, 51.630766 ] ], [ [ 0.209463, 51.620499 ], [ 0.210214, 51.619788 ], [ 0.208972, 51.620075 ], [ 0.208043, 51.620153 ], [ 0.206905, 51.619049 ], [ 0.206577, 51.618217 ], [ 0.20669, 51.616189 ], [ 0.207943, 51.615294 ], [ 0.208995, 51.614171 ], [ 0.202847, 51.611931 ], [ 0.201361, 51.612021 ], [ 0.200101, 51.612019 ], [ 0.198168, 51.610874 ], [ 0.185961, 51.606275 ], [ 0.184081, 51.606026 ], [ 0.184384, 51.604023 ], [ 0.185133, 51.603283 ], [ 0.185151, 51.602009 ], [ 0.1817, 51.602778 ], [ 0.180086, 51.603073 ], [ 0.179716, 51.60473 ], [ 0.179055, 51.606191 ], [ 0.17777, 51.607319 ], [ 0.178185, 51.608843 ], [ 0.178337, 51.609853 ], [ 0.176085, 51.60883 ], [ 0.173586, 51.607553 ], [ 0.171079, 51.60613 ], [ 0.169192, 51.604955 ], [ 0.166667, 51.603215 ], [ 0.164715, 51.602532 ], [ 0.158118, 51.601313 ], [ 0.157514, 51.601354 ], [ 0.15614, 51.601788 ], [ 0.153982, 51.602355 ], [ 0.151881, 51.602313 ], [ 0.149446, 51.602133 ], [ 0.148885, 51.599686 ], [ 0.14854, 51.598578 ], [ 0.148312, 51.597846 ], [ 0.142132, 51.584083 ], [ 0.142918, 51.577527 ], [ 0.143229, 51.577683 ], [ 0.144569, 51.574254 ], [ 0.145078, 51.572476 ], [ 0.143099, 51.571407 ], [ 0.144686, 51.570406 ], [ 0.146315, 51.568768 ], [ 0.14688, 51.567104 ], [ 0.150121, 51.567064 ], [ 0.150168, 51.567063 ], [ 0.152366, 51.56607 ], [ 0.153265, 51.56436 ], [ 0.155887, 51.562228 ], [ 0.157957, 51.560777 ], [ 0.159835, 51.561615 ], [ 0.162194, 51.562642 ], [ 0.163848, 51.563222 ], [ 0.1649, 51.562419 ], [ 0.166193, 51.563028 ], [ 0.171994, 51.565046 ], [ 0.184791, 51.565612 ], [ 0.184361, 51.566228 ], [ 0.182533, 51.567628 ], [ 0.184341, 51.567473 ], [ 0.183691, 51.5707 ], [ 0.185417, 51.572341 ], [ 0.195841, 51.573709 ], [ 0.197896, 51.57378 ], [ 0.199393, 51.573893 ], [ 0.202148, 51.573978 ], [ 0.205785, 51.574825 ], [ 0.210885, 51.580705 ], [ 0.211148, 51.582002 ], [ 0.212005, 51.582302 ], [ 0.213592, 51.582354 ], [ 0.214511, 51.582913 ], [ 0.214368, 51.584421 ], [ 0.214346, 51.586418 ], [ 0.213026, 51.587749 ], [ 0.211901, 51.58922 ], [ 0.213593, 51.592599 ], [ 0.214091, 51.593138 ], [ 0.221673, 51.59523 ], [ 0.224458, 51.595806 ], [ 0.228427, 51.596704 ], [ 0.231557, 51.59759 ], [ 0.234986, 51.598789 ], [ 0.236282, 51.599426 ], [ 0.235298, 51.600171 ], [ 0.232815, 51.602051 ], [ 0.229591, 51.604492 ], [ 0.229021, 51.605893 ], [ 0.228649, 51.605902 ], [ 0.227643, 51.606242 ], [ 0.225261, 51.607741 ], [ 0.222692, 51.611588 ], [ 0.223182, 51.611982 ], [ 0.22216, 51.616751 ], [ 0.2184, 51.619408 ], [ 0.216194, 51.619948 ], [ 0.214891, 51.620005 ], [ 0.212634, 51.620488 ], [ 0.209463, 51.620499 ] ] ] } },
{ "type": "Feature", "properties": { "LGB1911Gre": "1534", "LGB1911G_1": 10042161.0, "LGB1911G_2": "HENDON", "LGB1911G_3": "P", "LGB1911G_4": "eng", "LGB1911G_5": "LG_DIST", "LGB1911G_6": "UD", "LGB1911G_7": "ENGLAND", "LGB1911G_8": 1911.0, "LGB1911G_9": "GBHGIS", "LGB1911_10": null, "LGB1911_11": null, "LGB1911_12": "y", "1911popGre": 10042161, "1911popG_1": "HENDON", "1911popG_2": "UD", "1911popG_3": 0, "F_AREA": 33744611.023900002 }, "geometry": { "type": "Polygon", "coordinates": [ [ [ -0.260194, 51.642384 ], [ -0.259671, 51.642087 ], [ -0.258247, 51.640899 ], [ -0.256263, 51.640216 ], [ -0.254909, 51.639937 ], [ -0.253375, 51.63968 ], [ -0.252278, 51.639667 ], [ -0.250906, 51.639637 ], [ -0.249401, 51.639521 ], [ -0.248341, 51.639514 ], [ -0.246809, 51.639613 ], [ -0.245256, 51.639984 ], [ -0.244194, 51.640759 ], [ -0.243693, 51.640869 ], [ -0.241769, 51.641485 ], [ -0.241053, 51.640888 ], [ -0.240471, 51.640417 ], [ -0.239516, 51.639836 ], [ -0.23893, 51.638418 ], [ -0.237263, 51.637088 ], [ -0.235281, 51.636451 ], [ -0.234067, 51.63639 ], [ -0.232141, 51.636545 ], [ -0.229794, 51.636718 ], [ -0.227579, 51.636195 ], [ -0.229056, 51.634755 ], [ -0.230143, 51.633602 ], [ -0.230724, 51.63213 ], [ -0.231342, 51.630912 ], [ -0.231411, 51.629511 ], [ -0.231783, 51.624842 ], [ -0.224135, 51.623781 ], [ -0.220429, 51.623369 ], [ -0.218048, 51.622885 ], [ -0.214847, 51.622419 ], [ -0.213479, 51.622969 ], [ -0.211842, 51.623283 ], [ -0.210412, 51.623727 ], [ -0.209217, 51.623904 ], [ -0.207345, 51.624156 ], [ -0.204949, 51.624335 ], [ -0.203652, 51.624364 ], [ -0.202361, 51.624367 ], [ -0.200325, 51.623957 ], [ -0.199189, 51.623341 ], [ -0.198407, 51.622509 ], [ -0.198362, 51.621929 ], [ -0.198325, 51.621229 ], [ -0.198042, 51.620785 ], [ -0.197263, 51.620481 ], [ -0.19591, 51.620206 ], [ -0.195083, 51.619876 ], [ -0.193639, 51.619467 ], [ -0.191864, 51.618848 ], [ -0.190858, 51.618389 ], [ -0.190739, 51.616474 ], [ -0.190753, 51.615605 ], [ -0.191122, 51.613961 ], [ -0.191854, 51.612874 ], [ -0.193453, 51.612348 ], [ -0.194959, 51.611851 ], [ -0.196526, 51.610891 ], [ -0.198393, 51.610688 ], [ -0.199673, 51.609985 ], [ -0.199799, 51.60912 ], [ -0.199733, 51.608397 ], [ -0.201509, 51.608134 ], [ -0.203421, 51.606949 ], [ -0.20389, 51.605889 ], [ -0.203661, 51.605454 ], [ -0.203508, 51.605162 ], [ -0.204956, 51.60455 ], [ -0.206521, 51.604287 ], [ -0.208022, 51.603879 ], [ -0.208606, 51.602887 ], [ -0.208805, 51.602348 ], [ -0.209751, 51.60165 ], [ -0.210514, 51.601144 ], [ -0.210826, 51.600309 ], [ -0.211071, 51.59979 ], [ -0.210308, 51.598599 ], [ -0.210913, 51.59809 ], [ -0.211433, 51.597243 ], [ -0.21094, 51.595952 ], [ -0.212049, 51.595179 ], [ -0.212744, 51.594765 ], [ -0.212635, 51.593529 ], [ -0.212376, 51.59292 ], [ -0.212324, 51.591821 ], [ -0.211646, 51.591207 ], [ -0.211494, 51.590252 ], [ -0.21156, 51.589591 ], [ -0.211757, 51.588965 ], [ -0.211356, 51.588243 ], [ -0.210081, 51.587814 ], [ -0.209344, 51.587885 ], [ -0.207941, 51.588293 ], [ -0.205986, 51.588862 ], [ -0.204331, 51.589311 ], [ -0.20151, 51.589894 ], [ -0.200028, 51.590023 ], [ -0.198857, 51.58973 ], [ -0.197639, 51.589179 ], [ -0.19614, 51.588763 ], [ -0.194975, 51.588293 ], [ -0.194812, 51.587768 ], [ -0.194801, 51.58673 ], [ -0.193914, 51.58514 ], [ -0.192673, 51.583848 ], [ -0.192458, 51.582851 ], [ -0.192162, 51.581845 ], [ -0.191804, 51.581185 ], [ -0.190608, 51.581865 ], [ -0.189886, 51.582291 ], [ -0.18874, 51.581873 ], [ -0.187613, 51.581192 ], [ -0.184935, 51.581178 ], [ -0.183869, 51.580308 ], [ -0.18386, 51.5803 ], [ -0.182276, 51.579894 ], [ -0.182236, 51.579884 ], [ -0.18282, 51.578812 ], [ -0.183073, 51.577625 ], [ -0.184145, 51.575442 ], [ -0.1828, 51.572583 ], [ -0.182175, 51.571969 ], [ -0.181283, 51.57126 ], [ -0.18055, 51.570766 ], [ -0.180943, 51.570842 ], [ -0.180889, 51.569767 ], [ -0.183077, 51.569795 ], [ -0.183962, 51.569486 ], [ -0.184678, 51.569216 ], [ -0.185724, 51.568689 ], [ -0.186775, 51.568275 ], [ -0.187151, 51.568064 ], [ -0.187921, 51.56781 ], [ -0.189636, 51.567132 ], [ -0.190411, 51.566591 ], [ -0.191701, 51.566032 ], [ -0.192426, 51.565654 ], [ -0.192694, 51.56542 ], [ -0.193704, 51.564871 ], [ -0.191469, 51.564399 ], [ -0.190286, 51.56342 ], [ -0.190736, 51.562417 ], [ -0.191149, 51.561909 ], [ -0.192019, 51.561786 ], [ -0.193167, 51.561354 ], [ -0.193854, 51.561033 ], [ -0.194701, 51.560883 ], [ -0.195634, 51.560493 ], [ -0.196484, 51.56055 ], [ -0.197458, 51.560423 ], [ -0.197325, 51.559806 ], [ -0.198276, 51.559412 ], [ -0.199284, 51.558361 ], [ -0.199457, 51.557844 ], [ -0.199887, 51.557436 ], [ -0.200255, 51.557001 ], [ -0.200337, 51.556473 ], [ -0.200167, 51.555951 ], [ -0.201576, 51.555819 ], [ -0.203627, 51.555448 ], [ -0.205129, 51.555201 ], [ -0.206757, 51.554889 ], [ -0.206935, 51.556031 ], [ -0.208413, 51.555748 ], [ -0.209759, 51.555313 ], [ -0.210285, 51.555636 ], [ -0.21112, 51.556362 ], [ -0.21227, 51.555939 ], [ -0.213523, 51.555387 ], [ -0.214413, 51.55479 ], [ -0.214541, 51.555053 ], [ -0.215309, 51.555476 ], [ -0.216067, 51.556129 ], [ -0.216908, 51.557045 ], [ -0.217435, 51.557721 ], [ -0.221429, 51.56081 ], [ -0.222542, 51.561958 ], [ -0.223324, 51.5633 ], [ -0.224893, 51.564714 ], [ -0.227482, 51.566229 ], [ -0.229295, 51.567468 ], [ -0.232237, 51.56973 ], [ -0.233771, 51.571105 ], [ -0.234953, 51.571927 ], [ -0.236598, 51.572898 ], [ -0.238384, 51.572633 ], [ -0.239986, 51.572336 ], [ -0.241423, 51.572726 ], [ -0.242304, 51.572966 ], [ -0.243294, 51.572833 ], [ -0.244351, 51.572211 ], [ -0.246325, 51.572173 ], [ -0.24712, 51.572267 ], [ -0.247482, 51.570342 ], [ -0.247649, 51.569739 ], [ -0.250545, 51.56916 ], [ -0.250614, 51.569737 ], [ -0.251473, 51.57055 ], [ -0.252295, 51.571133 ], [ -0.253071, 51.572782 ], [ -0.251586, 51.573402 ], [ -0.252033, 51.573953 ], [ -0.253162, 51.575057 ], [ -0.254147, 51.576217 ], [ -0.254928, 51.57775 ], [ -0.256086, 51.580381 ], [ -0.254253, 51.58281 ], [ -0.251322, 51.583471 ], [ -0.249434, 51.583911 ], [ -0.247544, 51.584437 ], [ -0.249135, 51.585719 ], [ -0.25128, 51.587238 ], [ -0.253602, 51.588961 ], [ -0.255559, 51.590451 ], [ -0.258197, 51.59244 ], [ -0.259829, 51.593784 ], [ -0.261864, 51.595539 ], [ -0.263894, 51.59741 ], [ -0.265293, 51.598669 ], [ -0.266732, 51.600074 ], [ -0.267818, 51.600926 ], [ -0.270178, 51.602576 ], [ -0.275023, 51.606198 ], [ -0.276285, 51.607314 ], [ -0.277126, 51.60851 ], [ -0.275923, 51.608348 ], [ -0.275138, 51.608193 ], [ -0.27356, 51.608113 ], [ -0.272623, 51.60833 ], [ -0.272183, 51.608931 ], [ -0.271867, 51.609966 ], [ -0.272017, 51.610979 ], [ -0.272974, 51.611513 ], [ -0.273966, 51.612365 ], [ -0.273556, 51.613428 ], [ -0.271501, 51.614988 ], [ -0.269978, 51.616006 ], [ -0.268686, 51.617027 ], [ -0.268055, 51.617769 ], [ -0.26748, 51.619523 ], [ -0.267112, 51.620702 ], [ -0.266114, 51.622624 ], [ -0.26409, 51.624588 ], [ -0.263181, 51.625297 ], [ -0.262729, 51.626244 ], [ -0.262556, 51.627166 ], [ -0.262722, 51.627717 ], [ -0.262846, 51.629423 ], [ -0.262616, 51.631962 ], [ -0.261921, 51.633194 ], [ -0.260907, 51.634219 ], [ -0.260321, 51.634991 ], [ -0.260367, 51.636292 ], [ -0.260535, 51.638085 ], [ -0.260053, 51.63984 ], [ -0.259547, 51.640989 ], [ -0.260194, 51.642384 ] ] ] } },
{ "type": "Feature", "properties": { "LGB1911Gre": "1535", "LGB1911G_1": 10088628.0, "LGB1911G_2": "POPLAR", "LGB1911G_3": "P", "LGB1911G_4": "eng", "LGB1911G_5": "LG_DIST", "LGB1911G_6": "MetB", "LGB1911G_7": "ENGLAND", "LGB1911G_8": 1911.0, "LGB1911G_9": "GBHGIS", "LGB1911_10": null, "LGB1911_11": null, "LGB1911_12": null, "1911popGre": 10088628, "1911popG_1": "POPLAR", "1911popG_2": "MetB", "1911popG_3": 162442, "F_AREA": 10490241.820800001 }, "geometry": { "type": "Polygon", "coordinates": [ [ [ -0.039029, 51.536496 ], [ -0.036755, 51.537935 ], [ -0.035245, 51.538814 ], [ -0.034523, 51.539301 ], [ -0.034993, 51.540699 ], [ -0.031882, 51.540889 ], [ -0.031245, 51.541181 ], [ -0.030042, 51.541557 ], [ -0.029043, 51.541817 ], [ -0.027582, 51.542112 ], [ -0.026028, 51.542725 ], [ -0.025565, 51.543319 ], [ -0.022792, 51.543974 ], [ -0.022104, 51.543694 ], [ -0.021117, 51.543764 ], [ -0.020475, 51.54397 ], [ -0.019397, 51.543982 ], [ -0.018151, 51.544214 ], [ -0.016852, 51.544486 ], [ -0.016654, 51.543889 ], [ -0.016487, 51.543335 ], [ -0.016319, 51.54258 ], [ -0.01613, 51.541948 ], [ -0.016843, 51.541279 ], [ -0.017252, 51.540748 ], [ -0.018248, 51.540216 ], [ -0.018605, 51.539398 ], [ -0.019108, 51.539069 ], [ -0.019377, 51.53852 ], [ -0.019508, 51.537643 ], [ -0.01975, 51.537041 ], [ -0.018672, 51.536709 ], [ -0.017887, 51.536515 ], [ -0.015443, 51.53468 ], [ -0.017923, 51.533527 ], [ -0.017891, 51.533086 ], [ -0.017344, 51.532288 ], [ -0.01695, 51.531914 ], [ -0.016662, 51.531338 ], [ -0.015885, 51.530999 ], [ -0.015155, 51.530824 ], [ -0.014625, 51.530342 ], [ -0.014449, 51.529722 ], [ -0.013462, 51.529462 ], [ -0.011838, 51.529319 ], [ -0.011184, 51.529077 ], [ -0.010911, 51.528508 ], [ -0.010272, 51.52803 ], [ -0.009538, 51.527602 ], [ -0.00901, 51.526977 ], [ -0.00846, 51.526386 ], [ -0.008041, 51.525516 ], [ -0.008322, 51.524977 ], [ -0.008528, 51.524545 ], [ -0.008589, 51.523859 ], [ -0.008356, 51.52305 ], [ -0.008451, 51.522327 ], [ -0.008867, 51.521757 ], [ -0.00906, 51.521287 ], [ -0.009364, 51.520845 ], [ -0.009545, 51.5203 ], [ -0.009076, 51.519528 ], [ -0.008301, 51.519167 ], [ -0.007548, 51.518821 ], [ -0.006733, 51.518174 ], [ -0.006254, 51.517561 ], [ -0.006087, 51.516975 ], [ -0.005573, 51.516333 ], [ -0.004929, 51.5166 ], [ -0.004498, 51.517049 ], [ -0.003626, 51.517793 ], [ -0.002729, 51.517844 ], [ -0.002099, 51.517631 ], [ -0.00134, 51.517171 ], [ -0.000507, 51.516733 ], [ 0.000333, 51.51645 ], [ 0.001249, 51.516102 ], [ 0.001968, 51.51584 ], [ 0.002585, 51.515567 ], [ 0.003372, 51.514825 ], [ 0.003237, 51.514228 ], [ 0.003011, 51.513751 ], [ 0.002634, 51.513007 ], [ 0.002315, 51.51232 ], [ 0.001706, 51.511105 ], [ 0.002044, 51.510575 ], [ 0.00281, 51.510493 ], [ 0.003695, 51.510934 ], [ 0.003896, 51.511424 ], [ 0.004082, 51.511931 ], [ 0.004112, 51.512411 ], [ 0.004156, 51.513039 ], [ 0.004327, 51.51381 ], [ 0.005372, 51.514361 ], [ 0.006327, 51.514147 ], [ 0.006698, 51.513429 ], [ 0.006737, 51.512759 ], [ 0.006496, 51.511942 ], [ 0.006008, 51.511173 ], [ 0.005401, 51.510502 ], [ 0.005286, 51.509942 ], [ 0.005899, 51.509661 ], [ 0.006692, 51.509599 ], [ 0.007607, 51.509448 ], [ 0.008774, 51.509005 ], [ 0.008887, 51.508385 ], [ 0.008695, 51.507598 ], [ 0.008247, 51.507081 ], [ 0.006794, 51.505597 ], [ 0.005158, 51.506231 ], [ 0.004128, 51.506593 ], [ 0.002604, 51.506575 ], [ 0.001253, 51.506536 ], [ -0.000054, 51.506358 ], [ -0.001239, 51.505926 ], [ -0.00206, 51.505363 ], [ -0.003117, 51.504541 ], [ -0.003939, 51.504004 ], [ -0.004413, 51.503193 ], [ -0.004856, 51.502392 ], [ -0.005105, 51.501368 ], [ -0.005051, 51.500215 ], [ -0.004823, 51.499124 ], [ -0.004342, 51.49799 ], [ -0.003702, 51.496931 ], [ -0.003028, 51.495671 ], [ -0.002501, 51.494811 ], [ -0.001175, 51.493336 ], [ -0.001047, 51.492824 ], [ -0.000686, 51.492094 ], [ -0.000429, 51.491386 ], [ -0.000531, 51.490867 ], [ -0.000682, 51.490199 ], [ -0.000591, 51.489693 ], [ -0.001094, 51.488527 ], [ -0.002083, 51.487432 ], [ -0.002791, 51.48698 ], [ -0.00343, 51.486574 ], [ -0.004273, 51.486065 ], [ -0.005356, 51.485728 ], [ -0.006254, 51.485419 ], [ -0.007376, 51.48504 ], [ -0.008217, 51.48494 ], [ -0.009383, 51.484698 ], [ -0.010495, 51.48453 ], [ -0.011262, 51.484434 ], [ -0.012508, 51.484346 ], [ -0.01384, 51.484325 ], [ -0.015208, 51.484365 ], [ -0.016713, 51.484487 ], [ -0.017616, 51.484652 ], [ -0.018431, 51.484763 ], [ -0.01929, 51.485017 ], [ -0.020679, 51.485536 ], [ -0.021651, 51.485827 ], [ -0.022197, 51.48615 ], [ -0.023114, 51.486689 ], [ -0.024064, 51.48719 ], [ -0.024751, 51.487646 ], [ -0.025622, 51.488289 ], [ -0.0266, 51.48913 ], [ -0.027226, 51.489794 ], [ -0.027576, 51.490188 ], [ -0.027933, 51.490915 ], [ -0.028509, 51.491645 ], [ -0.028847, 51.4921 ], [ -0.02907, 51.492601 ], [ -0.029222, 51.493273 ], [ -0.029417, 51.493744 ], [ -0.029803, 51.494249 ], [ -0.029702, 51.495276 ], [ -0.029789, 51.496468 ], [ -0.029254, 51.497947 ], [ -0.028975, 51.49907 ], [ -0.028852, 51.500018 ], [ -0.028875, 51.501163 ], [ -0.02918, 51.502132 ], [ -0.029148, 51.502961 ], [ -0.029256, 51.503795 ], [ -0.029602, 51.504807 ], [ -0.030283, 51.5055 ], [ -0.031197, 51.506216 ], [ -0.030369, 51.506998 ], [ -0.029782, 51.507354 ], [ -0.02912, 51.507602 ], [ -0.02908, 51.508139 ], [ -0.027975, 51.508313 ], [ -0.028317, 51.509103 ], [ -0.027061, 51.509051 ], [ -0.026216, 51.509254 ], [ -0.025539, 51.508876 ], [ -0.024699, 51.509273 ], [ -0.025258, 51.509693 ], [ -0.025112, 51.510519 ], [ -0.025223, 51.511238 ], [ -0.025338, 51.511828 ], [ -0.024892, 51.512583 ], [ -0.024522, 51.513121 ], [ -0.024224, 51.513661 ], [ -0.023212, 51.515821 ], [ -0.021679, 51.516444 ], [ -0.022379, 51.517035 ], [ -0.022861, 51.517905 ], [ -0.023135, 51.518399 ], [ -0.023472, 51.518938 ], [ -0.024136, 51.519411 ], [ -0.025065, 51.519758 ], [ -0.025982, 51.520137 ], [ -0.026812, 51.520434 ], [ -0.02766, 51.520653 ], [ -0.027461, 51.521213 ], [ -0.027652, 51.52168 ], [ -0.027586, 51.522176 ], [ -0.028363, 51.523463 ], [ -0.028678, 51.523977 ], [ -0.030489, 51.525887 ], [ -0.031115, 51.527657 ], [ -0.031877, 51.528775 ], [ -0.03281, 51.529448 ], [ -0.033742, 51.530212 ], [ -0.034469, 51.530021 ], [ -0.035551, 51.531565 ], [ -0.037504, 51.534274 ], [ -0.037879, 51.53514 ], [ -0.037872, 51.5359 ], [ -0.039029, 51.536496 ] ] ] } },
{ "type": "Feature", "properties": { "LGB1911Gre": "1536", "LGB1911G_1": 10185506.0, "LGB1911G_2": "SHOREDITCH", "LGB1911G_3": "P", "LGB1911G_4": "eng", "LGB1911G_5": "LG_DIST", "LGB1911G_6": "MetB", "LGB1911G_7": "ENGLAND", "LGB1911G_8": 1911.0, "LGB1911G_9": "GBHGIS", "LGB1911_10": null, "LGB1911_11": null, "LGB1911_12": null, "1911popGre": 10185506, "1911popG_1": "SHOREDITCH", "1911popG_2": "MetB", "1911popG_3": 111390, "F_AREA": 2689518.6137700002 }, "geometry": { "type": "Polygon", "coordinates": [ [ [ -0.062568, 51.535976 ], [ -0.063037, 51.535359 ], [ -0.062851, 51.53451 ], [ -0.062203, 51.533707 ], [ -0.063422, 51.533456 ], [ -0.065151, 51.533576 ], [ -0.065392, 51.533118 ], [ -0.06584, 51.532401 ], [ -0.06619, 51.531455 ], [ -0.067574, 51.531273 ], [ -0.069809, 51.531178 ], [ -0.071438, 51.531076 ], [ -0.072713, 51.530827 ], [ -0.074421, 51.530107 ], [ -0.075079, 51.529452 ], [ -0.07558, 51.528618 ], [ -0.076404, 51.527834 ], [ -0.077189, 51.527197 ], [ -0.076434, 51.526747 ], [ -0.076603, 51.52627 ], [ -0.076374, 51.525364 ], [ -0.075643, 51.52444 ], [ -0.075415, 51.523151 ], [ -0.075694, 51.522483 ], [ -0.075977, 51.522049 ], [ -0.0779, 51.521764 ], [ -0.078559, 51.521227 ], [ -0.078811, 51.520797 ], [ -0.080798, 51.521018 ], [ -0.081403, 51.520663 ], [ -0.081942, 51.520308 ], [ -0.082385, 51.519596 ], [ -0.08322, 51.518691 ], [ -0.084026, 51.518122 ], [ -0.08498, 51.518389 ], [ -0.08623, 51.518719 ], [ -0.085814, 51.519361 ], [ -0.085269, 51.520149 ], [ -0.08498, 51.521067 ], [ -0.084599, 51.522163 ], [ -0.084562, 51.523148 ], [ -0.084442, 51.523814 ], [ -0.085224, 51.523735 ], [ -0.08562, 51.524305 ], [ -0.085329, 51.524747 ], [ -0.084898, 51.525229 ], [ -0.085174, 51.525963 ], [ -0.086488, 51.525672 ], [ -0.087743, 51.525642 ], [ -0.087935, 51.526064 ], [ -0.088074, 51.526598 ], [ -0.08871, 51.527144 ], [ -0.089688, 51.527508 ], [ -0.09085, 51.52783 ], [ -0.092162, 51.528067 ], [ -0.092925, 51.528208 ], [ -0.093988, 51.528464 ], [ -0.094583, 51.529054 ], [ -0.094626, 51.529728 ], [ -0.0949, 51.530317 ], [ -0.095643, 51.531333 ], [ -0.096033, 51.532485 ], [ -0.095286, 51.532812 ], [ -0.094195, 51.53332 ], [ -0.093216, 51.533723 ], [ -0.092162, 51.534326 ], [ -0.091783, 51.535156 ], [ -0.090265, 51.536004 ], [ -0.089465, 51.536103 ], [ -0.088852, 51.536961 ], [ -0.087904, 51.537089 ], [ -0.087142, 51.537308 ], [ -0.084704, 51.537536 ], [ -0.083636, 51.537431 ], [ -0.081756, 51.537162 ], [ -0.079936, 51.53707 ], [ -0.079737, 51.537592 ], [ -0.07853, 51.537257 ], [ -0.077294, 51.537396 ], [ -0.077371, 51.537968 ], [ -0.076867, 51.539221 ], [ -0.076058, 51.539276 ], [ -0.074516, 51.539896 ], [ -0.072233, 51.539901 ], [ -0.071101, 51.53986 ], [ -0.069545, 51.539902 ], [ -0.067733, 51.540009 ], [ -0.065353, 51.540165 ], [ -0.06618, 51.539259 ], [ -0.065613, 51.538884 ], [ -0.064791, 51.538514 ], [ -0.063498, 51.537841 ], [ -0.062901, 51.537236 ], [ -0.062051, 51.537106 ], [ -0.062568, 51.535976 ] ] ] } },
{ "type": "Feature", "properties": { "LGB1911Gre": "1537", "LGB1911G_1": 10186365.0, "LGB1911G_2": "ST MARYLEBONE", "LGB1911G_3": "P", "LGB1911G_4": "eng", "LGB1911G_5": "LG_DIST", "LGB1911G_6": "MetB", "LGB1911G_7": "ENGLAND", "LGB1911G_8": 1911.0, "LGB1911G_9": "GBHGIS", "LGB1911_10": null, "LGB1911_11": null, "LGB1911_12": null, "1911popGre": 10186365, "1911popG_1": "ST MARYLEBONE", "1911popG_2": "MetB", "1911popG_3": 118160, "F_AREA": 5854046.1962900003 }, "geometry": { "type": "Polygon", "coordinates": [ [ [ -0.188312, 51.53467 ], [ -0.187473, 51.5351 ], [ -0.186644, 51.535873 ], [ -0.185924, 51.536491 ], [ -0.185149, 51.53709 ], [ -0.184493, 51.537786 ], [ -0.183779, 51.538392 ], [ -0.182477, 51.538956 ], [ -0.181268, 51.539315 ], [ -0.179597, 51.539678 ], [ -0.178334, 51.539936 ], [ -0.175773, 51.539651 ], [ -0.173805, 51.539451 ], [ -0.173945, 51.538648 ], [ -0.173435, 51.537603 ], [ -0.172036, 51.538331 ], [ -0.171103, 51.537698 ], [ -0.169654, 51.538443 ], [ -0.168315, 51.537702 ], [ -0.167611, 51.537089 ], [ -0.166619, 51.536389 ], [ -0.165905, 51.535908 ], [ -0.164351, 51.536074 ], [ -0.163297, 51.536536 ], [ -0.162364, 51.53689 ], [ -0.161646, 51.536972 ], [ -0.160897, 51.537266 ], [ -0.159942, 51.536293 ], [ -0.158477, 51.536651 ], [ -0.156679, 51.537084 ], [ -0.15498, 51.537286 ], [ -0.154044, 51.537333 ], [ -0.153497, 51.537428 ], [ -0.153254, 51.536711 ], [ -0.152836, 51.535593 ], [ -0.152389, 51.534815 ], [ -0.151901, 51.533758 ], [ -0.151544, 51.532852 ], [ -0.151219, 51.531913 ], [ -0.150878, 51.53106 ], [ -0.15052, 51.530297 ], [ -0.150084, 51.529257 ], [ -0.149505, 51.528054 ], [ -0.148925, 51.526692 ], [ -0.148378, 51.525664 ], [ -0.14824, 51.525183 ], [ -0.146942, 51.525378 ], [ -0.146271, 51.524116 ], [ -0.145305, 51.524208 ], [ -0.145096, 51.524926 ], [ -0.144373, 51.524811 ], [ -0.144583, 51.524031 ], [ -0.143969, 51.524022 ], [ -0.143149, 51.523338 ], [ -0.141912, 51.52231 ], [ -0.140539, 51.521115 ], [ -0.139688, 51.520572 ], [ -0.139287, 51.520146 ], [ -0.138589, 51.519595 ], [ -0.138132, 51.519203 ], [ -0.137865, 51.519001 ], [ -0.137216, 51.519343 ], [ -0.136682, 51.518832 ], [ -0.136129, 51.519083 ], [ -0.135435, 51.518458 ], [ -0.135109, 51.518108 ], [ -0.135318, 51.518008 ], [ -0.134847, 51.517715 ], [ -0.134362, 51.517858 ], [ -0.13377, 51.517467 ], [ -0.13325, 51.517274 ], [ -0.133359, 51.516809 ], [ -0.132635, 51.516975 ], [ -0.132061, 51.517139 ], [ -0.131606, 51.517241 ], [ -0.131197, 51.516607 ], [ -0.143477, 51.51524 ], [ -0.146305, 51.514875 ], [ -0.148918, 51.514591 ], [ -0.150508, 51.514394 ], [ -0.152575, 51.514243 ], [ -0.154833, 51.513986 ], [ -0.157199, 51.513776 ], [ -0.15865, 51.513627 ], [ -0.160546, 51.513438 ], [ -0.161677, 51.513325 ], [ -0.162223, 51.513739 ], [ -0.168424, 51.518061 ], [ -0.169923, 51.519202 ], [ -0.173513, 51.521812 ], [ -0.177337, 51.524476 ], [ -0.178296, 51.52531 ], [ -0.181595, 51.528243 ], [ -0.188312, 51.53467 ] ] ] } },
{ "type": "Feature", "properties": { "LGB1911Gre": "1541", "LGB1911G_1": 10106758.0, "LGB1911G_2": "HAM", "LGB1911G_3": "P", "LGB1911G_4": "eng", "LGB1911G_5": "LG_DIST", "LGB1911G_6": "UD", "LGB1911G_7": "ENGLAND", "LGB1911G_8": 1911.0, "LGB1911G_9": "GBHGIS", "LGB1911_10": null, "LGB1911_11": null, "LGB1911_12": "y", "1911popGre": 10106758, "1911popG_1": "HAM", "1911popG_2": "UD", "1911popG_3": 0, "F_AREA": 7777930.3395999996 }, "geometry": { "type": "Polygon", "coordinates": [ [ [ -0.275469, 51.444914 ], [ -0.265395, 51.442944 ], [ -0.264594, 51.444914 ], [ -0.261174, 51.444966 ], [ -0.258215, 51.44459 ], [ -0.255031, 51.443999 ], [ -0.254538, 51.443721 ], [ -0.253906, 51.443047 ], [ -0.25372, 51.4423 ], [ -0.253867, 51.441795 ], [ -0.25403, 51.441167 ], [ -0.253636, 51.440499 ], [ -0.254149, 51.439652 ], [ -0.253736, 51.439213 ], [ -0.253416, 51.438475 ], [ -0.253193, 51.437537 ], [ -0.264824, 51.431877 ], [ -0.275791, 51.425545 ], [ -0.277193, 51.427098 ], [ -0.280734, 51.427385 ], [ -0.282825, 51.428553 ], [ -0.286085, 51.427632 ], [ -0.291623, 51.425542 ], [ -0.292125, 51.425351 ], [ -0.293739, 51.423325 ], [ -0.297642, 51.423738 ], [ -0.298527, 51.425297 ], [ -0.301376, 51.424082 ], [ -0.304863, 51.42294 ], [ -0.30728, 51.423904 ], [ -0.308955, 51.425551 ], [ -0.310807, 51.426887 ], [ -0.314353, 51.428463 ], [ -0.314876, 51.4287 ], [ -0.318951, 51.429853 ], [ -0.326817, 51.433155 ], [ -0.327828, 51.433512 ], [ -0.330163, 51.436215 ], [ -0.330547, 51.437633 ], [ -0.33323, 51.442588 ], [ -0.331299, 51.444117 ], [ -0.328245, 51.444833 ], [ -0.320536, 51.445821 ], [ -0.319746, 51.445968 ], [ -0.316787, 51.439873 ], [ -0.309918, 51.438262 ], [ -0.300812, 51.437585 ], [ -0.293204, 51.437577 ], [ -0.288824, 51.43861 ], [ -0.283391, 51.440499 ], [ -0.279159, 51.443488 ], [ -0.276065, 51.444927 ], [ -0.275469, 51.444914 ] ] ] } },
{ "type": "Feature", "properties": { "LGB1911Gre": "1542", "LGB1911G_1": 10173073.0, "LGB1911G_2": "WIMBLEDON", "LGB1911G_3": "P", "LGB1911G_4": "eng", "LGB1911G_5": "LG_DIST", "LGB1911G_6": "MB", "LGB1911G_7": "ENGLAND", "LGB1911G_8": 1911.0, "LGB1911G_9": "GBHGIS", "LGB1911_10": null, "LGB1911_11": null, "LGB1911_12": "y", "1911popGre": 10173073, "1911popG_1": "WIMBLEDON", "1911popG_2": "MB", "1911popG_3": 54966, "F_AREA": 13424218.782500001 }, "geometry": { "type": "Polygon", "coordinates": [ [ [ -0.250369, 51.432968 ], [ -0.249076, 51.433034 ], [ -0.247638, 51.433358 ], [ -0.245513, 51.433741 ], [ -0.242842, 51.434559 ], [ -0.241112, 51.435305 ], [ -0.240068, 51.435875 ], [ -0.239143, 51.436669 ], [ -0.236567, 51.438289 ], [ -0.234032, 51.439497 ], [ -0.2311, 51.440277 ], [ -0.229818, 51.44043 ], [ -0.226596, 51.44061 ], [ -0.224979, 51.440621 ], [ -0.223319, 51.440594 ], [ -0.222277, 51.440588 ], [ -0.220175, 51.440256 ], [ -0.219029, 51.440113 ], [ -0.21785, 51.440089 ], [ -0.216493, 51.439918 ], [ -0.215508, 51.439396 ], [ -0.211569, 51.439056 ], [ -0.209618, 51.439155 ], [ -0.207438, 51.439435 ], [ -0.204914, 51.439747 ], [ -0.201974, 51.439907 ], [ -0.199638, 51.440221 ], [ -0.19657, 51.440777 ], [ -0.19452, 51.441164 ], [ -0.191419, 51.441611 ], [ -0.189265, 51.441759 ], [ -0.189588, 51.440362 ], [ -0.189659, 51.439328 ], [ -0.188581, 51.438729 ], [ -0.188751, 51.43762 ], [ -0.188595, 51.436945 ], [ -0.188674, 51.436324 ], [ -0.189081, 51.435969 ], [ -0.189242, 51.435399 ], [ -0.189473, 51.434845 ], [ -0.18963, 51.434349 ], [ -0.189612, 51.433902 ], [ -0.189503, 51.433018 ], [ -0.18839, 51.433204 ], [ -0.187712, 51.433468 ], [ -0.186728, 51.433566 ], [ -0.18611, 51.433135 ], [ -0.185423, 51.432953 ], [ -0.184674, 51.432143 ], [ -0.184627, 51.431673 ], [ -0.183855, 51.431703 ], [ -0.183674, 51.431011 ], [ -0.183823, 51.430384 ], [ -0.183986, 51.429742 ], [ -0.185429, 51.429107 ], [ -0.184675, 51.428728 ], [ -0.184098, 51.428143 ], [ -0.183703, 51.42732 ], [ -0.183096, 51.426275 ], [ -0.183012, 51.426196 ], [ -0.183788, 51.42536 ], [ -0.18271, 51.423534 ], [ -0.181319, 51.421981 ], [ -0.182047, 51.419749 ], [ -0.182162, 51.419397 ], [ -0.182046, 51.418626 ], [ -0.181723, 51.416961 ], [ -0.181908, 51.41631 ], [ -0.187401, 51.416914 ], [ -0.192977, 51.416243 ], [ -0.202887, 51.414994 ], [ -0.224221, 51.409769 ], [ -0.226948, 51.409327 ], [ -0.230061, 51.409281 ], [ -0.234945, 51.409893 ], [ -0.240693, 51.411154 ], [ -0.249575, 51.414764 ], [ -0.249797, 51.41539 ], [ -0.249736, 51.415482 ], [ -0.24992, 51.416227 ], [ -0.251221, 51.418573 ], [ -0.251299, 51.422202 ], [ -0.252301, 51.423643 ], [ -0.252134, 51.426837 ], [ -0.253059, 51.428601 ], [ -0.252741, 51.430687 ], [ -0.250369, 51.432968 ] ] ] } },
{ "type": "Feature", "properties": { "LGB1911Gre": "1543", "LGB1911G_1": 10107660.0, "LGB1911G_2": "TEDDINGTON", "LGB1911G_3": "P", "LGB1911G_4": "eng", "LGB1911G_5": "LG_DIST", "LGB1911G_6": "UD", "LGB1911G_7": "ENGLAND", "LGB1911G_8": 1911.0, "LGB1911G_9": "GBHGIS", "LGB1911_10": null, "LGB1911_11": null, "LGB1911_12": null, "1911popGre": 10107660, "1911popG_1": "TEDDINGTON", "1911popG_2": "UD", "1911popG_3": 0, "F_AREA": 4875682.4633799996 }, "geometry": { "type": "Polygon", "coordinates": [ [ [ -0.374368, 51.438042 ], [ -0.372528, 51.438859 ], [ -0.371606, 51.439269 ], [ -0.369472, 51.44007 ], [ -0.367901, 51.441204 ], [ -0.367343, 51.441598 ], [ -0.36669, 51.442071 ], [ -0.366083, 51.442546 ], [ -0.365177, 51.443363 ], [ -0.36513, 51.443361 ], [ -0.364273, 51.44314 ], [ -0.362587, 51.442633 ], [ -0.361057, 51.44178 ], [ -0.353793, 51.437649 ], [ -0.352156, 51.437371 ], [ -0.350086, 51.437089 ], [ -0.347774, 51.436873 ], [ -0.342792, 51.436149 ], [ -0.341778, 51.436076 ], [ -0.33877, 51.435401 ], [ -0.333292, 51.432994 ], [ -0.331932, 51.432905 ], [ -0.329969, 51.432916 ], [ -0.328553, 51.432959 ], [ -0.327249, 51.43312 ], [ -0.326817, 51.433155 ], [ -0.318951, 51.429853 ], [ -0.314876, 51.4287 ], [ -0.314353, 51.428463 ], [ -0.310807, 51.426887 ], [ -0.308955, 51.425551 ], [ -0.30728, 51.423904 ], [ -0.306014, 51.422625 ], [ -0.306506, 51.418127 ], [ -0.306768, 51.417509 ], [ -0.31285, 51.416192 ], [ -0.314761, 51.41612 ], [ -0.315276, 51.417773 ], [ -0.317625, 51.418416 ], [ -0.318051, 51.418899 ], [ -0.319553, 51.419202 ], [ -0.320149, 51.418837 ], [ -0.321331, 51.418275 ], [ -0.323486, 51.417494 ], [ -0.325849, 51.418448 ], [ -0.327656, 51.419076 ], [ -0.329486, 51.419664 ], [ -0.329958, 51.420487 ], [ -0.340479, 51.422837 ], [ -0.341545, 51.424064 ], [ -0.345497, 51.425547 ], [ -0.34602, 51.426552 ], [ -0.346296, 51.427375 ], [ -0.346578, 51.428448 ], [ -0.34998, 51.430492 ], [ -0.351453, 51.431428 ], [ -0.354465, 51.432857 ], [ -0.35844, 51.4335 ], [ -0.36046, 51.434127 ], [ -0.363676, 51.435145 ], [ -0.365968, 51.435743 ], [ -0.367498, 51.43627 ], [ -0.36954, 51.436756 ], [ -0.37082, 51.437084 ], [ -0.372294, 51.437596 ], [ -0.373003, 51.437776 ], [ -0.373853, 51.43802 ], [ -0.374368, 51.438042 ] ] ] } },
{ "type": "Feature", "properties": { "LGB1911Gre": "1552", "LGB1911G_1": 10153244.0, "LGB1911G_2": "FRIERN BARNET", "LGB1911G_3": "P", "LGB1911G_4": "eng", "LGB1911G_5": "LG_DIST", "LGB1911G_6": "UD", "LGB1911G_7": "ENGLAND", "LGB1911G_8": 1911.0, "LGB1911G_9": "GBHGIS", "LGB1911_10": null, "LGB1911_11": null, "LGB1911_12": "y", "1911popGre": 10153244, "1911popG_1": "FRIERN BARNET", "1911popG_2": "UD", "1911popG_3": 0, "F_AREA": 5955295.93652 }, "geometry": { "type": "Polygon", "coordinates": [ [ [ -0.181204, 51.638337 ], [ -0.180071, 51.638191 ], [ -0.178658, 51.637915 ], [ -0.177034, 51.637646 ], [ -0.169581, 51.63946 ], [ -0.165636, 51.638325 ], [ -0.163744, 51.636625 ], [ -0.162879, 51.635547 ], [ -0.161965, 51.634156 ], [ -0.16074, 51.632598 ], [ -0.15935, 51.630175 ], [ -0.157148, 51.627397 ], [ -0.154791, 51.625319 ], [ -0.153743, 51.623754 ], [ -0.152147, 51.622363 ], [ -0.151123, 51.621725 ], [ -0.150045, 51.622221 ], [ -0.148913, 51.621532 ], [ -0.146952, 51.62057 ], [ -0.145736, 51.619985 ], [ -0.144504, 51.619095 ], [ -0.143641, 51.618708 ], [ -0.142575, 51.617978 ], [ -0.142326, 51.617801 ], [ -0.142564, 51.617567 ], [ -0.143216, 51.61694 ], [ -0.143422, 51.615015 ], [ -0.143441, 51.611157 ], [ -0.143509, 51.610595 ], [ -0.144034, 51.610284 ], [ -0.144063, 51.609573 ], [ -0.143898, 51.609353 ], [ -0.143179, 51.608358 ], [ -0.143247, 51.607653 ], [ -0.143281, 51.607009 ], [ -0.14278, 51.60581 ], [ -0.142473, 51.605315 ], [ -0.142147, 51.60448 ], [ -0.142183, 51.603829 ], [ -0.142586, 51.603106 ], [ -0.142884, 51.602661 ], [ -0.143385, 51.601877 ], [ -0.143926, 51.601259 ], [ -0.14428, 51.600662 ], [ -0.144778, 51.599979 ], [ -0.146152, 51.5996 ], [ -0.146928, 51.599291 ], [ -0.147682, 51.59899 ], [ -0.151646, 51.597726 ], [ -0.153173, 51.599019 ], [ -0.153717, 51.600428 ], [ -0.15385, 51.601207 ], [ -0.153798, 51.602072 ], [ -0.153859, 51.602651 ], [ -0.154293, 51.603204 ], [ -0.154865, 51.603821 ], [ -0.155314, 51.604176 ], [ -0.156443, 51.604982 ], [ -0.156004, 51.6055 ], [ -0.154974, 51.605956 ], [ -0.154924, 51.605834 ], [ -0.154648, 51.605713 ], [ -0.15165, 51.606488 ], [ -0.152498, 51.60703 ], [ -0.153074, 51.60736 ], [ -0.153688, 51.608308 ], [ -0.154364, 51.610114 ], [ -0.155389, 51.609894 ], [ -0.156302, 51.610203 ], [ -0.157293, 51.610985 ], [ -0.159102, 51.612193 ], [ -0.160739, 51.612514 ], [ -0.160604, 51.612188 ], [ -0.162192, 51.612009 ], [ -0.163891, 51.611775 ], [ -0.167412, 51.612146 ], [ -0.168544, 51.612266 ], [ -0.169761, 51.612394 ], [ -0.17137, 51.613239 ], [ -0.171989, 51.613482 ], [ -0.17327, 51.614085 ], [ -0.173567, 51.614644 ], [ -0.173658, 51.614819 ], [ -0.173848, 51.615375 ], [ -0.173863, 51.616248 ], [ -0.173791, 51.617005 ], [ -0.173821, 51.618027 ], [ -0.175239, 51.619417 ], [ -0.176041, 51.620243 ], [ -0.17661, 51.621009 ], [ -0.177053, 51.622645 ], [ -0.181204, 51.638337 ] ] ] } },
{ "type": "Feature", "properties": { "LGB1911Gre": "1554", "LGB1911G_1": 10054990.0, "LGB1911G_2": "FINCHLEY", "LGB1911G_3": "P", "LGB1911G_4": "eng", "LGB1911G_5": "LG_DIST", "LGB1911G_6": "UD", "LGB1911G_7": "ENGLAND", "LGB1911G_8": 1911.0, "LGB1911G_9": "GBHGIS", "LGB1911_10": null, "LGB1911_11": null, "LGB1911_12": "y", "1911popGre": 10054990, "1911popG_1": "FINCHLEY", "1911popG_2": "UD", "1911popG_3": 0, "F_AREA": 13311969.98 }, "geometry": { "type": "Polygon", "coordinates": [ [ [ -0.188112, 51.638656 ], [ -0.18584, 51.638873 ], [ -0.184177, 51.638774 ], [ -0.182228, 51.638472 ], [ -0.182106, 51.638456 ], [ -0.181204, 51.638337 ], [ -0.177053, 51.622645 ], [ -0.17661, 51.621009 ], [ -0.176041, 51.620243 ], [ -0.175239, 51.619417 ], [ -0.173821, 51.618027 ], [ -0.173791, 51.617005 ], [ -0.173863, 51.616248 ], [ -0.173848, 51.615375 ], [ -0.173658, 51.614819 ], [ -0.173567, 51.614644 ], [ -0.17327, 51.614085 ], [ -0.171989, 51.613482 ], [ -0.17137, 51.613239 ], [ -0.169761, 51.612394 ], [ -0.168544, 51.612266 ], [ -0.167412, 51.612146 ], [ -0.163891, 51.611775 ], [ -0.162192, 51.612009 ], [ -0.160604, 51.612188 ], [ -0.160739, 51.612514 ], [ -0.160049, 51.611914 ], [ -0.158968, 51.611248 ], [ -0.158141, 51.610704 ], [ -0.157946, 51.610561 ], [ -0.157361, 51.610131 ], [ -0.15637, 51.608671 ], [ -0.155912, 51.608047 ], [ -0.155421, 51.607012 ], [ -0.154974, 51.605956 ], [ -0.156004, 51.6055 ], [ -0.156443, 51.604982 ], [ -0.157741, 51.603922 ], [ -0.160236, 51.600274 ], [ -0.161257, 51.599234 ], [ -0.162451, 51.59802 ], [ -0.160886, 51.594154 ], [ -0.160087, 51.593128 ], [ -0.159754, 51.592491 ], [ -0.159443, 51.591709 ], [ -0.159434, 51.590808 ], [ -0.160414, 51.589346 ], [ -0.161039, 51.588421 ], [ -0.161558, 51.587858 ], [ -0.162305, 51.586124 ], [ -0.162364, 51.584811 ], [ -0.162365, 51.584779 ], [ -0.162347, 51.583577 ], [ -0.162686, 51.582947 ], [ -0.163124, 51.582129 ], [ -0.163956, 51.581656 ], [ -0.165981, 51.580795 ], [ -0.170353, 51.578443 ], [ -0.170493, 51.578352 ], [ -0.172189, 51.577245 ], [ -0.17307, 51.573886 ], [ -0.173049, 51.571707 ], [ -0.173044, 51.571369 ], [ -0.173149, 51.570585 ], [ -0.174869, 51.57 ], [ -0.175902, 51.57014 ], [ -0.179589, 51.570279 ], [ -0.180943, 51.570842 ], [ -0.18055, 51.570766 ], [ -0.181283, 51.57126 ], [ -0.182175, 51.571969 ], [ -0.1828, 51.572583 ], [ -0.184145, 51.575442 ], [ -0.183073, 51.577625 ], [ -0.18282, 51.578812 ], [ -0.182236, 51.579884 ], [ -0.182276, 51.579894 ], [ -0.18386, 51.5803 ], [ -0.183869, 51.580308 ], [ -0.184935, 51.581178 ], [ -0.187613, 51.581192 ], [ -0.18874, 51.581873 ], [ -0.189886, 51.582291 ], [ -0.190608, 51.581865 ], [ -0.191804, 51.581185 ], [ -0.192162, 51.581845 ], [ -0.192458, 51.582851 ], [ -0.192673, 51.583848 ], [ -0.193914, 51.58514 ], [ -0.194801, 51.58673 ], [ -0.194812, 51.587768 ], [ -0.194975, 51.588293 ], [ -0.19614, 51.588763 ], [ -0.197639, 51.589179 ], [ -0.198857, 51.58973 ], [ -0.200028, 51.590023 ], [ -0.20151, 51.589894 ], [ -0.204331, 51.589311 ], [ -0.205986, 51.588862 ], [ -0.207941, 51.588293 ], [ -0.209344, 51.587885 ], [ -0.210081, 51.587814 ], [ -0.211356, 51.588243 ], [ -0.211757, 51.588965 ], [ -0.21156, 51.589591 ], [ -0.211494, 51.590252 ], [ -0.211646, 51.591207 ], [ -0.212324, 51.591821 ], [ -0.212376, 51.59292 ], [ -0.212635, 51.593529 ], [ -0.212744, 51.594765 ], [ -0.212049, 51.595179 ], [ -0.21094, 51.595952 ], [ -0.211433, 51.597243 ], [ -0.210913, 51.59809 ], [ -0.210308, 51.598599 ], [ -0.211071, 51.59979 ], [ -0.210826, 51.600309 ], [ -0.210514, 51.601144 ], [ -0.209751, 51.60165 ], [ -0.208805, 51.602348 ], [ -0.208606, 51.602887 ], [ -0.208022, 51.603879 ], [ -0.206521, 51.604287 ], [ -0.204956, 51.60455 ], [ -0.203508, 51.605162 ], [ -0.203661, 51.605454 ], [ -0.20389, 51.605889 ], [ -0.203421, 51.606949 ], [ -0.201509, 51.608134 ], [ -0.199733, 51.608397 ], [ -0.199799, 51.60912 ], [ -0.199673, 51.609985 ], [ -0.198393, 51.610688 ], [ -0.196526, 51.610891 ], [ -0.194959, 51.611851 ], [ -0.193453, 51.612348 ], [ -0.191854, 51.612874 ], [ -0.191122, 51.613961 ], [ -0.190753, 51.615605 ], [ -0.190739, 51.616474 ], [ -0.190858, 51.618389 ], [ -0.190201, 51.619753 ], [ -0.189128, 51.620739 ], [ -0.187984, 51.621225 ], [ -0.187348, 51.622049 ], [ -0.185585, 51.622736 ], [ -0.182843, 51.625637 ], [ -0.181826, 51.626512 ], [ -0.181543, 51.627279 ], [ -0.182312, 51.628435 ], [ -0.182094, 51.629294 ], [ -0.181047, 51.630317 ], [ -0.180338, 51.631075 ], [ -0.181571, 51.633087 ], [ -0.182496, 51.633457 ], [ -0.183822, 51.633992 ], [ -0.18428, 51.634893 ], [ -0.184962, 51.635514 ], [ -0.185899, 51.635955 ], [ -0.187747, 51.636783 ], [ -0.188018, 51.638189 ], [ -0.188112, 51.638656 ] ] ] } },
{ "type": "Feature", "properties": { "LGB1911Gre": "1557", "LGB1911G_1": 10186353.0, "LGB1911G_2": "BETHNAL GREEN", "LGB1911G_3": "P", "LGB1911G_4": "eng", "LGB1911G_5": "LG_DIST", "LGB1911G_6": "MetB", "LGB1911G_7": "ENGLAND", "LGB1911G_8": 1911.0, "LGB1911G_9": "GBHGIS", "LGB1911_10": null, "LGB1911_11": null, "LGB1911_12": null, "1911popGre": 10186353, "1911popG_1": "BETHNAL GREEN", "1911popG_2": "MetB", "1911popG_3": 128183, "F_AREA": 3147084.2797900001 }, "geometry": { "type": "Polygon", "coordinates": [ [ [ -0.062568, 51.535976 ], [ -0.061422, 51.53548 ], [ -0.060692, 51.534965 ], [ -0.059775, 51.534627 ], [ -0.058565, 51.534687 ], [ -0.057464, 51.534982 ], [ -0.056627, 51.535362 ], [ -0.0554, 51.53575 ], [ -0.054628, 51.535906 ], [ -0.053841, 51.535864 ], [ -0.052973, 51.536067 ], [ -0.052453, 51.536795 ], [ -0.051864, 51.537103 ], [ -0.050861, 51.537345 ], [ -0.050011, 51.537253 ], [ -0.048956, 51.536783 ], [ -0.048265, 51.536367 ], [ -0.047396, 51.536246 ], [ -0.046584, 51.53609 ], [ -0.045146, 51.536256 ], [ -0.044507, 51.536487 ], [ -0.043897, 51.536857 ], [ -0.041834, 51.537509 ], [ -0.040491, 51.536129 ], [ -0.039029, 51.536496 ], [ -0.037872, 51.5359 ], [ -0.037879, 51.53514 ], [ -0.037504, 51.534274 ], [ -0.035551, 51.531565 ], [ -0.034469, 51.530021 ], [ -0.035151, 51.529389 ], [ -0.037667, 51.528582 ], [ -0.03727, 51.527358 ], [ -0.039625, 51.52705 ], [ -0.040319, 51.526967 ], [ -0.041455, 51.526489 ], [ -0.04205, 51.52708 ], [ -0.042829, 51.52759 ], [ -0.044332, 51.527082 ], [ -0.045806, 51.526791 ], [ -0.047055, 51.526635 ], [ -0.048002, 51.526542 ], [ -0.049078, 51.526201 ], [ -0.049774, 51.526191 ], [ -0.050416, 51.525902 ], [ -0.051086, 51.527028 ], [ -0.051739, 51.526789 ], [ -0.053094, 51.526626 ], [ -0.053532, 51.526203 ], [ -0.053682, 51.525746 ], [ -0.054145, 51.52519 ], [ -0.054578, 51.52467 ], [ -0.054639, 51.524173 ], [ -0.054672, 51.523414 ], [ -0.055167, 51.522335 ], [ -0.055731, 51.521398 ], [ -0.056018, 51.520363 ], [ -0.057056, 51.520222 ], [ -0.057747, 51.520034 ], [ -0.058368, 51.520946 ], [ -0.058922, 51.521697 ], [ -0.059942, 51.521851 ], [ -0.060803, 51.521559 ], [ -0.061923, 51.521648 ], [ -0.062507, 51.521997 ], [ -0.064476, 51.522435 ], [ -0.065715, 51.522538 ], [ -0.067568, 51.522481 ], [ -0.06876, 51.522523 ], [ -0.069277, 51.521794 ], [ -0.071309, 51.521476 ], [ -0.071144, 51.522374 ], [ -0.071134, 51.52304 ], [ -0.073297, 51.523408 ], [ -0.074283, 51.523384 ], [ -0.075415, 51.523151 ], [ -0.075643, 51.52444 ], [ -0.076374, 51.525364 ], [ -0.076603, 51.52627 ], [ -0.076434, 51.526747 ], [ -0.077189, 51.527197 ], [ -0.076404, 51.527834 ], [ -0.07558, 51.528618 ], [ -0.075079, 51.529452 ], [ -0.074421, 51.530107 ], [ -0.072713, 51.530827 ], [ -0.071438, 51.531076 ], [ -0.069809, 51.531178 ], [ -0.067574, 51.531273 ], [ -0.06619, 51.531455 ], [ -0.06584, 51.532401 ], [ -0.065392, 51.533118 ], [ -0.065151, 51.533576 ], [ -0.063422, 51.533456 ], [ -0.062203, 51.533707 ], [ -0.062851, 51.53451 ], [ -0.063037, 51.535359 ], [ -0.062568, 51.535976 ] ] ] } },
{ "type": "Feature", "properties": { "LGB1911Gre": "1561", "LGB1911G_1": 10025849.0, "LGB1911G_2": "PADDINGTON", "LGB1911G_3": "P", "LGB1911G_4": "eng", "LGB1911G_5": "LG_DIST", "LGB1911G_6": "MetB", "LGB1911G_7": "ENGLAND", "LGB1911G_8": 1911.0, "LGB1911G_9": "GBHGIS", "LGB1911_10": null, "LGB1911_11": null, "LGB1911_12": null, "1911popGre": 10025849, "1911popG_1": "PADDINGTON", "1911popG_2": "MetB", "1911popG_3": 142551, "F_AREA": 5321256.4946299996 }, "geometry": { "type": "Polygon", "coordinates": [ [ [ -0.188312, 51.53467 ], [ -0.181595, 51.528243 ], [ -0.178296, 51.52531 ], [ -0.177337, 51.524476 ], [ -0.173513, 51.521812 ], [ -0.169923, 51.519202 ], [ -0.168424, 51.518061 ], [ -0.162223, 51.513739 ], [ -0.161677, 51.513325 ], [ -0.162495, 51.513228 ], [ -0.163653, 51.513001 ], [ -0.165411, 51.512727 ], [ -0.166945, 51.512618 ], [ -0.16843, 51.512466 ], [ -0.169921, 51.512324 ], [ -0.171026, 51.512107 ], [ -0.172561, 51.512017 ], [ -0.17513, 51.511761 ], [ -0.176776, 51.511273 ], [ -0.176638, 51.510701 ], [ -0.176435, 51.510012 ], [ -0.176554, 51.508676 ], [ -0.177398, 51.508488 ], [ -0.178463, 51.508233 ], [ -0.179571, 51.50796 ], [ -0.181418, 51.507576 ], [ -0.183049, 51.507406 ], [ -0.184972, 51.507127 ], [ -0.186936, 51.507038 ], [ -0.187344, 51.50768 ], [ -0.187889, 51.508976 ], [ -0.188304, 51.510106 ], [ -0.189018, 51.510042 ], [ -0.191005, 51.509896 ], [ -0.192594, 51.510137 ], [ -0.192992, 51.510823 ], [ -0.193293, 51.51169 ], [ -0.194297, 51.51157 ], [ -0.194703, 51.512704 ], [ -0.195289, 51.514869 ], [ -0.197102, 51.514616 ], [ -0.199404, 51.514755 ], [ -0.20078, 51.51779 ], [ -0.20145, 51.517629 ], [ -0.203131, 51.519605 ], [ -0.202946, 51.522371 ], [ -0.205064, 51.525387 ], [ -0.20563, 51.526011 ], [ -0.206452, 51.52622 ], [ -0.207337, 51.526309 ], [ -0.208572, 51.526592 ], [ -0.209772, 51.526758 ], [ -0.211244, 51.526848 ], [ -0.212702, 51.526902 ], [ -0.21382, 51.526865 ], [ -0.214932, 51.526658 ], [ -0.215281, 51.527238 ], [ -0.215901, 51.528333 ], [ -0.215614, 51.529354 ], [ -0.215036, 51.530208 ], [ -0.215106, 51.531033 ], [ -0.213617, 51.531472 ], [ -0.212646, 51.531589 ], [ -0.211581, 51.53182 ], [ -0.210471, 51.531958 ], [ -0.209492, 51.532278 ], [ -0.208434, 51.532606 ], [ -0.207661, 51.532795 ], [ -0.206816, 51.533042 ], [ -0.205619, 51.533084 ], [ -0.204719, 51.533111 ], [ -0.203334, 51.533121 ], [ -0.202214, 51.533046 ], [ -0.200996, 51.532593 ], [ -0.200378, 51.532066 ], [ -0.199863, 51.531646 ], [ -0.1986, 51.531125 ], [ -0.197899, 51.530614 ], [ -0.197499, 51.530134 ], [ -0.197456, 51.529182 ], [ -0.197544, 51.52853 ], [ -0.196774, 51.527967 ], [ -0.195964, 51.527905 ], [ -0.195395, 51.528569 ], [ -0.193899, 51.530256 ], [ -0.192587, 51.53186 ], [ -0.191856, 51.532985 ], [ -0.191631, 51.533579 ], [ -0.191457, 51.534526 ], [ -0.189706, 51.535606 ], [ -0.188312, 51.53467 ] ] ] } },
{ "type": "Feature", "properties": { "LGB1911Gre": "1563", "LGB1911G_1": 10166706.0, "LGB1911G_2": "MALDEN AND COOMBE", "LGB1911G_3": "P", "LGB1911G_4": "eng", "LGB1911G_5": "LG_DIST", "LGB1911G_6": "UD", "LGB1911G_7": "ENGLAND", "LGB1911G_8": 1911.0, "LGB1911G_9": "GBHGIS", "LGB1911_10": null, "LGB1911_11": null, "LGB1911_12": "y", "1911popGre": 10166706, "1911popG_1": "MALDEN AND COOMBE", "1911popG_2": "UD", "1911popG_3": 0, "F_AREA": 12761179.851600001 }, "geometry": { "type": "Polygon", "coordinates": [ [ [ -0.253193, 51.437537 ], [ -0.252447, 51.436605 ], [ -0.251244, 51.435452 ], [ -0.250344, 51.434341 ], [ -0.250273, 51.43355 ], [ -0.250369, 51.432968 ], [ -0.252741, 51.430687 ], [ -0.253059, 51.428601 ], [ -0.252134, 51.426837 ], [ -0.252301, 51.423643 ], [ -0.251299, 51.422202 ], [ -0.251221, 51.418573 ], [ -0.24992, 51.416227 ], [ -0.249736, 51.415482 ], [ -0.249797, 51.41539 ], [ -0.249575, 51.414764 ], [ -0.248535, 51.411893 ], [ -0.248564, 51.409894 ], [ -0.246855, 51.408407 ], [ -0.245546, 51.406132 ], [ -0.244925, 51.404019 ], [ -0.245317, 51.399544 ], [ -0.246511, 51.397456 ], [ -0.247425, 51.397011 ], [ -0.247411, 51.397002 ], [ -0.245402, 51.395654 ], [ -0.243869, 51.394114 ], [ -0.241657, 51.393216 ], [ -0.240338, 51.391694 ], [ -0.239634, 51.389689 ], [ -0.235712, 51.390334 ], [ -0.234381, 51.39011 ], [ -0.233731, 51.387148 ], [ -0.232754, 51.386636 ], [ -0.234644, 51.386875 ], [ -0.236195, 51.386271 ], [ -0.237735, 51.385662 ], [ -0.240031, 51.385619 ], [ -0.241589, 51.38469 ], [ -0.242012, 51.383083 ], [ -0.242044, 51.38159 ], [ -0.245309, 51.381602 ], [ -0.245665, 51.380233 ], [ -0.246782, 51.380436 ], [ -0.247636, 51.380518 ], [ -0.250259, 51.380329 ], [ -0.252081, 51.378859 ], [ -0.25496, 51.377643 ], [ -0.256897, 51.378326 ], [ -0.258982, 51.378328 ], [ -0.263768, 51.380939 ], [ -0.265206, 51.38198 ], [ -0.266818, 51.382068 ], [ -0.268436, 51.384127 ], [ -0.268284, 51.386643 ], [ -0.269386, 51.38852 ], [ -0.27022, 51.389832 ], [ -0.272039, 51.391616 ], [ -0.272648, 51.392361 ], [ -0.273464, 51.394579 ], [ -0.274849, 51.396583 ], [ -0.276288, 51.398256 ], [ -0.277645, 51.398606 ], [ -0.278606, 51.397936 ], [ -0.280475, 51.399607 ], [ -0.282875, 51.399592 ], [ -0.284355, 51.400182 ], [ -0.288283, 51.401678 ], [ -0.288008, 51.40329 ], [ -0.285938, 51.405305 ], [ -0.282538, 51.405781 ], [ -0.280023, 51.407097 ], [ -0.2785, 51.408735 ], [ -0.278519, 51.410059 ], [ -0.278438, 51.415852 ], [ -0.277626, 51.417997 ], [ -0.277965, 51.420799 ], [ -0.281069, 51.421662 ], [ -0.285655, 51.421127 ], [ -0.287059, 51.423117 ], [ -0.289653, 51.423671 ], [ -0.290793, 51.423579 ], [ -0.293739, 51.423325 ], [ -0.292125, 51.425351 ], [ -0.291623, 51.425542 ], [ -0.286085, 51.427632 ], [ -0.282825, 51.428553 ], [ -0.280734, 51.427385 ], [ -0.277193, 51.427098 ], [ -0.275791, 51.425545 ], [ -0.264824, 51.431877 ], [ -0.253193, 51.437537 ] ] ] } },
{ "type": "Feature", "properties": { "LGB1911Gre": "1574", "LGB1911G_1": 10209018.0, "LGB1911G_2": "BUCKHURST HILL", "LGB1911G_3": "P", "LGB1911G_4": "eng", "LGB1911G_5": "LG_DIST", "LGB1911G_6": "UD", "LGB1911G_7": "ENGLAND", "LGB1911G_8": 1911.0, "LGB1911G_9": "GBHGIS", "LGB1911_10": null, "LGB1911_11": null, "LGB1911_12": null, "1911popGre": 10209018, "1911popG_1": "BUCKHURST HILL", "1911popG_2": "UD", "1911popG_3": 0, "F_AREA": 3420762.6386699998 }, "geometry": { "type": "Polygon", "coordinates": [ [ [ 0.025497, 51.634493 ], [ 0.027423, 51.634744 ], [ 0.029342, 51.63485 ], [ 0.030605, 51.634911 ], [ 0.033621, 51.63378 ], [ 0.035588, 51.633075 ], [ 0.038365, 51.632671 ], [ 0.041809, 51.632515 ], [ 0.044371, 51.632463 ], [ 0.047488, 51.632313 ], [ 0.050703, 51.631409 ], [ 0.052858, 51.630729 ], [ 0.058505, 51.629109 ], [ 0.059272, 51.62947 ], [ 0.060165, 51.628757 ], [ 0.058683, 51.625604 ], [ 0.05872, 51.62459 ], [ 0.058661, 51.62355 ], [ 0.057116, 51.622597 ], [ 0.055563, 51.622368 ], [ 0.054313, 51.622538 ], [ 0.05345, 51.622932 ], [ 0.052394, 51.623243 ], [ 0.051366, 51.623206 ], [ 0.05051, 51.622066 ], [ 0.050887, 51.621306 ], [ 0.051441, 51.621208 ], [ 0.051999, 51.620328 ], [ 0.051624, 51.619468 ], [ 0.052344, 51.61899 ], [ 0.05314, 51.619061 ], [ 0.053815, 51.618613 ], [ 0.054393, 51.61727 ], [ 0.054839, 51.616074 ], [ 0.053939, 51.615803 ], [ 0.053103, 51.615878 ], [ 0.052147, 51.616303 ], [ 0.051251, 51.616118 ], [ 0.049956, 51.61464 ], [ 0.048884, 51.614633 ], [ 0.048, 51.61384 ], [ 0.04858, 51.612526 ], [ 0.045387, 51.612967 ], [ 0.027839, 51.626228 ], [ 0.021809, 51.628519 ], [ 0.02182, 51.628721 ], [ 0.025754, 51.633244 ], [ 0.025497, 51.634493 ] ] ] } },
{ "type": "Feature", "properties": { "LGB1911Gre": "1577", "LGB1911G_1": 10135680.0, "LGB1911G_2": "WOODFORD", "LGB1911G_3": "P", "LGB1911G_4": "eng", "LGB1911G_5": "LG_DIST", "LGB1911G_6": "UD", "LGB1911G_7": "ENGLAND", "LGB1911G_8": 1911.0, "LGB1911G_9": "GBHGIS", "LGB1911_10": null, "LGB1911_11": null, "LGB1911_12": "y", "1911popGre": 10135680, "1911popG_1": "WOODFORD", "1911popG_2": "UD", "1911popG_3": 0, "F_AREA": 9111574.9282200001 }, "geometry": { "type": "Polygon", "coordinates": [ [ [ 0.010091, 51.618972 ], [ 0.021809, 51.628519 ], [ 0.027839, 51.626228 ], [ 0.045387, 51.612967 ], [ 0.04858, 51.612526 ], [ 0.054652, 51.611882 ], [ 0.062514, 51.606543 ], [ 0.04754, 51.590589 ], [ 0.036166, 51.587451 ], [ 0.03779, 51.588144 ], [ 0.036847, 51.587959 ], [ 0.035917, 51.588034 ], [ 0.033737, 51.58836 ], [ 0.030745, 51.589193 ], [ 0.029178, 51.590436 ], [ 0.023715, 51.592045 ], [ 0.018871, 51.593036 ], [ 0.015524, 51.594084 ], [ 0.012082, 51.594608 ], [ 0.012591, 51.600021 ], [ 0.01324, 51.601602 ], [ 0.015359, 51.603645 ], [ 0.017153, 51.604911 ], [ 0.018747, 51.606761 ], [ 0.020506, 51.609069 ], [ 0.022128, 51.611439 ], [ 0.022117, 51.611446 ], [ 0.02091, 51.612187 ], [ 0.019921, 51.612843 ], [ 0.019223, 51.613725 ], [ 0.018772, 51.614863 ], [ 0.018606, 51.616006 ], [ 0.018603, 51.616024 ], [ 0.017273, 51.616427 ], [ 0.015483, 51.616954 ], [ 0.013653, 51.617599 ], [ 0.012154, 51.618323 ], [ 0.010091, 51.618972 ] ] ] } },
{ "type": "Feature", "properties": { "LGB1911Gre": "1579", "LGB1911G_1": 10135540.0, "LGB1911G_2": "FINSBURY", "LGB1911G_3": "P", "LGB1911G_4": "eng", "LGB1911G_5": "LG_DIST", "LGB1911G_6": "MetB", "LGB1911G_7": "ENGLAND", "LGB1911G_8": 1911.0, "LGB1911G_9": "GBHGIS", "LGB1911_10": null, "LGB1911_11": null, "LGB1911_12": null, "1911popGre": 10135540, "1911popG_1": "FINSBURY", "1911popG_2": "MetB", "1911popG_3": 87923, "F_AREA": 2348361.6230500001 }, "geometry": { "type": "Polygon", "coordinates": [ [ [ -0.096033, 51.532485 ], [ -0.095643, 51.531333 ], [ -0.0949, 51.530317 ], [ -0.094626, 51.529728 ], [ -0.094583, 51.529054 ], [ -0.093988, 51.528464 ], [ -0.092925, 51.528208 ], [ -0.092162, 51.528067 ], [ -0.09085, 51.52783 ], [ -0.089688, 51.527508 ], [ -0.08871, 51.527144 ], [ -0.088074, 51.526598 ], [ -0.087935, 51.526064 ], [ -0.087743, 51.525642 ], [ -0.086488, 51.525672 ], [ -0.085174, 51.525963 ], [ -0.084898, 51.525229 ], [ -0.085329, 51.524747 ], [ -0.08562, 51.524305 ], [ -0.085224, 51.523735 ], [ -0.084442, 51.523814 ], [ -0.084562, 51.523148 ], [ -0.084599, 51.522163 ], [ -0.08498, 51.521067 ], [ -0.085269, 51.520149 ], [ -0.085814, 51.519361 ], [ -0.08623, 51.518719 ], [ -0.088167, 51.51941 ], [ -0.08905, 51.519685 ], [ -0.090059, 51.520014 ], [ -0.09135, 51.520324 ], [ -0.09202, 51.520681 ], [ -0.092398, 51.521076 ], [ -0.093136, 51.521158 ], [ -0.094073, 51.521314 ], [ -0.09508, 51.521447 ], [ -0.096022, 51.521493 ], [ -0.096793, 51.521368 ], [ -0.097232, 51.520711 ], [ -0.098135, 51.520372 ], [ -0.098528, 51.519955 ], [ -0.099459, 51.51975 ], [ -0.100217, 51.520157 ], [ -0.100741, 51.519773 ], [ -0.101586, 51.519719 ], [ -0.102584, 51.519417 ], [ -0.10361, 51.519388 ], [ -0.105062, 51.519309 ], [ -0.106031, 51.519826 ], [ -0.106494, 51.520968 ], [ -0.10715, 51.52182 ], [ -0.107644, 51.522244 ], [ -0.108814, 51.522835 ], [ -0.110035, 51.522947 ], [ -0.111233, 51.523371 ], [ -0.11286, 51.523724 ], [ -0.11353, 51.524073 ], [ -0.114158, 51.524441 ], [ -0.114963, 51.52556 ], [ -0.114351, 51.526091 ], [ -0.113671, 51.526438 ], [ -0.114716, 51.526966 ], [ -0.11548, 51.527421 ], [ -0.116418, 51.528152 ], [ -0.116545, 51.529328 ], [ -0.116681, 51.52987 ], [ -0.117353, 51.530198 ], [ -0.118046, 51.530422 ], [ -0.119248, 51.530749 ], [ -0.120131, 51.531038 ], [ -0.120398, 51.532139 ], [ -0.119193, 51.53213 ], [ -0.119354, 51.533234 ], [ -0.118207, 51.533412 ], [ -0.117951, 51.534299 ], [ -0.116903, 51.534229 ], [ -0.114621, 51.533785 ], [ -0.113167, 51.533464 ], [ -0.111138, 51.533103 ], [ -0.109793, 51.533166 ], [ -0.108898, 51.533413 ], [ -0.107995, 51.533558 ], [ -0.107392, 51.533951 ], [ -0.106191, 51.534042 ], [ -0.10611, 51.533543 ], [ -0.105566, 51.532771 ], [ -0.105158, 51.531949 ], [ -0.10522, 51.531103 ], [ -0.102498, 51.530508 ], [ -0.100849, 51.530151 ], [ -0.09906, 51.529666 ], [ -0.097904, 51.529471 ], [ -0.097205, 51.529265 ], [ -0.097328, 51.53031 ], [ -0.097784, 51.531063 ], [ -0.098567, 51.53165 ], [ -0.098781, 51.532108 ], [ -0.097397, 51.532171 ], [ -0.096033, 51.532485 ] ] ] } },
{ "type": "Feature", "properties": { "LGB1911Gre": "1581", "LGB1911G_1": 10025850.0, "LGB1911G_2": "ACTON", "LGB1911G_3": "P", "LGB1911G_4": "eng", "LGB1911G_5": "LG_DIST", "LGB1911G_6": "UD", "LGB1911G_7": "ENGLAND", "LGB1911G_8": 1911.0, "LGB1911G_9": "GBHGIS", "LGB1911_10": null, "LGB1911_11": null, "LGB1911_12": "y", "1911popGre": 10025850, "1911popG_1": "ACTON", "1911popG_2": "UD", "1911popG_3": 0, "F_AREA": 9096617.1191399992 }, "geometry": { "type": "Polygon", "coordinates": [ [ [ -0.27995, 51.527989 ], [ -0.277909, 51.527988 ], [ -0.274277, 51.528924 ], [ -0.272414, 51.529334 ], [ -0.270324, 51.529567 ], [ -0.268738, 51.529864 ], [ -0.26644, 51.53079 ], [ -0.264878, 51.531842 ], [ -0.263648, 51.532609 ], [ -0.262231, 51.533287 ], [ -0.260727, 51.533675 ], [ -0.258242, 51.534021 ], [ -0.256131, 51.534284 ], [ -0.253789, 51.534457 ], [ -0.251032, 51.53442 ], [ -0.250008, 51.53429 ], [ -0.248995, 51.533898 ], [ -0.247622, 51.533121 ], [ -0.246618, 51.532523 ], [ -0.247719, 51.532186 ], [ -0.248292, 51.531265 ], [ -0.248861, 51.530819 ], [ -0.249214, 51.530394 ], [ -0.249806, 51.529723 ], [ -0.250196, 51.529228 ], [ -0.250517, 51.528601 ], [ -0.249049, 51.528166 ], [ -0.247699, 51.527985 ], [ -0.246682, 51.527912 ], [ -0.245734, 51.527171 ], [ -0.244507, 51.526362 ], [ -0.244502, 51.525898 ], [ -0.244457, 51.525291 ], [ -0.24457, 51.524824 ], [ -0.245211, 51.524341 ], [ -0.245704, 51.52374 ], [ -0.246093, 51.523324 ], [ -0.247062, 51.522765 ], [ -0.247556, 51.522425 ], [ -0.247568, 51.521804 ], [ -0.248026, 51.521215 ], [ -0.249772, 51.520743 ], [ -0.250145, 51.520311 ], [ -0.251309, 51.520016 ], [ -0.252145, 51.519449 ], [ -0.252301, 51.518577 ], [ -0.251917, 51.517204 ], [ -0.251108, 51.514773 ], [ -0.250898, 51.51346 ], [ -0.249031, 51.512152 ], [ -0.247179, 51.511801 ], [ -0.246558, 51.511289 ], [ -0.245843, 51.510493 ], [ -0.245421, 51.509773 ], [ -0.244779, 51.508358 ], [ -0.244182, 51.506625 ], [ -0.245656, 51.506555 ], [ -0.244593, 51.504421 ], [ -0.246512, 51.503936 ], [ -0.247432, 51.50448 ], [ -0.249461, 51.504198 ], [ -0.251749, 51.504178 ], [ -0.252164, 51.504415 ], [ -0.253533, 51.50431 ], [ -0.254739, 51.504088 ], [ -0.255681, 51.503375 ], [ -0.254731, 51.502791 ], [ -0.254101, 51.502182 ], [ -0.253569, 51.501173 ], [ -0.252669, 51.500238 ], [ -0.251613, 51.500181 ], [ -0.250652, 51.500019 ], [ -0.251577, 51.499613 ], [ -0.252158, 51.4989 ], [ -0.252634, 51.498094 ], [ -0.25354, 51.497066 ], [ -0.254366, 51.496203 ], [ -0.254774, 51.495776 ], [ -0.255997, 51.495399 ], [ -0.259738, 51.494716 ], [ -0.263038, 51.493991 ], [ -0.264206, 51.493832 ], [ -0.265643, 51.493235 ], [ -0.266224, 51.493086 ], [ -0.266845, 51.492926 ], [ -0.270621, 51.492787 ], [ -0.272403, 51.4928 ], [ -0.274587, 51.492656 ], [ -0.276753, 51.492636 ], [ -0.276979, 51.493455 ], [ -0.277091, 51.494143 ], [ -0.277172, 51.494948 ], [ -0.275945, 51.494958 ], [ -0.273599, 51.495889 ], [ -0.273295, 51.494508 ], [ -0.272065, 51.494529 ], [ -0.270788, 51.494754 ], [ -0.270723, 51.495012 ], [ -0.270543, 51.495723 ], [ -0.27103, 51.496952 ], [ -0.271855, 51.49766 ], [ -0.272586, 51.497929 ], [ -0.275226, 51.498765 ], [ -0.277983, 51.501411 ], [ -0.278793, 51.50232 ], [ -0.279421, 51.503141 ], [ -0.280454, 51.504373 ], [ -0.28048, 51.5045 ], [ -0.283547, 51.520104 ], [ -0.283573, 51.520239 ], [ -0.283982, 51.520827 ], [ -0.28416, 51.521381 ], [ -0.284196, 51.522079 ], [ -0.284412, 51.523098 ], [ -0.284533, 51.524175 ], [ -0.284476, 51.524783 ], [ -0.284582, 51.526642 ], [ -0.284709, 51.527341 ], [ -0.284886, 51.527809 ], [ -0.27995, 51.527989 ] ] ] } },
{ "type": "Feature", "properties": { "LGB1911Gre": "1582", "LGB1911G_1": 10074113.0, "LGB1911G_2": "CHISLEHURST", "LGB1911G_3": "P", "LGB1911G_4": "eng", "LGB1911G_5": "LG_DIST", "LGB1911G_6": "UD", "LGB1911G_7": "ENGLAND", "LGB1911G_8": 1911.0, "LGB1911G_9": "GBHGIS", "LGB1911_10": null, "LGB1911_11": null, "LGB1911_12": "y", "1911popGre": 10074113, "1911popG_1": "CHISLEHURST", "1911popG_2": "UD", "1911popG_3": 0, "F_AREA": 11263385.8325 }, "geometry": { "type": "Polygon", "coordinates": [ [ [ 0.070882, 51.429462 ], [ 0.073577, 51.428214 ], [ 0.07636, 51.428008 ], [ 0.079392, 51.427415 ], [ 0.089906, 51.425234 ], [ 0.097798, 51.424271 ], [ 0.100694, 51.424906 ], [ 0.106976, 51.423999 ], [ 0.115691, 51.423731 ], [ 0.118009, 51.422231 ], [ 0.119503, 51.421057 ], [ 0.119433, 51.417413 ], [ 0.119243, 51.415824 ], [ 0.119383, 51.414375 ], [ 0.117573, 51.415842 ], [ 0.115073, 51.415984 ], [ 0.113678, 51.414437 ], [ 0.112512, 51.412684 ], [ 0.11174, 51.411591 ], [ 0.11109, 51.411656 ], [ 0.108728, 51.411798 ], [ 0.105899, 51.411832 ], [ 0.104881, 51.4119 ], [ 0.101796, 51.412685 ], [ 0.101857, 51.413174 ], [ 0.101292, 51.414452 ], [ 0.098887, 51.414653 ], [ 0.098441, 51.413758 ], [ 0.09794, 51.412571 ], [ 0.098162, 51.410496 ], [ 0.101543, 51.410345 ], [ 0.105099, 51.40975 ], [ 0.107874, 51.409283 ], [ 0.10861, 51.407883 ], [ 0.106084, 51.408257 ], [ 0.10187, 51.406852 ], [ 0.098697, 51.406133 ], [ 0.097784, 51.40859 ], [ 0.094969, 51.409413 ], [ 0.093717, 51.411046 ], [ 0.091203, 51.41223 ], [ 0.088902, 51.411349 ], [ 0.086395, 51.409773 ], [ 0.087075, 51.407798 ], [ 0.0846, 51.407271 ], [ 0.081989, 51.406828 ], [ 0.082301, 51.404944 ], [ 0.082986, 51.402996 ], [ 0.085105, 51.40122 ], [ 0.086042, 51.397824 ], [ 0.087057, 51.396066 ], [ 0.084367, 51.396045 ], [ 0.083337, 51.395254 ], [ 0.08251, 51.39462 ], [ 0.080173, 51.394421 ], [ 0.078648, 51.391863 ], [ 0.079094, 51.390623 ], [ 0.07922, 51.390266 ], [ 0.077479, 51.386936 ], [ 0.075987, 51.385193 ], [ 0.073622, 51.385226 ], [ 0.07028, 51.385157 ], [ 0.068038, 51.384639 ], [ 0.065502, 51.384784 ], [ 0.063947, 51.385501 ], [ 0.065826, 51.388465 ], [ 0.065825, 51.390204 ], [ 0.06486, 51.392482 ], [ 0.064787, 51.394654 ], [ 0.065022, 51.395076 ], [ 0.066036, 51.396899 ], [ 0.06729, 51.398266 ], [ 0.066897, 51.3992 ], [ 0.066383, 51.400428 ], [ 0.05628, 51.40454 ], [ 0.056321, 51.406585 ], [ 0.055311, 51.40841 ], [ 0.051817, 51.411279 ], [ 0.048471, 51.412532 ], [ 0.047563, 51.414288 ], [ 0.048635, 51.414942 ], [ 0.049382, 51.415348 ], [ 0.052128, 51.415584 ], [ 0.054058, 51.417115 ], [ 0.053351, 51.418844 ], [ 0.054308, 51.419492 ], [ 0.053972, 51.419817 ], [ 0.056543, 51.42081 ], [ 0.056332, 51.42251 ], [ 0.057403, 51.424577 ], [ 0.0588, 51.424566 ], [ 0.060022, 51.424705 ], [ 0.061143, 51.424853 ], [ 0.061604, 51.424263 ], [ 0.062659, 51.42372 ], [ 0.063144, 51.424151 ], [ 0.063597, 51.424657 ], [ 0.064487, 51.425558 ], [ 0.065385, 51.425826 ], [ 0.066255, 51.425793 ], [ 0.067108, 51.426129 ], [ 0.068101, 51.4265 ], [ 0.068871, 51.427172 ], [ 0.069246, 51.427592 ], [ 0.069691, 51.42824 ], [ 0.070359, 51.428968 ], [ 0.070882, 51.429462 ] ] ] } },
{ "type": "Feature", "properties": { "LGB1911Gre": "1583", "LGB1911G_1": 10041466.0, "LGB1911G_2": "BROMLEY", "LGB1911G_3": "P", "LGB1911G_4": "eng", "LGB1911G_5": "LG_DIST", "LGB1911G_6": "MB", "LGB1911G_7": "ENGLAND", "LGB1911G_8": 1911.0, "LGB1911G_9": "GBHGIS", "LGB1911_10": null, "LGB1911_11": null, "LGB1911_12": "y", "1911popGre": 10041466, "1911popG_1": "BROMLEY", "1911popG_2": "MB", "1911popG_3": 33646, "F_AREA": 18779057.567899998 }, "geometry": { "type": "Polygon", "coordinates": [ [ [ 0.039213, 51.424691 ], [ 0.040775, 51.424338 ], [ 0.044427, 51.423608 ], [ 0.048509, 51.423004 ], [ 0.05061, 51.422219 ], [ 0.052942, 51.420456 ], [ 0.054308, 51.419492 ], [ 0.053351, 51.418844 ], [ 0.054058, 51.417115 ], [ 0.052128, 51.415584 ], [ 0.049382, 51.415348 ], [ 0.048635, 51.414942 ], [ 0.047563, 51.414288 ], [ 0.048471, 51.412532 ], [ 0.051817, 51.411279 ], [ 0.055311, 51.40841 ], [ 0.056321, 51.406585 ], [ 0.05628, 51.40454 ], [ 0.066383, 51.400428 ], [ 0.066897, 51.3992 ], [ 0.06729, 51.398266 ], [ 0.066036, 51.396899 ], [ 0.065022, 51.395076 ], [ 0.064787, 51.394654 ], [ 0.06486, 51.392482 ], [ 0.065825, 51.390204 ], [ 0.065826, 51.388465 ], [ 0.063947, 51.385501 ], [ 0.063398, 51.385095 ], [ 0.062331, 51.3838 ], [ 0.060865, 51.381779 ], [ 0.058558, 51.380656 ], [ 0.057021, 51.378966 ], [ 0.05688, 51.376209 ], [ 0.054943, 51.374836 ], [ 0.051769, 51.371435 ], [ 0.049371, 51.369966 ], [ 0.048861, 51.367649 ], [ 0.048824, 51.367508 ], [ 0.047077, 51.367353 ], [ 0.044615, 51.367132 ], [ 0.040539, 51.366648 ], [ 0.037756, 51.366555 ], [ 0.035004, 51.366321 ], [ 0.032085, 51.366295 ], [ 0.032088, 51.368145 ], [ 0.031057, 51.369751 ], [ 0.030432, 51.372022 ], [ 0.030846, 51.374448 ], [ 0.030492, 51.376125 ], [ 0.02703, 51.379301 ], [ 0.025011, 51.382455 ], [ 0.02516, 51.384794 ], [ 0.022828, 51.38843 ], [ 0.020712, 51.390747 ], [ 0.01959, 51.392607 ], [ 0.017924, 51.394591 ], [ 0.0177, 51.39504 ], [ 0.017204, 51.395581 ], [ 0.015848, 51.396814 ], [ 0.014445, 51.398017 ], [ 0.011859, 51.399855 ], [ 0.011783, 51.399915 ], [ 0.00936, 51.401839 ], [ 0.006672, 51.403467 ], [ 0.005875, 51.404564 ], [ 0.004852, 51.40597 ], [ 0.00225, 51.40877 ], [ 0.00046, 51.409791 ], [ -0.001516, 51.411164 ], [ -0.002619, 51.412644 ], [ -0.004018, 51.413236 ], [ -0.003221, 51.413529 ], [ -0.001618, 51.413846 ], [ -0.00064, 51.413973 ], [ 0.000573, 51.414092 ], [ 0.002069, 51.414471 ], [ 0.003575, 51.415177 ], [ 0.00387, 51.416008 ], [ 0.004295, 51.416646 ], [ 0.00466, 51.417201 ], [ 0.005131, 51.417875 ], [ 0.005118, 51.418462 ], [ 0.005046, 51.419108 ], [ 0.005528, 51.419547 ], [ 0.005787, 51.42008 ], [ 0.006073, 51.420627 ], [ 0.006622, 51.42102 ], [ 0.007288, 51.421424 ], [ 0.008161, 51.421975 ], [ 0.008895, 51.422449 ], [ 0.009462, 51.422845 ], [ 0.010416, 51.423238 ], [ 0.01092, 51.42379 ], [ 0.012588, 51.424577 ], [ 0.014021, 51.42541 ], [ 0.014073, 51.426012 ], [ 0.014988, 51.425981 ], [ 0.015757, 51.426011 ], [ 0.017095, 51.42644 ], [ 0.018014, 51.426687 ], [ 0.018905, 51.42684 ], [ 0.019831, 51.427038 ], [ 0.020514, 51.426926 ], [ 0.022186, 51.426836 ], [ 0.023282, 51.427265 ], [ 0.024119, 51.427615 ], [ 0.025158, 51.428227 ], [ 0.026119, 51.428677 ], [ 0.026436, 51.428205 ], [ 0.026771, 51.427454 ], [ 0.027716, 51.427276 ], [ 0.028477, 51.426721 ], [ 0.02887, 51.426179 ], [ 0.029577, 51.426037 ], [ 0.030341, 51.425801 ], [ 0.031307, 51.425787 ], [ 0.032096, 51.425594 ], [ 0.033533, 51.425392 ], [ 0.034803, 51.424969 ], [ 0.036394, 51.424799 ], [ 0.037853, 51.424741 ], [ 0.039213, 51.424691 ] ] ] } },
{ "type": "Feature", "properties": { "LGB1911Gre": "1586", "LGB1911G_1": 10135473.0, "LGB1911G_2": "BECKENHAM", "LGB1911G_3": "P", "LGB1911G_4": "eng", "LGB1911G_5": "LG_DIST", "LGB1911G_6": "UD", "LGB1911G_7": "ENGLAND", "LGB1911G_8": 1911.0, "LGB1911G_9": "GBHGIS", "LGB1911_10": null, "LGB1911_11": null, "LGB1911_12": "y", "1911popGre": 10135473, "1911popG_1": "BECKENHAM", "1911popG_2": "UD", "1911popG_3": 0, "F_AREA": 15471221.635299999 }, "geometry": { "type": "Polygon", "coordinates": [ [ [ -0.004018, 51.413236 ], [ -0.002619, 51.412644 ], [ -0.001516, 51.411164 ], [ 0.00046, 51.409791 ], [ 0.00225, 51.40877 ], [ 0.004852, 51.40597 ], [ 0.005875, 51.404564 ], [ 0.006672, 51.403467 ], [ 0.00936, 51.401839 ], [ 0.011783, 51.399915 ], [ 0.011859, 51.399855 ], [ 0.014445, 51.398017 ], [ 0.015848, 51.396814 ], [ 0.017204, 51.395581 ], [ 0.0177, 51.39504 ], [ 0.016065, 51.395471 ], [ 0.013559, 51.394535 ], [ 0.009829, 51.39372 ], [ 0.00733, 51.392199 ], [ 0.00588, 51.39094 ], [ 0.002886, 51.39098 ], [ 0.002448, 51.390901 ], [ 0.000258, 51.390504 ], [ -0.00127, 51.38866 ], [ -0.003573, 51.387724 ], [ -0.004431, 51.387483 ], [ -0.006372, 51.386878 ], [ -0.009032, 51.38594 ], [ -0.011601, 51.385063 ], [ -0.013716, 51.384245 ], [ -0.015552, 51.38303 ], [ -0.018082, 51.382643 ], [ -0.022724, 51.381292 ], [ -0.024031, 51.380873 ], [ -0.024045, 51.38093 ], [ -0.024176, 51.383487 ], [ -0.025566, 51.385252 ], [ -0.030266, 51.386447 ], [ -0.037273, 51.38937 ], [ -0.042022, 51.391034 ], [ -0.042887, 51.390971 ], [ -0.051656, 51.393742 ], [ -0.052714, 51.395764 ], [ -0.055669, 51.396193 ], [ -0.063124, 51.401123 ], [ -0.061895, 51.401131 ], [ -0.060259, 51.402374 ], [ -0.0583, 51.40391 ], [ -0.056279, 51.405484 ], [ -0.0536, 51.406778 ], [ -0.050168, 51.40833 ], [ -0.048167, 51.409285 ], [ -0.045587, 51.411379 ], [ -0.048822, 51.415282 ], [ -0.050683, 51.416483 ], [ -0.054174, 51.418355 ], [ -0.05815, 51.419387 ], [ -0.061008, 51.419972 ], [ -0.064503, 51.420344 ], [ -0.067225, 51.421432 ], [ -0.069649, 51.423186 ], [ -0.071785, 51.424864 ], [ -0.074144, 51.426132 ], [ -0.072091, 51.426161 ], [ -0.071246, 51.426201 ], [ -0.070511, 51.426248 ], [ -0.069359, 51.426097 ], [ -0.068049, 51.425763 ], [ -0.066778, 51.425592 ], [ -0.066042, 51.425371 ], [ -0.064996, 51.425141 ], [ -0.064215, 51.42491 ], [ -0.063009, 51.424722 ], [ -0.06165, 51.424452 ], [ -0.060778, 51.424211 ], [ -0.06003, 51.423841 ], [ -0.059253, 51.423522 ], [ -0.058327, 51.423252 ], [ -0.057273, 51.422863 ], [ -0.056111, 51.422776 ], [ -0.055086, 51.422767 ], [ -0.053561, 51.422778 ], [ -0.052815, 51.422507 ], [ -0.052114, 51.422364 ], [ -0.050869, 51.422261 ], [ -0.05007, 51.422393 ], [ -0.048902, 51.422481 ], [ -0.048033, 51.422608 ], [ -0.046506, 51.422473 ], [ -0.045555, 51.422549 ], [ -0.044253, 51.422672 ], [ -0.042875, 51.423159 ], [ -0.041692, 51.423563 ], [ -0.040634, 51.424127 ], [ -0.039342, 51.423999 ], [ -0.038364, 51.423743 ], [ -0.037566, 51.42383 ], [ -0.036635, 51.424026 ], [ -0.035784, 51.424287 ], [ -0.035132, 51.42457 ], [ -0.034386, 51.424829 ], [ -0.033551, 51.425066 ], [ -0.032742, 51.425253 ], [ -0.031417, 51.425463 ], [ -0.030448, 51.425503 ], [ -0.029534, 51.425545 ], [ -0.02867, 51.425201 ], [ -0.028046, 51.424846 ], [ -0.027303, 51.424392 ], [ -0.026533, 51.423965 ], [ -0.025796, 51.423566 ], [ -0.024992, 51.423415 ], [ -0.024278, 51.423156 ], [ -0.023561, 51.422802 ], [ -0.022854, 51.422127 ], [ -0.022331, 51.421601 ], [ -0.022133, 51.421076 ], [ -0.021724, 51.420441 ], [ -0.021135, 51.420101 ], [ -0.020438, 51.419796 ], [ -0.019666, 51.419483 ], [ -0.019101, 51.419097 ], [ -0.018763, 51.418595 ], [ -0.018148, 51.418354 ], [ -0.017591, 51.417915 ], [ -0.01653, 51.417545 ], [ -0.015695, 51.41718 ], [ -0.014586, 51.416704 ], [ -0.01364, 51.416177 ], [ -0.012437, 51.415513 ], [ -0.011546, 51.415143 ], [ -0.010552, 51.414713 ], [ -0.008816, 51.414224 ], [ -0.007356, 51.413853 ], [ -0.0068, 51.413455 ], [ -0.00615, 51.413235 ], [ -0.004018, 51.413236 ] ] ] } },
{ "type": "Feature", "properties": { "LGB1911Gre": "1595", "LGB1911G_1": 10108056.0, "LGB1911G_2": "EALING", "LGB1911G_3": "P", "LGB1911G_4": "eng", "LGB1911G_5": "LG_DIST", "LGB1911G_6": "MB", "LGB1911G_7": "ENGLAND", "LGB1911G_8": 1911.0, "LGB1911G_9": "GBHGIS", "LGB1911_10": null, "LGB1911_11": null, "LGB1911_12": "y", "1911popGre": 10108056, "1911popG_1": "EALING", "1911popG_2": "MB", "1911popG_3": 61222, "F_AREA": 12431906.5952 }, "geometry": { "type": "Polygon", "coordinates": [ [ [ -0.30652, 51.532459 ], [ -0.304624, 51.532287 ], [ -0.302339, 51.532717 ], [ -0.302793, 51.533307 ], [ -0.30353, 51.533698 ], [ -0.301955, 51.533536 ], [ -0.299816, 51.533316 ], [ -0.297393, 51.533771 ], [ -0.297877, 51.535 ], [ -0.295607, 51.535024 ], [ -0.295056, 51.534871 ], [ -0.293153, 51.530597 ], [ -0.29256, 51.526798 ], [ -0.290976, 51.527062 ], [ -0.28934, 51.527204 ], [ -0.288123, 51.527324 ], [ -0.286952, 51.527416 ], [ -0.285873, 51.527567 ], [ -0.285031, 51.527579 ], [ -0.284886, 51.527809 ], [ -0.284709, 51.527341 ], [ -0.284582, 51.526642 ], [ -0.284476, 51.524783 ], [ -0.284533, 51.524175 ], [ -0.284412, 51.523098 ], [ -0.284196, 51.522079 ], [ -0.28416, 51.521381 ], [ -0.283982, 51.520827 ], [ -0.283573, 51.520239 ], [ -0.283547, 51.520104 ], [ -0.28048, 51.5045 ], [ -0.280454, 51.504373 ], [ -0.279421, 51.503141 ], [ -0.280783, 51.502623 ], [ -0.282997, 51.501755 ], [ -0.286819, 51.500445 ], [ -0.288269, 51.501037 ], [ -0.290085, 51.501394 ], [ -0.292003, 51.501695 ], [ -0.295118, 51.500617 ], [ -0.299221, 51.499283 ], [ -0.300284, 51.498495 ], [ -0.299858, 51.498134 ], [ -0.298952, 51.497294 ], [ -0.298277, 51.496637 ], [ -0.297356, 51.495948 ], [ -0.296873, 51.495119 ], [ -0.296392, 51.494613 ], [ -0.297175, 51.493889 ], [ -0.299542, 51.492393 ], [ -0.299765, 51.493542 ], [ -0.300231, 51.494162 ], [ -0.300461, 51.4952 ], [ -0.304082, 51.494426 ], [ -0.306693, 51.493844 ], [ -0.310209, 51.49254 ], [ -0.311198, 51.49211 ], [ -0.312316, 51.493184 ], [ -0.313792, 51.494191 ], [ -0.314808, 51.494729 ], [ -0.315345, 51.495165 ], [ -0.316411, 51.495616 ], [ -0.316954, 51.495259 ], [ -0.317303, 51.494531 ], [ -0.317563, 51.493941 ], [ -0.317823, 51.49453 ], [ -0.320336, 51.49606 ], [ -0.32068, 51.496307 ], [ -0.324553, 51.498257 ], [ -0.327053, 51.501918 ], [ -0.326386, 51.502568 ], [ -0.329158, 51.510061 ], [ -0.33072, 51.512345 ], [ -0.330752, 51.513669 ], [ -0.330743, 51.514637 ], [ -0.330734, 51.515634 ], [ -0.330723, 51.516982 ], [ -0.332207, 51.522475 ], [ -0.33289, 51.523655 ], [ -0.334434, 51.526222 ], [ -0.335185, 51.528631 ], [ -0.334536, 51.52897 ], [ -0.333059, 51.529034 ], [ -0.332912, 51.529644 ], [ -0.333027, 51.531251 ], [ -0.33213, 51.532257 ], [ -0.330891, 51.531539 ], [ -0.330058, 51.531439 ], [ -0.329358, 51.531662 ], [ -0.328524, 51.531562 ], [ -0.328072, 51.530769 ], [ -0.327481, 51.529886 ], [ -0.325582, 51.529452 ], [ -0.324785, 51.529938 ], [ -0.323405, 51.531961 ], [ -0.322475, 51.532037 ], [ -0.32032, 51.530784 ], [ -0.320558, 51.53035 ], [ -0.319232, 51.529398 ], [ -0.317471, 51.529579 ], [ -0.316727, 51.529686 ], [ -0.315677, 51.531509 ], [ -0.314366, 51.532103 ], [ -0.313438, 51.531973 ], [ -0.313636, 51.531247 ], [ -0.312679, 51.530009 ], [ -0.31244, 51.530414 ], [ -0.312011, 51.531079 ], [ -0.311043, 51.530598 ], [ -0.310305, 51.530325 ], [ -0.309464, 51.530692 ], [ -0.309269, 51.531273 ], [ -0.309116, 51.532058 ], [ -0.308692, 51.532489 ], [ -0.307764, 51.532651 ], [ -0.306795, 51.532579 ], [ -0.30652, 51.532459 ] ] ] } },
{ "type": "Feature", "properties": { "LGB1911Gre": "1596", "LGB1911G_1": 10207101.0, "LGB1911G_2": "STEPNEY", "LGB1911G_3": "P", "LGB1911G_4": "eng", "LGB1911G_5": "LG_DIST", "LGB1911G_6": "MetB", "LGB1911G_7": "ENGLAND", "LGB1911G_8": 1911.0, "LGB1911G_9": "GBHGIS", "LGB1911_10": null, "LGB1911_11": null, "LGB1911_12": null, "1911popGre": 10207101, "1911popG_1": "STEPNEY", "1911popG_2": "MetB", "1911popG_3": 279804, "F_AREA": 7575957.9536100002 }, "geometry": { "type": "Polygon", "coordinates": [ [ [ -0.075415, 51.523151 ], [ -0.074283, 51.523384 ], [ -0.073297, 51.523408 ], [ -0.071134, 51.52304 ], [ -0.071144, 51.522374 ], [ -0.071309, 51.521476 ], [ -0.069277, 51.521794 ], [ -0.06876, 51.522523 ], [ -0.067568, 51.522481 ], [ -0.065715, 51.522538 ], [ -0.064476, 51.522435 ], [ -0.062507, 51.521997 ], [ -0.061923, 51.521648 ], [ -0.060803, 51.521559 ], [ -0.059942, 51.521851 ], [ -0.058922, 51.521697 ], [ -0.058368, 51.520946 ], [ -0.057747, 51.520034 ], [ -0.057056, 51.520222 ], [ -0.056018, 51.520363 ], [ -0.055731, 51.521398 ], [ -0.055167, 51.522335 ], [ -0.054672, 51.523414 ], [ -0.054639, 51.524173 ], [ -0.054578, 51.52467 ], [ -0.054145, 51.52519 ], [ -0.053682, 51.525746 ], [ -0.053532, 51.526203 ], [ -0.053094, 51.526626 ], [ -0.051739, 51.526789 ], [ -0.051086, 51.527028 ], [ -0.050416, 51.525902 ], [ -0.049774, 51.526191 ], [ -0.049078, 51.526201 ], [ -0.048002, 51.526542 ], [ -0.047055, 51.526635 ], [ -0.045806, 51.526791 ], [ -0.044332, 51.527082 ], [ -0.042829, 51.52759 ], [ -0.04205, 51.52708 ], [ -0.041455, 51.526489 ], [ -0.040319, 51.526967 ], [ -0.039625, 51.52705 ], [ -0.03727, 51.527358 ], [ -0.037667, 51.528582 ], [ -0.035151, 51.529389 ], [ -0.034469, 51.530021 ], [ -0.033742, 51.530212 ], [ -0.03281, 51.529448 ], [ -0.031877, 51.528775 ], [ -0.031115, 51.527657 ], [ -0.030489, 51.525887 ], [ -0.028678, 51.523977 ], [ -0.028363, 51.523463 ], [ -0.027586, 51.522176 ], [ -0.027652, 51.52168 ], [ -0.027461, 51.521213 ], [ -0.02766, 51.520653 ], [ -0.026812, 51.520434 ], [ -0.025982, 51.520137 ], [ -0.025065, 51.519758 ], [ -0.024136, 51.519411 ], [ -0.023472, 51.518938 ], [ -0.023135, 51.518399 ], [ -0.022861, 51.517905 ], [ -0.022379, 51.517035 ], [ -0.021679, 51.516444 ], [ -0.023212, 51.515821 ], [ -0.024224, 51.513661 ], [ -0.024522, 51.513121 ], [ -0.024892, 51.512583 ], [ -0.025338, 51.511828 ], [ -0.025223, 51.511238 ], [ -0.025112, 51.510519 ], [ -0.025258, 51.509693 ], [ -0.024699, 51.509273 ], [ -0.025539, 51.508876 ], [ -0.026216, 51.509254 ], [ -0.027061, 51.509051 ], [ -0.028317, 51.509103 ], [ -0.027975, 51.508313 ], [ -0.02908, 51.508139 ], [ -0.02912, 51.507602 ], [ -0.029782, 51.507354 ], [ -0.030369, 51.506998 ], [ -0.031197, 51.506216 ], [ -0.032098, 51.506732 ], [ -0.033702, 51.507433 ], [ -0.035496, 51.507884 ], [ -0.03742, 51.508186 ], [ -0.038994, 51.508215 ], [ -0.040939, 51.508275 ], [ -0.043108, 51.508104 ], [ -0.044721, 51.507834 ], [ -0.045792, 51.507536 ], [ -0.046528, 51.507241 ], [ -0.047912, 51.5065 ], [ -0.048994, 51.505956 ], [ -0.049812, 51.505459 ], [ -0.051355, 51.504756 ], [ -0.052425, 51.50415 ], [ -0.053617, 51.503541 ], [ -0.054416, 51.503229 ], [ -0.055458, 51.502818 ], [ -0.056452, 51.502669 ], [ -0.057421, 51.502543 ], [ -0.058912, 51.502354 ], [ -0.059935, 51.502313 ], [ -0.0607, 51.502382 ], [ -0.062138, 51.502461 ], [ -0.063789, 51.502616 ], [ -0.065707, 51.503014 ], [ -0.067307, 51.503377 ], [ -0.0689, 51.503808 ], [ -0.069666, 51.504136 ], [ -0.07086, 51.504613 ], [ -0.071792, 51.504908 ], [ -0.072481, 51.505154 ], [ -0.074099, 51.505529 ], [ -0.075255, 51.505724 ], [ -0.076251, 51.506038 ], [ -0.077844, 51.506409 ], [ -0.078707, 51.506723 ], [ -0.078296, 51.507556 ], [ -0.07796, 51.508125 ], [ -0.077776, 51.508664 ], [ -0.077313, 51.509287 ], [ -0.077131, 51.509738 ], [ -0.076765, 51.510135 ], [ -0.076209, 51.510428 ], [ -0.075169, 51.510299 ], [ -0.074829, 51.509861 ], [ -0.073895, 51.509566 ], [ -0.073171, 51.510059 ], [ -0.072226, 51.510095 ], [ -0.072202, 51.510978 ], [ -0.073315, 51.511315 ], [ -0.073446, 51.512066 ], [ -0.074478, 51.512028 ], [ -0.074835, 51.513098 ], [ -0.074146, 51.513346 ], [ -0.072764, 51.513418 ], [ -0.07168, 51.513576 ], [ -0.072478, 51.514107 ], [ -0.073149, 51.514767 ], [ -0.073989, 51.515019 ], [ -0.074574, 51.515537 ], [ -0.075288, 51.515952 ], [ -0.076028, 51.51646 ], [ -0.076565, 51.516867 ], [ -0.077238, 51.517725 ], [ -0.07755, 51.51828 ], [ -0.077898, 51.518755 ], [ -0.078239, 51.519575 ], [ -0.078426, 51.520418 ], [ -0.078811, 51.520797 ], [ -0.078559, 51.521227 ], [ -0.0779, 51.521764 ], [ -0.075977, 51.522049 ], [ -0.075694, 51.522483 ], [ -0.075415, 51.523151 ] ] ] } },
{ "type": "Feature", "properties": { "LGB1911Gre": "1598", "LGB1911G_1": 10135552.0, "LGB1911G_2": "HAMMERSMITH", "LGB1911G_3": "P", "LGB1911G_4": "eng", "LGB1911G_5": "LG_DIST", "LGB1911G_6": "MetB", "LGB1911G_7": "ENGLAND", "LGB1911G_8": 1911.0, "LGB1911G_9": "GBHGIS", "LGB1911_10": null, "LGB1911_11": null, "LGB1911_12": null, "1911popGre": 10135552, "1911popG_1": "HAMMERSMITH", "1911popG_2": "MetB", "1911popG_3": 121521, "F_AREA": 9571060.6667500008 }, "geometry": { "type": "Polygon", "coordinates": [ [ [ -0.247719, 51.532186 ], [ -0.246679, 51.532131 ], [ -0.245801, 51.531801 ], [ -0.245056, 51.531583 ], [ -0.243957, 51.531469 ], [ -0.242858, 51.531495 ], [ -0.24158, 51.53156 ], [ -0.240101, 51.531638 ], [ -0.238445, 51.531717 ], [ -0.236952, 51.532008 ], [ -0.23597, 51.532193 ], [ -0.233949, 51.531699 ], [ -0.232652, 51.531228 ], [ -0.231843, 51.530867 ], [ -0.230432, 51.530382 ], [ -0.22913, 51.530074 ], [ -0.227286, 51.525859 ], [ -0.227417, 51.521118 ], [ -0.221735, 51.515738 ], [ -0.220278, 51.515406 ], [ -0.218238, 51.513412 ], [ -0.217088, 51.513058 ], [ -0.217258, 51.511806 ], [ -0.214527, 51.50757 ], [ -0.215448, 51.50727 ], [ -0.215606, 51.504737 ], [ -0.213302, 51.500497 ], [ -0.207533, 51.496181 ], [ -0.208525, 51.496048 ], [ -0.209752, 51.495726 ], [ -0.211233, 51.495209 ], [ -0.212452, 51.494633 ], [ -0.213454, 51.494247 ], [ -0.21298, 51.493 ], [ -0.213067, 51.492139 ], [ -0.213103, 51.491025 ], [ -0.213266, 51.490163 ], [ -0.214226, 51.49027 ], [ -0.215733, 51.490256 ], [ -0.217018, 51.490182 ], [ -0.218157, 51.489811 ], [ -0.219241, 51.489778 ], [ -0.220268, 51.489515 ], [ -0.221233, 51.489054 ], [ -0.222261, 51.48866 ], [ -0.22367, 51.48838 ], [ -0.225132, 51.487796 ], [ -0.227927, 51.486606 ], [ -0.229088, 51.487486 ], [ -0.229689, 51.48791 ], [ -0.23048, 51.488289 ], [ -0.231046, 51.488707 ], [ -0.23192, 51.488954 ], [ -0.232691, 51.489289 ], [ -0.233497, 51.489327 ], [ -0.23484, 51.489555 ], [ -0.236467, 51.489665 ], [ -0.237983, 51.489758 ], [ -0.239299, 51.489658 ], [ -0.24089, 51.489504 ], [ -0.242098, 51.489085 ], [ -0.243201, 51.488652 ], [ -0.243889, 51.488243 ], [ -0.244575, 51.488721 ], [ -0.245209, 51.489281 ], [ -0.245786, 51.489985 ], [ -0.246156, 51.490451 ], [ -0.246169, 51.490469 ], [ -0.245885, 51.491063 ], [ -0.245791, 51.491603 ], [ -0.245489, 51.492334 ], [ -0.245513, 51.492943 ], [ -0.245224, 51.493622 ], [ -0.244714, 51.494661 ], [ -0.244053, 51.495908 ], [ -0.243601, 51.496647 ], [ -0.243251, 51.497298 ], [ -0.243139, 51.498127 ], [ -0.245721, 51.497644 ], [ -0.246912, 51.497377 ], [ -0.247863, 51.497306 ], [ -0.248884, 51.498037 ], [ -0.249826, 51.498715 ], [ -0.251577, 51.499613 ], [ -0.250652, 51.500019 ], [ -0.251613, 51.500181 ], [ -0.252669, 51.500238 ], [ -0.253569, 51.501173 ], [ -0.254101, 51.502182 ], [ -0.254731, 51.502791 ], [ -0.255681, 51.503375 ], [ -0.254739, 51.504088 ], [ -0.253533, 51.50431 ], [ -0.252164, 51.504415 ], [ -0.251749, 51.504178 ], [ -0.249461, 51.504198 ], [ -0.247432, 51.50448 ], [ -0.246512, 51.503936 ], [ -0.244593, 51.504421 ], [ -0.245656, 51.506555 ], [ -0.244182, 51.506625 ], [ -0.244779, 51.508358 ], [ -0.245421, 51.509773 ], [ -0.245843, 51.510493 ], [ -0.246558, 51.511289 ], [ -0.247179, 51.511801 ], [ -0.249031, 51.512152 ], [ -0.250898, 51.51346 ], [ -0.251108, 51.514773 ], [ -0.251917, 51.517204 ], [ -0.252301, 51.518577 ], [ -0.252145, 51.519449 ], [ -0.251309, 51.520016 ], [ -0.250145, 51.520311 ], [ -0.249772, 51.520743 ], [ -0.248026, 51.521215 ], [ -0.247568, 51.521804 ], [ -0.247556, 51.522425 ], [ -0.247062, 51.522765 ], [ -0.246093, 51.523324 ], [ -0.245704, 51.52374 ], [ -0.245211, 51.524341 ], [ -0.24457, 51.524824 ], [ -0.244457, 51.525291 ], [ -0.244502, 51.525898 ], [ -0.244507, 51.526362 ], [ -0.245734, 51.527171 ], [ -0.246682, 51.527912 ], [ -0.247699, 51.527985 ], [ -0.249049, 51.528166 ], [ -0.250517, 51.528601 ], [ -0.250196, 51.529228 ], [ -0.249806, 51.529723 ], [ -0.249214, 51.530394 ], [ -0.248861, 51.530819 ], [ -0.248292, 51.531265 ], [ -0.247719, 51.532186 ] ] ] } },
{ "type": "Feature", "properties": { "LGB1911Gre": "1599", "LGB1911G_1": 10025771.0, "LGB1911G_2": "PENGE", "LGB1911G_3": "P", "LGB1911G_4": "eng", "LGB1911G_5": "LG_DIST", "LGB1911G_6": "UD", "LGB1911G_7": "ENGLAND", "LGB1911G_8": 1911.0, "LGB1911G_9": "GBHGIS", "LGB1911_10": null, "LGB1911_11": null, "LGB1911_12": "y", "1911popGre": 10025771, "1911popG_1": "PENGE", "1911popG_2": "UD", "1911popG_3": 0, "F_AREA": 3289610.5429699998 }, "geometry": { "type": "Polygon", "coordinates": [ [ [ -0.078719, 51.420321 ], [ -0.077898, 51.420272 ], [ -0.077482, 51.421098 ], [ -0.07672, 51.422261 ], [ -0.076423, 51.422996 ], [ -0.075559, 51.424406 ], [ -0.074794, 51.425371 ], [ -0.074144, 51.426132 ], [ -0.071785, 51.424864 ], [ -0.069649, 51.423186 ], [ -0.067225, 51.421432 ], [ -0.064503, 51.420344 ], [ -0.061008, 51.419972 ], [ -0.05815, 51.419387 ], [ -0.054174, 51.418355 ], [ -0.050683, 51.416483 ], [ -0.048822, 51.415282 ], [ -0.045587, 51.411379 ], [ -0.048167, 51.409285 ], [ -0.050168, 51.40833 ], [ -0.0536, 51.406778 ], [ -0.056279, 51.405484 ], [ -0.0583, 51.40391 ], [ -0.060259, 51.402374 ], [ -0.061895, 51.401131 ], [ -0.063124, 51.401123 ], [ -0.064082, 51.401726 ], [ -0.066591, 51.40476 ], [ -0.071369, 51.408063 ], [ -0.074175, 51.411091 ], [ -0.074217, 51.414162 ], [ -0.076821, 51.415319 ], [ -0.079897, 51.416209 ], [ -0.080298, 51.418429 ], [ -0.079714, 51.419164 ], [ -0.078719, 51.420321 ] ] ] } },
{ "type": "Feature", "properties": { "LGB1911Gre": "1601", "LGB1911G_1": 10107854.0, "LGB1911G_2": "CROYDON", "LGB1911G_3": "P", "LGB1911G_4": "eng", "LGB1911G_5": "LG_DIST", "LGB1911G_6": "RD", "LGB1911G_7": "ENGLAND", "LGB1911G_8": 1911.0, "LGB1911G_9": "GBHGIS", "LGB1911_10": null, "LGB1911_11": null, "LGB1911_12": "y", "1911popGre": 10107854, "1911popG_1": "CROYDON", "1911popG_2": "RD", "1911popG_3": 0, "F_AREA": 86732732.071500003 }, "geometry": { "type": "Polygon", "coordinates": [ [ [ -0.183012, 51.426196 ], [ -0.18221, 51.425446 ], [ -0.181688, 51.425148 ], [ -0.179416, 51.424743 ], [ -0.178143, 51.424532 ], [ -0.176876, 51.424304 ], [ -0.175935, 51.424141 ], [ -0.175141, 51.423916 ], [ -0.174507, 51.423704 ], [ -0.173424, 51.423398 ], [ -0.172663, 51.422967 ], [ -0.171654, 51.422504 ], [ -0.170164, 51.421845 ], [ -0.16881, 51.421406 ], [ -0.167306, 51.420996 ], [ -0.166249, 51.420816 ], [ -0.165241, 51.420708 ], [ -0.164347, 51.420615 ], [ -0.163348, 51.420556 ], [ -0.162081, 51.420579 ], [ -0.161595, 51.420992 ], [ -0.161314, 51.421392 ], [ -0.160521, 51.422243 ], [ -0.160137, 51.422734 ], [ -0.159126, 51.422357 ], [ -0.157604, 51.421843 ], [ -0.155989, 51.421421 ], [ -0.154241, 51.420845 ], [ -0.15291, 51.420326 ], [ -0.152206, 51.420124 ], [ -0.151632, 51.420469 ], [ -0.150803, 51.420296 ], [ -0.150017, 51.42 ], [ -0.149327, 51.4196 ], [ -0.148498, 51.419329 ], [ -0.14752, 51.418733 ], [ -0.146697, 51.418257 ], [ -0.1454, 51.417873 ], [ -0.144656, 51.417387 ], [ -0.145503, 51.416327 ], [ -0.146182, 51.414979 ], [ -0.146698, 51.413916 ], [ -0.146856, 51.413045 ], [ -0.147194, 51.41259 ], [ -0.146228, 51.412243 ], [ -0.144835, 51.412243 ], [ -0.143955, 51.412485 ], [ -0.14391, 51.413007 ], [ -0.14328, 51.413439 ], [ -0.141732, 51.412954 ], [ -0.139476, 51.41234 ], [ -0.137839, 51.411983 ], [ -0.135159, 51.411652 ], [ -0.133722, 51.411394 ], [ -0.132652, 51.411325 ], [ -0.132974, 51.411162 ], [ -0.135235, 51.407285 ], [ -0.133183, 51.405863 ], [ -0.132374, 51.403674 ], [ -0.129263, 51.401852 ], [ -0.124614, 51.397255 ], [ -0.124638, 51.397233 ], [ -0.12851, 51.393719 ], [ -0.128575, 51.393694 ], [ -0.130932, 51.392831 ], [ -0.133771, 51.391171 ], [ -0.132434, 51.389336 ], [ -0.1303, 51.387938 ], [ -0.129228, 51.386303 ], [ -0.128246, 51.383842 ], [ -0.12918, 51.382068 ], [ -0.128709, 51.380258 ], [ -0.126239, 51.375947 ], [ -0.122055, 51.364134 ], [ -0.119307, 51.360423 ], [ -0.118288, 51.357774 ], [ -0.11522, 51.3539 ], [ -0.113326, 51.351395 ], [ -0.112926, 51.349048 ], [ -0.112925, 51.348982 ], [ -0.11293, 51.348728 ], [ -0.11303, 51.345574 ], [ -0.113174, 51.345328 ], [ -0.115521, 51.341316 ], [ -0.115908, 51.34008 ], [ -0.116278, 51.339081 ], [ -0.116292, 51.338756 ], [ -0.116319, 51.338118 ], [ -0.11415, 51.339055 ], [ -0.111289, 51.340723 ], [ -0.106814, 51.343941 ], [ -0.104928, 51.343044 ], [ -0.10251, 51.346276 ], [ -0.098347, 51.350853 ], [ -0.095234, 51.352777 ], [ -0.089825, 51.351341 ], [ -0.086482, 51.351688 ], [ -0.085635, 51.353825 ], [ -0.082692, 51.354794 ], [ -0.078429, 51.35675 ], [ -0.077573, 51.35714 ], [ -0.077427, 51.358286 ], [ -0.078139, 51.36009 ], [ -0.072322, 51.361209 ], [ -0.060788, 51.364515 ], [ -0.060326, 51.365013 ], [ -0.057654, 51.366368 ], [ -0.056367, 51.367217 ], [ -0.054512, 51.367215 ], [ -0.05237, 51.367254 ], [ -0.050813, 51.367764 ], [ -0.050049, 51.368917 ], [ -0.050073, 51.369964 ], [ -0.050955, 51.372012 ], [ -0.051978, 51.373461 ], [ -0.052979, 51.374705 ], [ -0.05075, 51.376172 ], [ -0.048373, 51.376897 ], [ -0.046305, 51.378195 ], [ -0.045715, 51.379211 ], [ -0.045731, 51.380937 ], [ -0.044156, 51.381925 ], [ -0.042454, 51.382433 ], [ -0.042294, 51.38359 ], [ -0.042195, 51.38423 ], [ -0.041266, 51.386183 ], [ -0.042507, 51.390366 ], [ -0.042887, 51.390971 ], [ -0.042022, 51.391034 ], [ -0.037273, 51.38937 ], [ -0.030266, 51.386447 ], [ -0.025566, 51.385252 ], [ -0.024176, 51.383487 ], [ -0.024045, 51.38093 ], [ -0.024031, 51.380873 ], [ -0.023958, 51.37864 ], [ -0.024808, 51.375184 ], [ -0.024883, 51.374405 ], [ -0.022838, 51.37137 ], [ -0.021071, 51.36651 ], [ -0.021367, 51.363149 ], [ -0.019349, 51.360388 ], [ -0.013008, 51.356667 ], [ -0.009895, 51.354126 ], [ -0.008894, 51.352292 ], [ -0.006666, 51.351316 ], [ -0.005533, 51.350453 ], [ -0.004325, 51.349543 ], [ -0.00235, 51.347254 ], [ -0.000889, 51.342131 ], [ 0.001121, 51.336965 ], [ 0.003047, 51.334013 ], [ -0.006213, 51.335479 ], [ -0.007979, 51.33578 ], [ -0.01079, 51.335143 ], [ -0.014526, 51.33344 ], [ -0.016032, 51.332284 ], [ -0.017387, 51.332628 ], [ -0.019419, 51.334376 ], [ -0.021135, 51.336427 ], [ -0.022363, 51.338155 ], [ -0.024567, 51.338794 ], [ -0.028643, 51.338269 ], [ -0.0327, 51.337517 ], [ -0.035475, 51.338569 ], [ -0.038701, 51.338584 ], [ -0.040872, 51.337308 ], [ -0.041728, 51.335052 ], [ -0.044196, 51.333603 ], [ -0.047877, 51.333767 ], [ -0.050902, 51.332395 ], [ -0.0498, 51.33078 ], [ -0.051109, 51.327172 ], [ -0.052195, 51.324928 ], [ -0.056189, 51.321865 ], [ -0.059718, 51.32179 ], [ -0.062645, 51.321383 ], [ -0.064787, 51.320643 ], [ -0.06617, 51.319957 ], [ -0.067365, 51.319289 ], [ -0.06749, 51.320333 ], [ -0.067321, 51.322003 ], [ -0.06816, 51.32261 ], [ -0.070171, 51.323136 ], [ -0.070478, 51.323217 ], [ -0.074294, 51.321838 ], [ -0.075422, 51.321314 ], [ -0.079255, 51.320836 ], [ -0.08281, 51.321075 ], [ -0.084102, 51.321582 ], [ -0.085725, 51.32287 ], [ -0.08831, 51.323965 ], [ -0.090568, 51.323035 ], [ -0.090471, 51.320844 ], [ -0.087594, 51.317407 ], [ -0.086145, 51.315457 ], [ -0.085887, 51.315117 ], [ -0.085426, 51.31451 ], [ -0.084663, 51.313392 ], [ -0.084673, 51.312189 ], [ -0.084711, 51.311207 ], [ -0.086817, 51.309701 ], [ -0.089745, 51.308586 ], [ -0.092689, 51.302952 ], [ -0.094732, 51.301494 ], [ -0.096087, 51.299694 ], [ -0.098625, 51.300031 ], [ -0.110784, 51.29355 ], [ -0.110814, 51.292371 ], [ -0.116654, 51.292305 ], [ -0.11756, 51.292576 ], [ -0.11949, 51.293153 ], [ -0.122155, 51.294416 ], [ -0.124721, 51.294937 ], [ -0.127516, 51.2947 ], [ -0.130344, 51.295363 ], [ -0.134194, 51.295622 ], [ -0.137657, 51.295301 ], [ -0.137564, 51.295104 ], [ -0.143499, 51.295703 ], [ -0.153158, 51.294436 ], [ -0.154641, 51.296802 ], [ -0.151202, 51.302061 ], [ -0.151916, 51.303776 ], [ -0.154613, 51.30485 ], [ -0.156698, 51.306686 ], [ -0.157501, 51.306959 ], [ -0.159568, 51.306913 ], [ -0.1638, 51.3074 ], [ -0.168674, 51.304527 ], [ -0.1726, 51.305079 ], [ -0.17607, 51.3061 ], [ -0.175468, 51.307916 ], [ -0.174648, 51.309589 ], [ -0.173363, 51.312522 ], [ -0.172799, 51.315107 ], [ -0.176471, 51.315747 ], [ -0.179075, 51.316605 ], [ -0.176926, 51.31803 ], [ -0.176898, 51.319885 ], [ -0.180097, 51.322417 ], [ -0.18248, 51.324757 ], [ -0.182199, 51.328244 ], [ -0.182274, 51.333781 ], [ -0.182839, 51.335938 ], [ -0.184725, 51.338409 ], [ -0.184472, 51.339447 ], [ -0.182727, 51.340302 ], [ -0.180755, 51.342137 ], [ -0.177739, 51.342786 ], [ -0.17511, 51.344177 ], [ -0.173251, 51.34568 ], [ -0.163155, 51.337472 ], [ -0.162712, 51.333361 ], [ -0.152476, 51.322729 ], [ -0.152453, 51.322705 ], [ -0.146576, 51.32332 ], [ -0.145926, 51.323616 ], [ -0.147155, 51.324296 ], [ -0.148006, 51.325411 ], [ -0.148699, 51.326121 ], [ -0.151088, 51.328047 ], [ -0.150389, 51.328292 ], [ -0.148377, 51.329528 ], [ -0.145172, 51.331394 ], [ -0.145931, 51.332473 ], [ -0.147091, 51.335377 ], [ -0.148118, 51.337818 ], [ -0.151546, 51.337683 ], [ -0.153136, 51.337955 ], [ -0.153266, 51.338003 ], [ -0.154703, 51.33853 ], [ -0.156139, 51.340286 ], [ -0.157364, 51.343149 ], [ -0.157014, 51.346293 ], [ -0.15628, 51.348254 ], [ -0.158393, 51.350432 ], [ -0.158484, 51.353028 ], [ -0.157034, 51.361088 ], [ -0.157957, 51.36584 ], [ -0.155797, 51.367271 ], [ -0.156059, 51.369628 ], [ -0.158638, 51.371228 ], [ -0.158536, 51.373395 ], [ -0.158271, 51.373935 ], [ -0.157381, 51.37575 ], [ -0.158012, 51.377375 ], [ -0.160028, 51.378799 ], [ -0.161151, 51.380938 ], [ -0.163356, 51.382082 ], [ -0.163951, 51.383904 ], [ -0.163895, 51.386345 ], [ -0.164962, 51.387715 ], [ -0.165914, 51.388931 ], [ -0.166437, 51.389638 ], [ -0.168611, 51.391156 ], [ -0.168811, 51.3916 ], [ -0.172266, 51.393166 ], [ -0.175446, 51.393256 ], [ -0.177231, 51.391508 ], [ -0.179651, 51.389839 ], [ -0.182736, 51.388206 ], [ -0.185491, 51.387425 ], [ -0.188046, 51.38597 ], [ -0.190991, 51.386701 ], [ -0.194206, 51.388029 ], [ -0.200668, 51.385443 ], [ -0.201886, 51.386173 ], [ -0.204654, 51.385766 ], [ -0.206847, 51.386796 ], [ -0.209983, 51.387811 ], [ -0.21754, 51.381247 ], [ -0.219593, 51.380668 ], [ -0.222561, 51.382107 ], [ -0.231495, 51.385371 ], [ -0.232754, 51.386636 ], [ -0.233731, 51.387148 ], [ -0.234381, 51.39011 ], [ -0.223444, 51.396439 ], [ -0.21522, 51.399706 ], [ -0.211849, 51.400584 ], [ -0.207706, 51.401147 ], [ -0.201314, 51.403033 ], [ -0.194902, 51.403997 ], [ -0.192071, 51.405591 ], [ -0.190189, 51.405783 ], [ -0.19014, 51.406109 ], [ -0.189313, 51.407861 ], [ -0.188311, 51.409687 ], [ -0.182428, 51.414489 ], [ -0.181908, 51.41631 ], [ -0.181723, 51.416961 ], [ -0.182046, 51.418626 ], [ -0.182162, 51.419397 ], [ -0.182047, 51.419749 ], [ -0.181319, 51.421981 ], [ -0.18271, 51.423534 ], [ -0.183788, 51.42536 ], [ -0.183012, 51.426196 ] ] ] } },
{ "type": "Feature", "properties": { "LGB1911Gre": "1604", "LGB1911G_1": 10107830.0, "LGB1911G_2": "CROYDON", "LGB1911G_3": "P", "LGB1911G_4": "eng", "LGB1911G_5": "LG_DIST", "LGB1911G_6": "CB", "LGB1911G_7": "ENGLAND", "LGB1911G_8": 1911.0, "LGB1911G_9": "GBHGIS", "LGB1911_10": null, "LGB1911_11": null, "LGB1911_12": "y", "1911popGre": 10107830, "1911popG_1": "CROYDON", "1911popG_2": "CB", "1911popG_3": 169551, "F_AREA": 35747815.275399998 }, "geometry": { "type": "Polygon", "coordinates": [ [ [ -0.112692, 51.423356 ], [ -0.111672, 51.423162 ], [ -0.110384, 51.423145 ], [ -0.109121, 51.423135 ], [ -0.107806, 51.422873 ], [ -0.106524, 51.422689 ], [ -0.105561, 51.422666 ], [ -0.104163, 51.422711 ], [ -0.10263, 51.42271 ], [ -0.100792, 51.422679 ], [ -0.099206, 51.422657 ], [ -0.097569, 51.422648 ], [ -0.095603, 51.422696 ], [ -0.094558, 51.422818 ], [ -0.092918, 51.422757 ], [ -0.091788, 51.422592 ], [ -0.091189, 51.422085 ], [ -0.090312, 51.421556 ], [ -0.089529, 51.421194 ], [ -0.089275, 51.420397 ], [ -0.088788, 51.41959 ], [ -0.087659, 51.419187 ], [ -0.086327, 51.418825 ], [ -0.085006, 51.419159 ], [ -0.083457, 51.419421 ], [ -0.08169, 51.419369 ], [ -0.079714, 51.419164 ], [ -0.080298, 51.418429 ], [ -0.079897, 51.416209 ], [ -0.076821, 51.415319 ], [ -0.074217, 51.414162 ], [ -0.074175, 51.411091 ], [ -0.071369, 51.408063 ], [ -0.066591, 51.40476 ], [ -0.064082, 51.401726 ], [ -0.063124, 51.401123 ], [ -0.055669, 51.396193 ], [ -0.052714, 51.395764 ], [ -0.051656, 51.393742 ], [ -0.042887, 51.390971 ], [ -0.042507, 51.390366 ], [ -0.041266, 51.386183 ], [ -0.042195, 51.38423 ], [ -0.042294, 51.38359 ], [ -0.042454, 51.382433 ], [ -0.044156, 51.381925 ], [ -0.045731, 51.380937 ], [ -0.045715, 51.379211 ], [ -0.046305, 51.378195 ], [ -0.048373, 51.376897 ], [ -0.05075, 51.376172 ], [ -0.052979, 51.374705 ], [ -0.051978, 51.373461 ], [ -0.050955, 51.372012 ], [ -0.050073, 51.369964 ], [ -0.050049, 51.368917 ], [ -0.050813, 51.367764 ], [ -0.05237, 51.367254 ], [ -0.054512, 51.367215 ], [ -0.056367, 51.367217 ], [ -0.057654, 51.366368 ], [ -0.060326, 51.365013 ], [ -0.060788, 51.364515 ], [ -0.072322, 51.361209 ], [ -0.078139, 51.36009 ], [ -0.077427, 51.358286 ], [ -0.077573, 51.35714 ], [ -0.078429, 51.35675 ], [ -0.082692, 51.354794 ], [ -0.085635, 51.353825 ], [ -0.086482, 51.351688 ], [ -0.089825, 51.351341 ], [ -0.095234, 51.352777 ], [ -0.098347, 51.350853 ], [ -0.10251, 51.346276 ], [ -0.104928, 51.343044 ], [ -0.106814, 51.343941 ], [ -0.111289, 51.340723 ], [ -0.11415, 51.339055 ], [ -0.116319, 51.338118 ], [ -0.116292, 51.338756 ], [ -0.116278, 51.339081 ], [ -0.115908, 51.34008 ], [ -0.115521, 51.341316 ], [ -0.113174, 51.345328 ], [ -0.11303, 51.345574 ], [ -0.11293, 51.348728 ], [ -0.112925, 51.348982 ], [ -0.112926, 51.349048 ], [ -0.113326, 51.351395 ], [ -0.11522, 51.3539 ], [ -0.118288, 51.357774 ], [ -0.119307, 51.360423 ], [ -0.122055, 51.364134 ], [ -0.126239, 51.375947 ], [ -0.128709, 51.380258 ], [ -0.12918, 51.382068 ], [ -0.128246, 51.383842 ], [ -0.129228, 51.386303 ], [ -0.1303, 51.387938 ], [ -0.132434, 51.389336 ], [ -0.133771, 51.391171 ], [ -0.130932, 51.392831 ], [ -0.128575, 51.393694 ], [ -0.12851, 51.393719 ], [ -0.124638, 51.397233 ], [ -0.124614, 51.397255 ], [ -0.129263, 51.401852 ], [ -0.132374, 51.403674 ], [ -0.133183, 51.405863 ], [ -0.135235, 51.407285 ], [ -0.132974, 51.411162 ], [ -0.132652, 51.411325 ], [ -0.132538, 51.411318 ], [ -0.131479, 51.411523 ], [ -0.130562, 51.41177 ], [ -0.128905, 51.411488 ], [ -0.127999, 51.412562 ], [ -0.127905, 51.413186 ], [ -0.127343, 51.413587 ], [ -0.126551, 51.413866 ], [ -0.125732, 51.41398 ], [ -0.124637, 51.414852 ], [ -0.12388, 51.415723 ], [ -0.122677, 51.417067 ], [ -0.122126, 51.417631 ], [ -0.121776, 51.418258 ], [ -0.121148, 51.419105 ], [ -0.120812, 51.419556 ], [ -0.119835, 51.419928 ], [ -0.11891, 51.420403 ], [ -0.118025, 51.420707 ], [ -0.116747, 51.421052 ], [ -0.115721, 51.421494 ], [ -0.114701, 51.422153 ], [ -0.113519, 51.422699 ], [ -0.112692, 51.423356 ] ] ] } },
{ "type": "Feature", "properties": { "LGB1911Gre": "1613", "LGB1911G_1": 10073303.0, "LGB1911G_2": "ROMFORD", "LGB1911G_3": "P", "LGB1911G_4": "eng", "LGB1911G_5": "LG_DIST", "LGB1911G_6": "UD", "LGB1911G_7": "ENGLAND", "LGB1911G_8": 1911.0, "LGB1911G_9": "GBHGIS", "LGB1911_10": null, "LGB1911_11": null, "LGB1911_12": null, "1911popGre": 10073303, "1911popG_1": "ROMFORD", "1911popG_2": "UD", "1911popG_3": 0, "F_AREA": 22763122.96 }, "geometry": { "type": "Polygon", "coordinates": [ [ [ 0.232815, 51.602051 ], [ 0.235298, 51.600171 ], [ 0.236282, 51.599426 ], [ 0.234986, 51.598789 ], [ 0.231557, 51.59759 ], [ 0.228427, 51.596704 ], [ 0.224458, 51.595806 ], [ 0.221673, 51.59523 ], [ 0.214091, 51.593138 ], [ 0.213593, 51.592599 ], [ 0.211901, 51.58922 ], [ 0.213026, 51.587749 ], [ 0.214346, 51.586418 ], [ 0.214368, 51.584421 ], [ 0.214511, 51.582913 ], [ 0.213592, 51.582354 ], [ 0.212005, 51.582302 ], [ 0.211148, 51.582002 ], [ 0.210885, 51.580705 ], [ 0.205785, 51.574825 ], [ 0.202148, 51.573978 ], [ 0.199393, 51.573893 ], [ 0.197896, 51.57378 ], [ 0.195841, 51.573709 ], [ 0.185417, 51.572341 ], [ 0.183691, 51.5707 ], [ 0.184341, 51.567473 ], [ 0.182533, 51.567628 ], [ 0.184361, 51.566228 ], [ 0.184791, 51.565612 ], [ 0.171994, 51.565046 ], [ 0.166193, 51.563028 ], [ 0.1649, 51.562419 ], [ 0.163848, 51.563222 ], [ 0.162194, 51.562642 ], [ 0.159835, 51.561615 ], [ 0.157957, 51.560777 ], [ 0.155887, 51.562228 ], [ 0.153265, 51.56436 ], [ 0.152366, 51.56607 ], [ 0.150168, 51.567063 ], [ 0.150121, 51.567064 ], [ 0.14688, 51.567104 ], [ 0.146315, 51.568768 ], [ 0.144686, 51.570406 ], [ 0.143099, 51.571407 ], [ 0.145078, 51.572476 ], [ 0.144569, 51.574254 ], [ 0.143229, 51.577683 ], [ 0.142918, 51.577527 ], [ 0.142132, 51.584083 ], [ 0.148312, 51.597846 ], [ 0.14854, 51.598578 ], [ 0.148885, 51.599686 ], [ 0.149446, 51.602133 ], [ 0.151881, 51.602313 ], [ 0.153982, 51.602355 ], [ 0.15614, 51.601788 ], [ 0.157514, 51.601354 ], [ 0.158118, 51.601313 ], [ 0.164715, 51.602532 ], [ 0.166667, 51.603215 ], [ 0.169192, 51.604955 ], [ 0.171079, 51.60613 ], [ 0.173586, 51.607553 ], [ 0.176085, 51.60883 ], [ 0.178337, 51.609853 ], [ 0.178185, 51.608843 ], [ 0.17777, 51.607319 ], [ 0.179055, 51.606191 ], [ 0.179716, 51.60473 ], [ 0.180086, 51.603073 ], [ 0.1817, 51.602778 ], [ 0.185151, 51.602009 ], [ 0.185133, 51.603283 ], [ 0.184384, 51.604023 ], [ 0.184081, 51.606026 ], [ 0.185961, 51.606275 ], [ 0.198168, 51.610874 ], [ 0.200101, 51.612019 ], [ 0.201361, 51.612021 ], [ 0.202847, 51.611931 ], [ 0.208995, 51.614171 ], [ 0.207943, 51.615294 ], [ 0.20669, 51.616189 ], [ 0.206577, 51.618217 ], [ 0.206905, 51.619049 ], [ 0.208043, 51.620153 ], [ 0.208972, 51.620075 ], [ 0.210214, 51.619788 ], [ 0.209463, 51.620499 ], [ 0.212634, 51.620488 ], [ 0.214891, 51.620005 ], [ 0.216194, 51.619948 ], [ 0.2184, 51.619408 ], [ 0.22216, 51.616751 ], [ 0.223182, 51.611982 ], [ 0.222692, 51.611588 ], [ 0.225261, 51.607741 ], [ 0.227643, 51.606242 ], [ 0.228649, 51.605902 ], [ 0.229021, 51.605893 ], [ 0.229591, 51.604492 ], [ 0.232815, 51.602051 ] ] ] } },
{ "type": "Feature", "properties": { "LGB1911Gre": "1615", "LGB1911G_1": 10135679.0, "LGB1911G_2": "WALTHAMSTOW", "LGB1911G_3": "P", "LGB1911G_4": "eng", "LGB1911G_5": "LG_DIST", "LGB1911G_6": "UD", "LGB1911G_7": "ENGLAND", "LGB1911G_8": 1911.0, "LGB1911G_9": "GBHGIS", "LGB1911_10": null, "LGB1911_11": null, "LGB1911_12": "y", "1911popGre": 10135679, "1911popG_1": "WALTHAMSTOW", "1911popG_2": "UD", "1911popG_3": 0, "F_AREA": 17756704.246599998 }, "geometry": { "type": "Polygon", "coordinates": [ [ [ -0.034814, 51.605276 ], [ -0.028754, 51.607913 ], [ -0.009602, 51.608701 ], [ 0.010091, 51.618972 ], [ 0.012154, 51.618323 ], [ 0.013653, 51.617599 ], [ 0.015483, 51.616954 ], [ 0.017273, 51.616427 ], [ 0.018603, 51.616024 ], [ 0.018606, 51.616006 ], [ 0.018772, 51.614863 ], [ 0.019223, 51.613725 ], [ 0.019921, 51.612843 ], [ 0.02091, 51.612187 ], [ 0.022117, 51.611446 ], [ 0.022128, 51.611439 ], [ 0.020506, 51.609069 ], [ 0.018747, 51.606761 ], [ 0.017153, 51.604911 ], [ 0.015359, 51.603645 ], [ 0.01324, 51.601602 ], [ 0.012591, 51.600021 ], [ 0.012082, 51.594608 ], [ 0.012009, 51.593831 ], [ 0.012429, 51.593823 ], [ 0.014344, 51.586392 ], [ 0.008939, 51.584996 ], [ -0.048351, 51.565944 ], [ -0.049012, 51.566353 ], [ -0.049778, 51.566869 ], [ -0.05036, 51.567333 ], [ -0.051673, 51.567887 ], [ -0.052452, 51.568224 ], [ -0.052842, 51.56863 ], [ -0.053108, 51.569041 ], [ -0.053399, 51.569545 ], [ -0.053746, 51.569997 ], [ -0.054873, 51.570224 ], [ -0.055629, 51.570406 ], [ -0.056092, 51.571137 ], [ -0.055927, 51.572118 ], [ -0.056278, 51.57269 ], [ -0.056894, 51.572233 ], [ -0.057882, 51.572389 ], [ -0.05806, 51.572823 ], [ -0.057781, 51.573327 ], [ -0.056775, 51.573547 ], [ -0.056473, 51.574209 ], [ -0.057576, 51.574224 ], [ -0.058689, 51.575232 ], [ -0.059302, 51.575675 ], [ -0.060203, 51.57678 ], [ -0.061014, 51.577937 ], [ -0.062091, 51.579327 ], [ -0.062069, 51.57992 ], [ -0.061728, 51.580699 ], [ -0.060895, 51.581348 ], [ -0.059658, 51.582037 ], [ -0.058606, 51.582562 ], [ -0.057876, 51.582874 ], [ -0.056644, 51.583391 ], [ -0.055406, 51.584105 ], [ -0.055935, 51.584656 ], [ -0.05628, 51.585313 ], [ -0.055405, 51.585985 ], [ -0.053986, 51.586615 ], [ -0.053254, 51.586902 ], [ -0.053495, 51.588096 ], [ -0.053649, 51.589234 ], [ -0.053298, 51.590421 ], [ -0.052584, 51.591464 ], [ -0.051565, 51.591905 ], [ -0.050412, 51.592089 ], [ -0.04926, 51.592164 ], [ -0.047723, 51.592477 ], [ -0.047489, 51.593776 ], [ -0.047372, 51.594433 ], [ -0.04854, 51.595333 ], [ -0.047966, 51.595823 ], [ -0.046716, 51.595802 ], [ -0.047476, 51.596528 ], [ -0.048759, 51.596883 ], [ -0.049397, 51.59717 ], [ -0.048718, 51.597936 ], [ -0.047642, 51.598212 ], [ -0.046575, 51.598254 ], [ -0.04549, 51.598697 ], [ -0.044297, 51.599538 ], [ -0.043427, 51.600389 ], [ -0.042836, 51.602327 ], [ -0.04097, 51.603636 ], [ -0.040213, 51.603961 ], [ -0.039472, 51.603898 ], [ -0.038733, 51.603802 ], [ -0.037564, 51.603993 ], [ -0.03672, 51.604159 ], [ -0.03615, 51.604474 ], [ -0.035147, 51.605105 ], [ -0.034814, 51.605276 ] ] ] } },
{ "type": "Feature", "properties": { "LGB1911Gre": "1618", "LGB1911G_1": 10108044.0, "LGB1911G_2": "KENSINGTON", "LGB1911G_3": "P", "LGB1911G_4": "eng", "LGB1911G_5": "LG_DIST", "LGB1911G_6": "MetB", "LGB1911G_7": "ENGLAND", "LGB1911G_8": 1911.0, "LGB1911G_9": "GBHGIS", "LGB1911_10": null, "LGB1911_11": null, "LGB1911_12": null, "1911popGre": 10108044, "1911popG_1": "KENSINGTON", "1911popG_2": "MetB", "1911popG_3": 172317, "F_AREA": 9171699.7636699993 }, "geometry": { "type": "Polygon", "coordinates": [ [ [ -0.22913, 51.530074 ], [ -0.227619, 51.529724 ], [ -0.226774, 51.529752 ], [ -0.225712, 51.529783 ], [ -0.22437, 51.52961 ], [ -0.223031, 51.529202 ], [ -0.221916, 51.528885 ], [ -0.219897, 51.528531 ], [ -0.218248, 51.528325 ], [ -0.216998, 51.528099 ], [ -0.215901, 51.528333 ], [ -0.215281, 51.527238 ], [ -0.214932, 51.526658 ], [ -0.21382, 51.526865 ], [ -0.212702, 51.526902 ], [ -0.211244, 51.526848 ], [ -0.209772, 51.526758 ], [ -0.208572, 51.526592 ], [ -0.207337, 51.526309 ], [ -0.206452, 51.52622 ], [ -0.20563, 51.526011 ], [ -0.205064, 51.525387 ], [ -0.202946, 51.522371 ], [ -0.203131, 51.519605 ], [ -0.20145, 51.517629 ], [ -0.20078, 51.51779 ], [ -0.199404, 51.514755 ], [ -0.197102, 51.514616 ], [ -0.195289, 51.514869 ], [ -0.194703, 51.512704 ], [ -0.194297, 51.51157 ], [ -0.193293, 51.51169 ], [ -0.192992, 51.510823 ], [ -0.192594, 51.510137 ], [ -0.191005, 51.509896 ], [ -0.189018, 51.510042 ], [ -0.188304, 51.510106 ], [ -0.187889, 51.508976 ], [ -0.187344, 51.50768 ], [ -0.186936, 51.507038 ], [ -0.184496, 51.50226 ], [ -0.183036, 51.501679 ], [ -0.181889, 51.501556 ], [ -0.181186, 51.501455 ], [ -0.180439, 51.501409 ], [ -0.179956, 51.499855 ], [ -0.179418, 51.498274 ], [ -0.177706, 51.498 ], [ -0.176057, 51.498175 ], [ -0.1748, 51.498296 ], [ -0.173606, 51.498358 ], [ -0.172524, 51.498551 ], [ -0.171746, 51.498734 ], [ -0.170228, 51.499082 ], [ -0.169223, 51.499158 ], [ -0.168403, 51.499254 ], [ -0.168056, 51.498654 ], [ -0.166247, 51.499433 ], [ -0.16582, 51.498885 ], [ -0.16488, 51.499563 ], [ -0.16387, 51.500289 ], [ -0.163091, 51.500843 ], [ -0.162482, 51.50148 ], [ -0.161688, 51.501062 ], [ -0.161983, 51.500537 ], [ -0.162217, 51.499971 ], [ -0.162244, 51.499467 ], [ -0.16252, 51.498872 ], [ -0.162947, 51.4983 ], [ -0.163405, 51.497954 ], [ -0.164082, 51.497059 ], [ -0.164515, 51.496533 ], [ -0.165497, 51.495943 ], [ -0.16658, 51.495162 ], [ -0.166948, 51.494757 ], [ -0.167396, 51.494292 ], [ -0.167904, 51.493857 ], [ -0.168565, 51.4937 ], [ -0.169066, 51.493268 ], [ -0.169565, 51.492961 ], [ -0.170456, 51.492382 ], [ -0.171318, 51.491771 ], [ -0.17243, 51.491069 ], [ -0.17379, 51.490114 ], [ -0.174687, 51.489466 ], [ -0.175956, 51.488624 ], [ -0.177108, 51.487796 ], [ -0.178562, 51.487016 ], [ -0.180085, 51.486064 ], [ -0.181303, 51.485364 ], [ -0.182696, 51.484518 ], [ -0.183466, 51.484013 ], [ -0.184309, 51.48347 ], [ -0.185287, 51.482883 ], [ -0.186013, 51.48236 ], [ -0.186651, 51.481732 ], [ -0.187764, 51.480836 ], [ -0.193836, 51.48651 ], [ -0.197859, 51.488346 ], [ -0.203208, 51.493635 ], [ -0.207533, 51.496181 ], [ -0.213302, 51.500497 ], [ -0.215606, 51.504737 ], [ -0.215448, 51.50727 ], [ -0.214527, 51.50757 ], [ -0.217258, 51.511806 ], [ -0.217088, 51.513058 ], [ -0.218238, 51.513412 ], [ -0.220278, 51.515406 ], [ -0.221735, 51.515738 ], [ -0.227417, 51.521118 ], [ -0.227286, 51.525859 ], [ -0.22913, 51.530074 ] ] ] } },
{ "type": "Feature", "properties": { "LGB1911Gre": "1625", "LGB1911G_1": 10061672.0, "LGB1911G_2": "HAMPTON WICK", "LGB1911G_3": "P", "LGB1911G_4": "eng", "LGB1911G_5": "LG_DIST", "LGB1911G_6": "UD", "LGB1911G_7": "ENGLAND", "LGB1911G_8": 1911.0, "LGB1911G_9": "GBHGIS", "LGB1911_10": null, "LGB1911_11": null, "LGB1911_12": null, "1911popGre": 10061672, "1911popG_1": "HAMPTON WICK", "1911popG_2": "UD", "1911popG_3": 0, "F_AREA": 4969053.0664100004 }, "geometry": { "type": "Polygon", "coordinates": [ [ [ -0.329486, 51.419664 ], [ -0.327656, 51.419076 ], [ -0.325849, 51.418448 ], [ -0.323486, 51.417494 ], [ -0.321331, 51.418275 ], [ -0.320149, 51.418837 ], [ -0.319553, 51.419202 ], [ -0.318051, 51.418899 ], [ -0.317625, 51.418416 ], [ -0.315276, 51.417773 ], [ -0.314761, 51.41612 ], [ -0.31285, 51.416192 ], [ -0.306768, 51.417509 ], [ -0.308172, 51.414128 ], [ -0.308855, 51.410584 ], [ -0.308877, 51.40757 ], [ -0.3081, 51.40432 ], [ -0.308062, 51.401715 ], [ -0.309089, 51.399367 ], [ -0.309518, 51.398111 ], [ -0.315193, 51.393657 ], [ -0.317117, 51.393186 ], [ -0.325507, 51.391119 ], [ -0.3313, 51.393464 ], [ -0.333959, 51.394911 ], [ -0.337055, 51.399418 ], [ -0.337533, 51.39952 ], [ -0.337454, 51.400633 ], [ -0.340194, 51.403013 ], [ -0.339012, 51.404019 ], [ -0.337241, 51.40508 ], [ -0.33598, 51.406146 ], [ -0.334943, 51.407548 ], [ -0.333942, 51.408965 ], [ -0.332893, 51.410139 ], [ -0.332245, 51.411454 ], [ -0.332063, 51.412101 ], [ -0.331556, 51.413594 ], [ -0.331268, 51.415117 ], [ -0.331169, 51.416989 ], [ -0.330817, 51.418224 ], [ -0.329486, 51.419664 ] ] ] } },
{ "type": "Feature", "properties": { "LGB1911Gre": "1635", "LGB1911G_1": 10108159.0, "LGB1911G_2": "ILFORD", "LGB1911G_3": "P", "LGB1911G_4": "eng", "LGB1911G_5": "LG_DIST", "LGB1911G_6": "UD", "LGB1911G_7": "ENGLAND", "LGB1911G_8": 1911.0, "LGB1911G_9": "GBHGIS", "LGB1911_10": null, "LGB1911_11": null, "LGB1911_12": "y", "1911popGre": 10108159, "1911popG_1": "ILFORD", "1911popG_2": "UD", "1911popG_3": 0, "F_AREA": 34173453.282200001 }, "geometry": { "type": "Polygon", "coordinates": [ [ [ 0.062514, 51.606543 ], [ 0.072241, 51.603657 ], [ 0.075759, 51.604914 ], [ 0.079186, 51.606173 ], [ 0.08178, 51.60586 ], [ 0.085692, 51.604103 ], [ 0.087407, 51.603081 ], [ 0.091421, 51.604879 ], [ 0.093694, 51.605497 ], [ 0.09725, 51.606552 ], [ 0.100669, 51.607234 ], [ 0.101588, 51.607417 ], [ 0.104053, 51.608147 ], [ 0.106699, 51.608758 ], [ 0.109564, 51.609133 ], [ 0.110363, 51.609232 ], [ 0.111196, 51.608317 ], [ 0.112958, 51.605676 ], [ 0.116318, 51.602396 ], [ 0.119769, 51.599894 ], [ 0.121616, 51.59873 ], [ 0.125181, 51.59481 ], [ 0.127756, 51.592911 ], [ 0.128842, 51.591411 ], [ 0.130012, 51.589533 ], [ 0.130617, 51.588914 ], [ 0.131444, 51.587884 ], [ 0.132697, 51.586151 ], [ 0.133529, 51.584397 ], [ 0.134158, 51.583169 ], [ 0.134498, 51.580933 ], [ 0.134663, 51.579714 ], [ 0.133534, 51.579359 ], [ 0.130765, 51.578543 ], [ 0.131581, 51.577398 ], [ 0.131507, 51.576879 ], [ 0.131102, 51.57622 ], [ 0.129752, 51.576014 ], [ 0.129008, 51.575912 ], [ 0.129176, 51.57559 ], [ 0.129706, 51.574277 ], [ 0.129477, 51.573471 ], [ 0.129859, 51.571958 ], [ 0.128941, 51.567719 ], [ 0.127064, 51.566189 ], [ 0.125494, 51.564364 ], [ 0.124617, 51.563424 ], [ 0.124227, 51.562128 ], [ 0.125513, 51.560397 ], [ 0.126825, 51.559187 ], [ 0.12556, 51.551074 ], [ 0.125411, 51.550874 ], [ 0.123908, 51.550206 ], [ 0.120258, 51.549556 ], [ 0.118672, 51.55005 ], [ 0.112888, 51.550465 ], [ 0.109086, 51.551117 ], [ 0.105531, 51.550838 ], [ 0.103156, 51.549746 ], [ 0.101136, 51.547893 ], [ 0.099503, 51.547562 ], [ 0.093919, 51.54555 ], [ 0.089733, 51.544512 ], [ 0.089125, 51.54505 ], [ 0.088444, 51.54585 ], [ 0.089809, 51.546187 ], [ 0.090974, 51.546934 ], [ 0.091248, 51.547534 ], [ 0.090808, 51.548471 ], [ 0.090011, 51.547685 ], [ 0.089272, 51.547041 ], [ 0.08742, 51.5464 ], [ 0.085608, 51.546308 ], [ 0.080491, 51.544868 ], [ 0.080173, 51.544328 ], [ 0.076608, 51.543307 ], [ 0.076423, 51.543949 ], [ 0.074607, 51.543945 ], [ 0.073891, 51.5431 ], [ 0.072194, 51.54347 ], [ 0.069948, 51.543632 ], [ 0.070482, 51.544864 ], [ 0.069529, 51.547169 ], [ 0.069354, 51.550124 ], [ 0.068564, 51.55208 ], [ 0.064877, 51.555315 ], [ 0.061593, 51.555362 ], [ 0.057643, 51.557146 ], [ 0.053925, 51.561556 ], [ 0.053489, 51.562257 ], [ 0.052352, 51.564072 ], [ 0.052259, 51.564298 ], [ 0.051549, 51.566028 ], [ 0.049907, 51.567312 ], [ 0.046745, 51.569002 ], [ 0.043825, 51.571943 ], [ 0.040091, 51.573917 ], [ 0.039847, 51.575686 ], [ 0.041951, 51.576457 ], [ 0.042554, 51.578298 ], [ 0.039965, 51.578116 ], [ 0.037257, 51.579238 ], [ 0.037172, 51.581093 ], [ 0.040389, 51.582656 ], [ 0.039773, 51.584174 ], [ 0.03639, 51.584698 ], [ 0.035246, 51.586861 ], [ 0.036166, 51.587451 ], [ 0.04754, 51.590589 ], [ 0.062514, 51.606543 ] ] ] } },
{ "type": "Feature", "properties": { "LGB1911Gre": "1638", "LGB1911G_1": 10086980.0, "LGB1911G_2": "HOLBORN", "LGB1911G_3": "P", "LGB1911G_4": "eng", "LGB1911G_5": "LG_DIST", "LGB1911G_6": "MetB", "LGB1911G_7": "ENGLAND", "LGB1911G_8": 1911.0, "LGB1911G_9": "GBHGIS", "LGB1911_10": null, "LGB1911_11": null, "LGB1911_12": null, "1911popGre": 10086980, "1911popG_1": "HOLBORN", "1911popG_2": "MetB", "1911popG_3": 49357, "F_AREA": 1658222.76807 }, "geometry": { "type": "Polygon", "coordinates": [ [ [ -0.11286, 51.523724 ], [ -0.111233, 51.523371 ], [ -0.110035, 51.522947 ], [ -0.108814, 51.522835 ], [ -0.107644, 51.522244 ], [ -0.10715, 51.52182 ], [ -0.106494, 51.520968 ], [ -0.106031, 51.519826 ], [ -0.105062, 51.519309 ], [ -0.105145, 51.518585 ], [ -0.106949, 51.518503 ], [ -0.107242, 51.517769 ], [ -0.10887, 51.518477 ], [ -0.111324, 51.518465 ], [ -0.111285, 51.517782 ], [ -0.111177, 51.516573 ], [ -0.112413, 51.516479 ], [ -0.11197, 51.516001 ], [ -0.112868, 51.515888 ], [ -0.112531, 51.515212 ], [ -0.113994, 51.514968 ], [ -0.114534, 51.515636 ], [ -0.114942, 51.516186 ], [ -0.11586, 51.515948 ], [ -0.116645, 51.515619 ], [ -0.118397, 51.515287 ], [ -0.118965, 51.514924 ], [ -0.119791, 51.514648 ], [ -0.120685, 51.514815 ], [ -0.122601, 51.514822 ], [ -0.123551, 51.515147 ], [ -0.124095, 51.514798 ], [ -0.125069, 51.514234 ], [ -0.126134, 51.513787 ], [ -0.127115, 51.513344 ], [ -0.127795, 51.512797 ], [ -0.131197, 51.516607 ], [ -0.131606, 51.517241 ], [ -0.132425, 51.518066 ], [ -0.133636, 51.519204 ], [ -0.134543, 51.520056 ], [ -0.135625, 51.520969 ], [ -0.136214, 51.521587 ], [ -0.135724, 51.521858 ], [ -0.134592, 51.52222 ], [ -0.133415, 51.52279 ], [ -0.132257, 51.523187 ], [ -0.131786, 51.523765 ], [ -0.130638, 51.524093 ], [ -0.128906, 51.524884 ], [ -0.127462, 51.525424 ], [ -0.126392, 51.525491 ], [ -0.125826, 51.524521 ], [ -0.125075, 51.52465 ], [ -0.124439, 51.523501 ], [ -0.125373, 51.523326 ], [ -0.126362, 51.523092 ], [ -0.12587, 51.522709 ], [ -0.125106, 51.522581 ], [ -0.123263, 51.523058 ], [ -0.121701, 51.523389 ], [ -0.119766, 51.523808 ], [ -0.118146, 51.523732 ], [ -0.116929, 51.523011 ], [ -0.115903, 51.522986 ], [ -0.114787, 51.52279 ], [ -0.113493, 51.523173 ], [ -0.11286, 51.523724 ] ] ] } },
{ "type": "Feature", "properties": { "LGB1911Gre": "1640", "LGB1911G_1": 10193904.0, "LGB1911G_2": "WOOLWICH", "LGB1911G_3": "P", "LGB1911G_4": "eng", "LGB1911G_5": "LG_DIST", "LGB1911G_6": "MetB", "LGB1911G_7": "ENGLAND", "LGB1911G_8": 1911.0, "LGB1911G_9": "GBHGIS", "LGB1911_10": null, "LGB1911_11": null, "LGB1911_12": null, "1911popGre": 10193904, "1911popG_1": "WOOLWICH", "1911popG_2": "MetB", "1911popG_3": 121376, "F_AREA": 36251062.378399998 }, "geometry": { "type": "Polygon", "coordinates": [ [ [ 0.118804, 51.513 ], [ 0.119928, 51.511948 ], [ 0.120308, 51.511518 ], [ 0.120545, 51.511096 ], [ 0.120678, 51.510538 ], [ 0.120639, 51.509638 ], [ 0.12045, 51.508625 ], [ 0.120498, 51.50682 ], [ 0.120574, 51.505061 ], [ 0.120505, 51.502904 ], [ 0.120441, 51.501663 ], [ 0.12063, 51.500695 ], [ 0.120469, 51.498997 ], [ 0.120345, 51.497 ], [ 0.120386, 51.495889 ], [ 0.120339, 51.494769 ], [ 0.120399, 51.493541 ], [ 0.120392, 51.493031 ], [ 0.120384, 51.492483 ], [ 0.120429, 51.492015 ], [ 0.120465, 51.491531 ], [ 0.120314, 51.491005 ], [ 0.120449, 51.490287 ], [ 0.12045, 51.489623 ], [ 0.120513, 51.48908 ], [ 0.120521, 51.488471 ], [ 0.120311, 51.487815 ], [ 0.120593, 51.487277 ], [ 0.120852, 51.486771 ], [ 0.121086, 51.48578 ], [ 0.120969, 51.485226 ], [ 0.12092, 51.484481 ], [ 0.120946, 51.483667 ], [ 0.121011, 51.482852 ], [ 0.121025, 51.482127 ], [ 0.121421, 51.481385 ], [ 0.121612, 51.480704 ], [ 0.121955, 51.480008 ], [ 0.122243, 51.478932 ], [ 0.12235, 51.478363 ], [ 0.122622, 51.477776 ], [ 0.122787, 51.477319 ], [ 0.123152, 51.476865 ], [ 0.12235, 51.476785 ], [ 0.121766, 51.477058 ], [ 0.12109, 51.477424 ], [ 0.120425, 51.477687 ], [ 0.119666, 51.47804 ], [ 0.118552, 51.478212 ], [ 0.117231, 51.47837 ], [ 0.116472, 51.477807 ], [ 0.115648, 51.477067 ], [ 0.115119, 51.476549 ], [ 0.114499, 51.475814 ], [ 0.113878, 51.475252 ], [ 0.112691, 51.474418 ], [ 0.112255, 51.473898 ], [ 0.111712, 51.473346 ], [ 0.111311, 51.472964 ], [ 0.110669, 51.472773 ], [ 0.110083, 51.473099 ], [ 0.109484, 51.473234 ], [ 0.108972, 51.473732 ], [ 0.108143, 51.474298 ], [ 0.107649, 51.474724 ], [ 0.10699, 51.475096 ], [ 0.106113, 51.475098 ], [ 0.105321, 51.475088 ], [ 0.104734, 51.474781 ], [ 0.10398, 51.474534 ], [ 0.1031, 51.474425 ], [ 0.102336, 51.474481 ], [ 0.101527, 51.474454 ], [ 0.100798, 51.474402 ], [ 0.099877, 51.474421 ], [ 0.099128, 51.474387 ], [ 0.098035, 51.47437 ], [ 0.097718, 51.473857 ], [ 0.097428, 51.473382 ], [ 0.096679, 51.472685 ], [ 0.096378, 51.47197 ], [ 0.09604, 51.471466 ], [ 0.095201, 51.47146 ], [ 0.094101, 51.471403 ], [ 0.092869, 51.471133 ], [ 0.092346, 51.470719 ], [ 0.091352, 51.47019 ], [ 0.090617, 51.469635 ], [ 0.089802, 51.469027 ], [ 0.089311, 51.468578 ], [ 0.088635, 51.468262 ], [ 0.087927, 51.468065 ], [ 0.086592, 51.467617 ], [ 0.085672, 51.467207 ], [ 0.085181, 51.466859 ], [ 0.084741, 51.466457 ], [ 0.084045, 51.465759 ], [ 0.083717, 51.465107 ], [ 0.083384, 51.46496 ], [ 0.082038, 51.465053 ], [ 0.082079, 51.464817 ], [ 0.08223, 51.464388 ], [ 0.082549, 51.463871 ], [ 0.082612, 51.463447 ], [ 0.08236, 51.462873 ], [ 0.082313, 51.462136 ], [ 0.082346, 51.461488 ], [ 0.082627, 51.46068 ], [ 0.083031, 51.460277 ], [ 0.08372, 51.459583 ], [ 0.08425, 51.458843 ], [ 0.084627, 51.458222 ], [ 0.084998, 51.457459 ], [ 0.085916, 51.456492 ], [ 0.086251, 51.455632 ], [ 0.08644, 51.454821 ], [ 0.08653, 51.454254 ], [ 0.08669, 51.453144 ], [ 0.086827, 51.452344 ], [ 0.086828, 51.452334 ], [ 0.086861, 51.451647 ], [ 0.087047, 51.450796 ], [ 0.087061, 51.450001 ], [ 0.087311, 51.449335 ], [ 0.087698, 51.448714 ], [ 0.08804, 51.448039 ], [ 0.088225, 51.447579 ], [ 0.088188, 51.447012 ], [ 0.087505, 51.446238 ], [ 0.08735, 51.445473 ], [ 0.087259, 51.444936 ], [ 0.086568, 51.444609 ], [ 0.086445, 51.443673 ], [ 0.086921, 51.442724 ], [ 0.086318, 51.442288 ], [ 0.085527, 51.442121 ], [ 0.084841, 51.441831 ], [ 0.084015, 51.44154 ], [ 0.082549, 51.442018 ], [ 0.082317, 51.441474 ], [ 0.08182, 51.440829 ], [ 0.081044, 51.440154 ], [ 0.080248, 51.439541 ], [ 0.079489, 51.438734 ], [ 0.079052, 51.438159 ], [ 0.07876, 51.437687 ], [ 0.078276, 51.437195 ], [ 0.077871, 51.436535 ], [ 0.077532, 51.4361 ], [ 0.077065, 51.435729 ], [ 0.076562, 51.435199 ], [ 0.076629, 51.434683 ], [ 0.076405, 51.433945 ], [ 0.076411, 51.433706 ], [ 0.075821, 51.43339 ], [ 0.075261, 51.433095 ], [ 0.074443, 51.432559 ], [ 0.073819, 51.432143 ], [ 0.073059, 51.431488 ], [ 0.072318, 51.430874 ], [ 0.071506, 51.43002 ], [ 0.070882, 51.429462 ], [ 0.070359, 51.428968 ], [ 0.069691, 51.42824 ], [ 0.069246, 51.427592 ], [ 0.068871, 51.427172 ], [ 0.068101, 51.4265 ], [ 0.067108, 51.426129 ], [ 0.066255, 51.425793 ], [ 0.065385, 51.425826 ], [ 0.064487, 51.425558 ], [ 0.063597, 51.424657 ], [ 0.063144, 51.424151 ], [ 0.062659, 51.42372 ], [ 0.061604, 51.424263 ], [ 0.061143, 51.424853 ], [ 0.060022, 51.424705 ], [ 0.0588, 51.424566 ], [ 0.057602, 51.425841 ], [ 0.055885, 51.426814 ], [ 0.053624, 51.428639 ], [ 0.05205, 51.430369 ], [ 0.050024, 51.43229 ], [ 0.047821, 51.434118 ], [ 0.046399, 51.435234 ], [ 0.043319, 51.437483 ], [ 0.041422, 51.439716 ], [ 0.03892, 51.44128 ], [ 0.035806, 51.442649 ], [ 0.032555, 51.444153 ], [ 0.030202, 51.443842 ], [ 0.02977, 51.441773 ], [ 0.028168, 51.441976 ], [ 0.027266, 51.442098 ], [ 0.026406, 51.442226 ], [ 0.025603, 51.442421 ], [ 0.024637, 51.44266 ], [ 0.023927, 51.442797 ], [ 0.023415, 51.443387 ], [ 0.022983, 51.443859 ], [ 0.023546, 51.444598 ], [ 0.023178, 51.445033 ], [ 0.022974, 51.445641 ], [ 0.022835, 51.446285 ], [ 0.023456, 51.446816 ], [ 0.024424, 51.447101 ], [ 0.02388, 51.447803 ], [ 0.023443, 51.448289 ], [ 0.023101, 51.448715 ], [ 0.022156, 51.449499 ], [ 0.021493, 51.450087 ], [ 0.020797, 51.450693 ], [ 0.020272, 51.451325 ], [ 0.019583, 51.452042 ], [ 0.018761, 51.452893 ], [ 0.018214, 51.453627 ], [ 0.018062, 51.454422 ], [ 0.016987, 51.454948 ], [ 0.015676, 51.455186 ], [ 0.014806, 51.455406 ], [ 0.013853, 51.455608 ], [ 0.012971, 51.455917 ], [ 0.012115, 51.456273 ], [ 0.01183, 51.457296 ], [ 0.01286, 51.457772 ], [ 0.014758, 51.458052 ], [ 0.016023, 51.457816 ], [ 0.017648, 51.457505 ], [ 0.019303, 51.457277 ], [ 0.020431, 51.457245 ], [ 0.02143, 51.457241 ], [ 0.022241, 51.457272 ], [ 0.023687, 51.457344 ], [ 0.024718, 51.457313 ], [ 0.025705, 51.45712 ], [ 0.026129, 51.457675 ], [ 0.027352, 51.4578 ], [ 0.028107, 51.458007 ], [ 0.02914, 51.458138 ], [ 0.030419, 51.458435 ], [ 0.031169, 51.458593 ], [ 0.031691, 51.45915 ], [ 0.032616, 51.459014 ], [ 0.033662, 51.45912 ], [ 0.035019, 51.459378 ], [ 0.035663, 51.459651 ], [ 0.036297, 51.460071 ], [ 0.03743, 51.460387 ], [ 0.03805, 51.460764 ], [ 0.038632, 51.461028 ], [ 0.039836, 51.461753 ], [ 0.040945, 51.462411 ], [ 0.041927, 51.462927 ], [ 0.042701, 51.46308 ], [ 0.043826, 51.463225 ], [ 0.044495, 51.463275 ], [ 0.045164, 51.46333 ], [ 0.046538, 51.463803 ], [ 0.047072, 51.464242 ], [ 0.047715, 51.464417 ], [ 0.048275, 51.464765 ], [ 0.048882, 51.465233 ], [ 0.049524, 51.465703 ], [ 0.050201, 51.466088 ], [ 0.050938, 51.46641 ], [ 0.052043, 51.466849 ], [ 0.053275, 51.466887 ], [ 0.053452, 51.467412 ], [ 0.054052, 51.468209 ], [ 0.054453, 51.468663 ], [ 0.05469, 51.469308 ], [ 0.054906, 51.469872 ], [ 0.055467, 51.470378 ], [ 0.055203, 51.473421 ], [ 0.057141, 51.478627 ], [ 0.054394, 51.479208 ], [ 0.05358, 51.479611 ], [ 0.051622, 51.480154 ], [ 0.051191, 51.481365 ], [ 0.050694, 51.481975 ], [ 0.04998, 51.483771 ], [ 0.050079, 51.484945 ], [ 0.050318, 51.485467 ], [ 0.050216, 51.486365 ], [ 0.048324, 51.4893 ], [ 0.047782, 51.490271 ], [ 0.046686, 51.490523 ], [ 0.045536, 51.490179 ], [ 0.045183, 51.491488 ], [ 0.044228, 51.493023 ], [ 0.042754, 51.492307 ], [ 0.040071, 51.49151 ], [ 0.038935, 51.492803 ], [ 0.038737, 51.493995 ], [ 0.038677, 51.496008 ], [ 0.038402, 51.497242 ], [ 0.038152, 51.497941 ], [ 0.039868, 51.498135 ], [ 0.041987, 51.498118 ], [ 0.043812, 51.497985 ], [ 0.04629, 51.497726 ], [ 0.049687, 51.497705 ], [ 0.051491, 51.497502 ], [ 0.052712, 51.497574 ], [ 0.052797, 51.498022 ], [ 0.052854, 51.498608 ], [ 0.053253, 51.499617 ], [ 0.053516, 51.500521 ], [ 0.053783, 51.501155 ], [ 0.05372, 51.501979 ], [ 0.053794, 51.502644 ], [ 0.053865, 51.502732 ], [ 0.054136, 51.503071 ], [ 0.054737, 51.503697 ], [ 0.055419, 51.503936 ], [ 0.056325, 51.5039 ], [ 0.05795, 51.503596 ], [ 0.059237, 51.503349 ], [ 0.060146, 51.502802 ], [ 0.061184, 51.502091 ], [ 0.062317, 51.501217 ], [ 0.063338, 51.500559 ], [ 0.06411, 51.499305 ], [ 0.064624, 51.496959 ], [ 0.06652, 51.496821 ], [ 0.069079, 51.496797 ], [ 0.068981, 51.497544 ], [ 0.068358, 51.499503 ], [ 0.06856, 51.499998 ], [ 0.068765, 51.500747 ], [ 0.069291, 51.501425 ], [ 0.069741, 51.50243 ], [ 0.070016, 51.5032 ], [ 0.069634, 51.503962 ], [ 0.069233, 51.504657 ], [ 0.068731, 51.505255 ], [ 0.068822, 51.506191 ], [ 0.068934, 51.507175 ], [ 0.069126, 51.507706 ], [ 0.06962, 51.508264 ], [ 0.069979, 51.508993 ], [ 0.070537, 51.509961 ], [ 0.071157, 51.510601 ], [ 0.071756, 51.511315 ], [ 0.072451, 51.511776 ], [ 0.073165, 51.512318 ], [ 0.074162, 51.512826 ], [ 0.075838, 51.513193 ], [ 0.077225, 51.512804 ], [ 0.077911, 51.512424 ], [ 0.079454, 51.511885 ], [ 0.081359, 51.511893 ], [ 0.08196, 51.512232 ], [ 0.082583, 51.512716 ], [ 0.083042, 51.513289 ], [ 0.083324, 51.51398 ], [ 0.082935, 51.514651 ], [ 0.082403, 51.515136 ], [ 0.08206, 51.515568 ], [ 0.082189, 51.516233 ], [ 0.083063, 51.516593 ], [ 0.083792, 51.516891 ], [ 0.084572, 51.517154 ], [ 0.086006, 51.517646 ], [ 0.087275, 51.517773 ], [ 0.088208, 51.517839 ], [ 0.089524, 51.51797 ], [ 0.090212, 51.518289 ], [ 0.091306, 51.518685 ], [ 0.092111, 51.518851 ], [ 0.09288, 51.518819 ], [ 0.093969, 51.518894 ], [ 0.094115, 51.518452 ], [ 0.09438, 51.517832 ], [ 0.093897, 51.517264 ], [ 0.094787, 51.516951 ], [ 0.095142, 51.516313 ], [ 0.095211, 51.514839 ], [ 0.096139, 51.514868 ], [ 0.096285, 51.513663 ], [ 0.096239, 51.512865 ], [ 0.096141, 51.511356 ], [ 0.096889, 51.511385 ], [ 0.097879, 51.511479 ], [ 0.09938, 51.511653 ], [ 0.100488, 51.51159 ], [ 0.101826, 51.511585 ], [ 0.103483, 51.51148 ], [ 0.105499, 51.511593 ], [ 0.107383, 51.511606 ], [ 0.109273, 51.511877 ], [ 0.111175, 51.512125 ], [ 0.112202, 51.512472 ], [ 0.11471, 51.512985 ], [ 0.117386, 51.513772 ], [ 0.118305, 51.513841 ], [ 0.118762, 51.513038 ], [ 0.118804, 51.513 ] ] ] } },
{ "type": "Feature", "properties": { "LGB1911Gre": "1641", "LGB1911G_1": 10001808.0, "LGB1911G_2": "CITY OF LONDON", "LGB1911G_3": "P", "LGB1911G_4": "eng", "LGB1911G_5": "LG_DIST", "LGB1911G_6": "LCC", "LGB1911G_7": "ENGLAND", "LGB1911G_8": 1911.0, "LGB1911G_9": "GBHGIS", "LGB1911_10": null, "LGB1911_11": null, "LGB1911_12": null, "1911popGre": 10001808, "1911popG_1": "CITY OF LONDON", "1911popG_2": "LCC", "1911popG_3": 19657, "F_AREA": 3059364.4248000002 }, "geometry": { "type": "Polygon", "coordinates": [ [ [ -0.08623, 51.518719 ], [ -0.08498, 51.518389 ], [ -0.084026, 51.518122 ], [ -0.08322, 51.518691 ], [ -0.082385, 51.519596 ], [ -0.081942, 51.520308 ], [ -0.081403, 51.520663 ], [ -0.080798, 51.521018 ], [ -0.078811, 51.520797 ], [ -0.078426, 51.520418 ], [ -0.078239, 51.519575 ], [ -0.077898, 51.518755 ], [ -0.07755, 51.51828 ], [ -0.077238, 51.517725 ], [ -0.076565, 51.516867 ], [ -0.076028, 51.51646 ], [ -0.075288, 51.515952 ], [ -0.074574, 51.515537 ], [ -0.073989, 51.515019 ], [ -0.073149, 51.514767 ], [ -0.072478, 51.514107 ], [ -0.07168, 51.513576 ], [ -0.072764, 51.513418 ], [ -0.074146, 51.513346 ], [ -0.074835, 51.513098 ], [ -0.074478, 51.512028 ], [ -0.073446, 51.512066 ], [ -0.073315, 51.511315 ], [ -0.072202, 51.510978 ], [ -0.072226, 51.510095 ], [ -0.073171, 51.510059 ], [ -0.073895, 51.509566 ], [ -0.074829, 51.509861 ], [ -0.075169, 51.510299 ], [ -0.076209, 51.510428 ], [ -0.076765, 51.510135 ], [ -0.077131, 51.509738 ], [ -0.077313, 51.509287 ], [ -0.077776, 51.508664 ], [ -0.07796, 51.508125 ], [ -0.078296, 51.507556 ], [ -0.078707, 51.506723 ], [ -0.07988, 51.506982 ], [ -0.0814, 51.507104 ], [ -0.083648, 51.507399 ], [ -0.085502, 51.507627 ], [ -0.087476, 51.507915 ], [ -0.088445, 51.507988 ], [ -0.089774, 51.508064 ], [ -0.090949, 51.508216 ], [ -0.091854, 51.508537 ], [ -0.093108, 51.508861 ], [ -0.094201, 51.509103 ], [ -0.095857, 51.509418 ], [ -0.098359, 51.509651 ], [ -0.100207, 51.509837 ], [ -0.101453, 51.509828 ], [ -0.103851, 51.509966 ], [ -0.104339, 51.508586 ], [ -0.105079, 51.50995 ], [ -0.106911, 51.509901 ], [ -0.110436, 51.509884 ], [ -0.111538, 51.509881 ], [ -0.111682, 51.51201 ], [ -0.112778, 51.512779 ], [ -0.111483, 51.513233 ], [ -0.112111, 51.514422 ], [ -0.109587, 51.515399 ], [ -0.111177, 51.516573 ], [ -0.111285, 51.517782 ], [ -0.111324, 51.518465 ], [ -0.10887, 51.518477 ], [ -0.107242, 51.517769 ], [ -0.106949, 51.518503 ], [ -0.105145, 51.518585 ], [ -0.105062, 51.519309 ], [ -0.10361, 51.519388 ], [ -0.102584, 51.519417 ], [ -0.101586, 51.519719 ], [ -0.100741, 51.519773 ], [ -0.100217, 51.520157 ], [ -0.099459, 51.51975 ], [ -0.098528, 51.519955 ], [ -0.098135, 51.520372 ], [ -0.097232, 51.520711 ], [ -0.096793, 51.521368 ], [ -0.096022, 51.521493 ], [ -0.09508, 51.521447 ], [ -0.094073, 51.521314 ], [ -0.093136, 51.521158 ], [ -0.092398, 51.521076 ], [ -0.09202, 51.520681 ], [ -0.09135, 51.520324 ], [ -0.090059, 51.520014 ], [ -0.08905, 51.519685 ], [ -0.088167, 51.51941 ], [ -0.08623, 51.518719 ] ] ] } },
{ "type": "Feature", "properties": { "LGB1911Gre": "1643", "LGB1911G_1": 10152975.0, "LGB1911G_2": "MERTON", "LGB1911G_3": "O", "LGB1911G_4": "eng", "LGB1911G_5": "LG_DIST", "LGB1911G_6": "UD", "LGB1911G_7": "ENGLAND", "LGB1911G_8": 1911.0, "LGB1911G_9": "GBHGIS", "LGB1911_10": null, "LGB1911_11": null, "LGB1911_12": "y", "1911popGre": 10152975, "1911popG_1": "MERTON", "1911popG_2": "UD", "1911popG_3": 0, "F_AREA": 6684187.15625 }, "geometry": { "type": "Polygon", "coordinates": [ [ [ -0.249575, 51.414764 ], [ -0.240693, 51.411154 ], [ -0.234945, 51.409893 ], [ -0.230061, 51.409281 ], [ -0.226948, 51.409327 ], [ -0.224221, 51.409769 ], [ -0.202887, 51.414994 ], [ -0.192977, 51.416243 ], [ -0.187401, 51.416914 ], [ -0.181908, 51.41631 ], [ -0.182428, 51.414489 ], [ -0.188311, 51.409687 ], [ -0.189313, 51.407861 ], [ -0.19014, 51.406109 ], [ -0.190189, 51.405783 ], [ -0.192071, 51.405591 ], [ -0.194902, 51.403997 ], [ -0.201314, 51.403033 ], [ -0.207706, 51.401147 ], [ -0.211849, 51.400584 ], [ -0.21522, 51.399706 ], [ -0.223444, 51.396439 ], [ -0.234381, 51.39011 ], [ -0.235712, 51.390334 ], [ -0.239634, 51.389689 ], [ -0.240338, 51.391694 ], [ -0.241657, 51.393216 ], [ -0.243869, 51.394114 ], [ -0.245402, 51.395654 ], [ -0.247411, 51.397002 ], [ -0.247425, 51.397011 ], [ -0.246511, 51.397456 ], [ -0.245317, 51.399544 ], [ -0.244925, 51.404019 ], [ -0.245546, 51.406132 ], [ -0.246855, 51.408407 ], [ -0.248564, 51.409894 ], [ -0.248535, 51.411893 ], [ -0.249575, 51.414764 ] ] ] } },
{ "type": "Feature", "properties": { "LGB1911Gre": "1652", "LGB1911G_1": 10186377.0, "LGB1911G_2": "HORNSEY", "LGB1911G_3": "P", "LGB1911G_4": "eng", "LGB1911G_5": "LG_DIST", "LGB1911G_6": "MB", "LGB1911G_7": "ENGLAND", "LGB1911G_8": 1911.0, "LGB1911G_9": "GBHGIS", "LGB1911_10": null, "LGB1911_11": null, "LGB1911_12": "y", "1911popGre": 10186377, "1911popG_1": "HORNSEY", "1911popG_2": "MB", "1911popG_3": 84592, "F_AREA": 11980004.4399 }, "geometry": { "type": "MultiPolygon", "coordinates": [ [ [ [ -0.153173, 51.599019 ], [ -0.151646, 51.597726 ], [ -0.147682, 51.59899 ], [ -0.146928, 51.599291 ], [ -0.146152, 51.5996 ], [ -0.144778, 51.599979 ], [ -0.144173, 51.59988 ], [ -0.144015, 51.599213 ], [ -0.143715, 51.598571 ], [ -0.143029, 51.598182 ], [ -0.142345, 51.597734 ], [ -0.140655, 51.596627 ], [ -0.139476, 51.595613 ], [ -0.138489, 51.594541 ], [ -0.136966, 51.593717 ], [ -0.135952, 51.593118 ], [ -0.135214, 51.592682 ], [ -0.132754, 51.591424 ], [ -0.130868, 51.590949 ], [ -0.128328, 51.590981 ], [ -0.12443, 51.59131 ], [ -0.123349, 51.591927 ], [ -0.121586, 51.591824 ], [ -0.120115, 51.591635 ], [ -0.118168, 51.59153 ], [ -0.115042, 51.591441 ], [ -0.112858, 51.591822 ], [ -0.110074, 51.592273 ], [ -0.10839, 51.592446 ], [ -0.107176, 51.592513 ], [ -0.106244, 51.592442 ], [ -0.105181, 51.592082 ], [ -0.104451, 51.59161 ], [ -0.103951, 51.591227 ], [ -0.10341, 51.590757 ], [ -0.103152, 51.590442 ], [ -0.103382, 51.590294 ], [ -0.102402, 51.589237 ], [ -0.101968, 51.588535 ], [ -0.101287, 51.587216 ], [ -0.101178, 51.586572 ], [ -0.101582, 51.585934 ], [ -0.101969, 51.584762 ], [ -0.102006, 51.584111 ], [ -0.101635, 51.583363 ], [ -0.100688, 51.582277 ], [ -0.099929, 51.581219 ], [ -0.099776, 51.580078 ], [ -0.100057, 51.579331 ], [ -0.100251, 51.578521 ], [ -0.099894, 51.577707 ], [ -0.09845, 51.575392 ], [ -0.098167, 51.575018 ], [ -0.097797, 51.573895 ], [ -0.097283, 51.572942 ], [ -0.096687, 51.571748 ], [ -0.096155, 51.570842 ], [ -0.096253, 51.570286 ], [ -0.097599, 51.569284 ], [ -0.098717, 51.568504 ], [ -0.099586, 51.567654 ], [ -0.100734, 51.566789 ], [ -0.101937, 51.566008 ], [ -0.103125, 51.565305 ], [ -0.104126, 51.564552 ], [ -0.105157, 51.564861 ], [ -0.105965, 51.565307 ], [ -0.106698, 51.565859 ], [ -0.107413, 51.566576 ], [ -0.108403, 51.567306 ], [ -0.109703, 51.567945 ], [ -0.111002, 51.568683 ], [ -0.112155, 51.569211 ], [ -0.113428, 51.569796 ], [ -0.114418, 51.570739 ], [ -0.115934, 51.572001 ], [ -0.115296, 51.572475 ], [ -0.115954, 51.573025 ], [ -0.116787, 51.573647 ], [ -0.117291, 51.574058 ], [ -0.118103, 51.574587 ], [ -0.118968, 51.574986 ], [ -0.119941, 51.575373 ], [ -0.120854, 51.575221 ], [ -0.122666, 51.574842 ], [ -0.123865, 51.574634 ], [ -0.124492, 51.574313 ], [ -0.125653, 51.574022 ], [ -0.126527, 51.574335 ], [ -0.127561, 51.574279 ], [ -0.129035, 51.574098 ], [ -0.130728, 51.573858 ], [ -0.131422, 51.573722 ], [ -0.13251, 51.573475 ], [ -0.133204, 51.573075 ], [ -0.134196, 51.572419 ], [ -0.135705, 51.571691 ], [ -0.136604, 51.571318 ], [ -0.1383, 51.57056 ], [ -0.139306, 51.56999 ], [ -0.140465, 51.569521 ], [ -0.141988, 51.56956 ], [ -0.142834, 51.569877 ], [ -0.143729, 51.570196 ], [ -0.145308, 51.570563 ], [ -0.149108, 51.571646 ], [ -0.15094, 51.571743 ], [ -0.153968, 51.571859 ], [ -0.156368, 51.572043 ], [ -0.159049, 51.57239 ], [ -0.161025, 51.572444 ], [ -0.163602, 51.572332 ], [ -0.165182, 51.572368 ], [ -0.165439, 51.572538 ], [ -0.166367, 51.572467 ], [ -0.167843, 51.57208 ], [ -0.169101, 51.571847 ], [ -0.170015, 51.571712 ], [ -0.173049, 51.571707 ], [ -0.17307, 51.573886 ], [ -0.172189, 51.577245 ], [ -0.170493, 51.578352 ], [ -0.170353, 51.578443 ], [ -0.165981, 51.580795 ], [ -0.163956, 51.581656 ], [ -0.163124, 51.582129 ], [ -0.162686, 51.582947 ], [ -0.162347, 51.583577 ], [ -0.162365, 51.584779 ], [ -0.162364, 51.584811 ], [ -0.162305, 51.586124 ], [ -0.161558, 51.587858 ], [ -0.161039, 51.588421 ], [ -0.160414, 51.589346 ], [ -0.159434, 51.590808 ], [ -0.159443, 51.591709 ], [ -0.159754, 51.592491 ], [ -0.160087, 51.593128 ], [ -0.160886, 51.594154 ], [ -0.162451, 51.59802 ], [ -0.161257, 51.599234 ], [ -0.160236, 51.600274 ], [ -0.157741, 51.603922 ], [ -0.156443, 51.604982 ], [ -0.155314, 51.604176 ], [ -0.154865, 51.603821 ], [ -0.154293, 51.603204 ], [ -0.153859, 51.602651 ], [ -0.153798, 51.602072 ], [ -0.15385, 51.601207 ], [ -0.153717, 51.600428 ], [ -0.153173, 51.599019 ] ] ], [ [ [ -0.156302, 51.610203 ], [ -0.155389, 51.609894 ], [ -0.154364, 51.610114 ], [ -0.153688, 51.608308 ], [ -0.153074, 51.60736 ], [ -0.152498, 51.60703 ], [ -0.15165, 51.606488 ], [ -0.154648, 51.605713 ], [ -0.154924, 51.605834 ], [ -0.154974, 51.605956 ], [ -0.155421, 51.607012 ], [ -0.155912, 51.608047 ], [ -0.15637, 51.608671 ], [ -0.157361, 51.610131 ], [ -0.157946, 51.610561 ], [ -0.158141, 51.610704 ], [ -0.158968, 51.611248 ], [ -0.160049, 51.611914 ], [ -0.160739, 51.612514 ], [ -0.159102, 51.612193 ], [ -0.157293, 51.610985 ], [ -0.156302, 51.610203 ] ] ] ] } },
{ "type": "Feature", "properties": { "LGB1911Gre": "1653", "LGB1911G_1": 10173140.0, "LGB1911G_2": "WOOD GREEN", "LGB1911G_3": "P", "LGB1911G_4": "eng", "LGB1911G_5": "LG_DIST", "LGB1911G_6": "UD", "LGB1911G_7": "ENGLAND", "LGB1911G_8": 1911.0, "LGB1911G_9": "GBHGIS", "LGB1911_10": null, "LGB1911_11": null, "LGB1911_12": "y", "1911popGre": 10173140, "1911popG_1": "WOOD GREEN", "1911popG_2": "UD", "1911popG_3": 0, "F_AREA": 6447246.0976600004 }, "geometry": { "type": "Polygon", "coordinates": [ [ [ -0.096489, 51.610286 ], [ -0.096475, 51.609774 ], [ -0.095081, 51.609734 ], [ -0.093698, 51.609341 ], [ -0.093147, 51.609107 ], [ -0.093388, 51.608259 ], [ -0.093481, 51.607598 ], [ -0.093468, 51.606404 ], [ -0.093533, 51.605375 ], [ -0.093059, 51.603824 ], [ -0.09257, 51.601883 ], [ -0.093604, 51.598212 ], [ -0.094643, 51.597116 ], [ -0.094961, 51.595862 ], [ -0.096225, 51.594929 ], [ -0.103152, 51.590442 ], [ -0.10341, 51.590757 ], [ -0.103951, 51.591227 ], [ -0.104451, 51.59161 ], [ -0.105181, 51.592082 ], [ -0.106244, 51.592442 ], [ -0.107176, 51.592513 ], [ -0.10839, 51.592446 ], [ -0.110074, 51.592273 ], [ -0.112858, 51.591822 ], [ -0.115042, 51.591441 ], [ -0.118168, 51.59153 ], [ -0.120115, 51.591635 ], [ -0.121586, 51.591824 ], [ -0.123349, 51.591927 ], [ -0.12443, 51.59131 ], [ -0.128328, 51.590981 ], [ -0.130868, 51.590949 ], [ -0.132754, 51.591424 ], [ -0.135214, 51.592682 ], [ -0.135952, 51.593118 ], [ -0.136966, 51.593717 ], [ -0.138489, 51.594541 ], [ -0.139476, 51.595613 ], [ -0.140655, 51.596627 ], [ -0.142345, 51.597734 ], [ -0.143029, 51.598182 ], [ -0.143715, 51.598571 ], [ -0.144015, 51.599213 ], [ -0.144173, 51.59988 ], [ -0.144778, 51.599979 ], [ -0.14428, 51.600662 ], [ -0.143926, 51.601259 ], [ -0.143385, 51.601877 ], [ -0.142884, 51.602661 ], [ -0.142586, 51.603106 ], [ -0.142183, 51.603829 ], [ -0.142147, 51.60448 ], [ -0.142473, 51.605315 ], [ -0.14278, 51.60581 ], [ -0.143281, 51.607009 ], [ -0.143247, 51.607653 ], [ -0.143179, 51.608358 ], [ -0.143898, 51.609353 ], [ -0.144063, 51.609573 ], [ -0.144034, 51.610284 ], [ -0.143509, 51.610595 ], [ -0.143441, 51.611157 ], [ -0.139915, 51.610681 ], [ -0.139005, 51.610552 ], [ -0.138057, 51.610914 ], [ -0.135677, 51.611079 ], [ -0.134185, 51.610908 ], [ -0.134065, 51.610895 ], [ -0.132106, 51.610402 ], [ -0.129146, 51.609667 ], [ -0.126177, 51.609113 ], [ -0.123066, 51.608726 ], [ -0.118979, 51.608475 ], [ -0.11543, 51.608328 ], [ -0.111364, 51.6083 ], [ -0.107798, 51.608566 ], [ -0.105005, 51.608833 ], [ -0.102153, 51.608998 ], [ -0.100182, 51.609211 ], [ -0.099049, 51.609577 ], [ -0.097585, 51.610005 ], [ -0.096489, 51.610286 ] ] ] } },
{ "type": "Feature", "properties": { "LGB1911Gre": "1654", "LGB1911G_1": 10001444.0, "LGB1911G_2": "TOTTENHAM", "LGB1911G_3": "P", "LGB1911G_4": "eng", "LGB1911G_5": "LG_DIST", "LGB1911G_6": "UD", "LGB1911G_7": "ENGLAND", "LGB1911G_8": 1911.0, "LGB1911G_9": "GBHGIS", "LGB1911_10": null, "LGB1911_11": null, "LGB1911_12": "y", "1911popGre": 10001444, "1911popG_1": "TOTTENHAM", "1911popG_2": "UD", "1911popG_3": 0, "F_AREA": 11951177.5776 }, "geometry": { "type": "Polygon", "coordinates": [ [ [ -0.093147, 51.609107 ], [ -0.091901, 51.608806 ], [ -0.088988, 51.608907 ], [ -0.086317, 51.608345 ], [ -0.085115, 51.608325 ], [ -0.082247, 51.607976 ], [ -0.06955, 51.608507 ], [ -0.063874, 51.608565 ], [ -0.059593, 51.609187 ], [ -0.052614, 51.608597 ], [ -0.050604, 51.607716 ], [ -0.046347, 51.607234 ], [ -0.04491, 51.607141 ], [ -0.043155, 51.606866 ], [ -0.042001, 51.606695 ], [ -0.040432, 51.606426 ], [ -0.038038, 51.60593 ], [ -0.036432, 51.605472 ], [ -0.034814, 51.605276 ], [ -0.035147, 51.605105 ], [ -0.03615, 51.604474 ], [ -0.03672, 51.604159 ], [ -0.037564, 51.603993 ], [ -0.038733, 51.603802 ], [ -0.039472, 51.603898 ], [ -0.040213, 51.603961 ], [ -0.04097, 51.603636 ], [ -0.042836, 51.602327 ], [ -0.043427, 51.600389 ], [ -0.044297, 51.599538 ], [ -0.04549, 51.598697 ], [ -0.046575, 51.598254 ], [ -0.047642, 51.598212 ], [ -0.048718, 51.597936 ], [ -0.049397, 51.59717 ], [ -0.048759, 51.596883 ], [ -0.047476, 51.596528 ], [ -0.046716, 51.595802 ], [ -0.047966, 51.595823 ], [ -0.04854, 51.595333 ], [ -0.047372, 51.594433 ], [ -0.047489, 51.593776 ], [ -0.047723, 51.592477 ], [ -0.04926, 51.592164 ], [ -0.050412, 51.592089 ], [ -0.051565, 51.591905 ], [ -0.052584, 51.591464 ], [ -0.053298, 51.590421 ], [ -0.053649, 51.589234 ], [ -0.053495, 51.588096 ], [ -0.053254, 51.586902 ], [ -0.053986, 51.586615 ], [ -0.055405, 51.585985 ], [ -0.05628, 51.585313 ], [ -0.055935, 51.584656 ], [ -0.055406, 51.584105 ], [ -0.056644, 51.583391 ], [ -0.057876, 51.582874 ], [ -0.058606, 51.582562 ], [ -0.059658, 51.582037 ], [ -0.060895, 51.581348 ], [ -0.061728, 51.580699 ], [ -0.062069, 51.57992 ], [ -0.062091, 51.579327 ], [ -0.061014, 51.577937 ], [ -0.060203, 51.57678 ], [ -0.059302, 51.575675 ], [ -0.058689, 51.575232 ], [ -0.059649, 51.575327 ], [ -0.060878, 51.575569 ], [ -0.061796, 51.576232 ], [ -0.062922, 51.576345 ], [ -0.06372, 51.576416 ], [ -0.065514, 51.576274 ], [ -0.066679, 51.576115 ], [ -0.067751, 51.576021 ], [ -0.069092, 51.575802 ], [ -0.070003, 51.57562 ], [ -0.071668, 51.575524 ], [ -0.072915, 51.575537 ], [ -0.07403, 51.575464 ], [ -0.075195, 51.575236 ], [ -0.075456, 51.575661 ], [ -0.076868, 51.575818 ], [ -0.077868, 51.575256 ], [ -0.079141, 51.575607 ], [ -0.080007, 51.57566 ], [ -0.080865, 51.575688 ], [ -0.081755, 51.575554 ], [ -0.082542, 51.575447 ], [ -0.083498, 51.575227 ], [ -0.084803, 51.575177 ], [ -0.086283, 51.575031 ], [ -0.087415, 51.574958 ], [ -0.088345, 51.574916 ], [ -0.089457, 51.575012 ], [ -0.091236, 51.574606 ], [ -0.092572, 51.574425 ], [ -0.093658, 51.574324 ], [ -0.094642, 51.574359 ], [ -0.095804, 51.574499 ], [ -0.096117, 51.574922 ], [ -0.096641, 51.575578 ], [ -0.097457, 51.575341 ], [ -0.098167, 51.575018 ], [ -0.09845, 51.575392 ], [ -0.099894, 51.577707 ], [ -0.100251, 51.578521 ], [ -0.100057, 51.579331 ], [ -0.099776, 51.580078 ], [ -0.099929, 51.581219 ], [ -0.100688, 51.582277 ], [ -0.101635, 51.583363 ], [ -0.102006, 51.584111 ], [ -0.101969, 51.584762 ], [ -0.101582, 51.585934 ], [ -0.101178, 51.586572 ], [ -0.101287, 51.587216 ], [ -0.101968, 51.588535 ], [ -0.102402, 51.589237 ], [ -0.103382, 51.590294 ], [ -0.103152, 51.590442 ], [ -0.096225, 51.594929 ], [ -0.094961, 51.595862 ], [ -0.094643, 51.597116 ], [ -0.093604, 51.598212 ], [ -0.09257, 51.601883 ], [ -0.093059, 51.603824 ], [ -0.093533, 51.605375 ], [ -0.093468, 51.606404 ], [ -0.093481, 51.607598 ], [ -0.093388, 51.608259 ], [ -0.093147, 51.609107 ] ] ] } },
{ "type": "Feature", "properties": { "LGB1911Gre": "1655", "LGB1911G_1": 10199256.0, "LGB1911G_2": "ERITH", "LGB1911G_3": "P", "LGB1911G_4": "eng", "LGB1911G_5": "LG_DIST", "LGB1911G_6": "UD", "LGB1911G_7": "ENGLAND", "LGB1911G_8": 1911.0, "LGB1911G_9": "GBHGIS", "LGB1911_10": null, "LGB1911_11": null, "LGB1911_12": "y", "1911popGre": 10199256, "1911popG_1": "ERITH", "1911popG_2": "UD", "1911popG_3": 0, "F_AREA": 18918591.9712 }, "geometry": { "type": "Polygon", "coordinates": [ [ [ 0.118804, 51.513 ], [ 0.121163, 51.514029 ], [ 0.123634, 51.514679 ], [ 0.126878, 51.515258 ], [ 0.130328, 51.515399 ], [ 0.13299, 51.514598 ], [ 0.133841, 51.514207 ], [ 0.141653, 51.511542 ], [ 0.144414, 51.510562 ], [ 0.147095, 51.509669 ], [ 0.152196, 51.508694 ], [ 0.155546, 51.508617 ], [ 0.157997, 51.508362 ], [ 0.159149, 51.508164 ], [ 0.161502, 51.507825 ], [ 0.164223, 51.50742 ], [ 0.167842, 51.506445 ], [ 0.17003, 51.505646 ], [ 0.172328, 51.504382 ], [ 0.173838, 51.503134 ], [ 0.177827, 51.491762 ], [ 0.184808, 51.483857 ], [ 0.20106, 51.484591 ], [ 0.202758, 51.483403 ], [ 0.20411, 51.481581 ], [ 0.203058, 51.479155 ], [ 0.199527, 51.477775 ], [ 0.196545, 51.477106 ], [ 0.195608, 51.475452 ], [ 0.192952, 51.474881 ], [ 0.190437, 51.474738 ], [ 0.185739, 51.474103 ], [ 0.1833, 51.473756 ], [ 0.179825, 51.472839 ], [ 0.175984, 51.471899 ], [ 0.171647, 51.471369 ], [ 0.167461, 51.471214 ], [ 0.165083, 51.470922 ], [ 0.162754, 51.470746 ], [ 0.158089, 51.470104 ], [ 0.156487, 51.469428 ], [ 0.155466, 51.469439 ], [ 0.152551, 51.46979 ], [ 0.149767, 51.469851 ], [ 0.148421, 51.470026 ], [ 0.144969, 51.470088 ], [ 0.144893, 51.470003 ], [ 0.144419, 51.469827 ], [ 0.144084, 51.469663 ], [ 0.143004, 51.469401 ], [ 0.141801, 51.469359 ], [ 0.140927, 51.469411 ], [ 0.139173, 51.470092 ], [ 0.138481, 51.470442 ], [ 0.137421, 51.470787 ], [ 0.136457, 51.470854 ], [ 0.135798, 51.470669 ], [ 0.135, 51.470472 ], [ 0.132701, 51.470935 ], [ 0.131082, 51.471525 ], [ 0.129789, 51.471847 ], [ 0.126979, 51.472569 ], [ 0.125899, 51.472957 ], [ 0.125856, 51.472976 ], [ 0.125608, 51.47308 ], [ 0.124307, 51.474225 ], [ 0.123402, 51.475418 ], [ 0.123152, 51.476865 ], [ 0.122787, 51.477319 ], [ 0.122622, 51.477776 ], [ 0.12235, 51.478363 ], [ 0.122243, 51.478932 ], [ 0.121955, 51.480008 ], [ 0.121612, 51.480704 ], [ 0.121421, 51.481385 ], [ 0.121025, 51.482127 ], [ 0.121011, 51.482852 ], [ 0.120946, 51.483667 ], [ 0.12092, 51.484481 ], [ 0.120969, 51.485226 ], [ 0.121086, 51.48578 ], [ 0.120852, 51.486771 ], [ 0.120593, 51.487277 ], [ 0.120311, 51.487815 ], [ 0.120521, 51.488471 ], [ 0.120513, 51.48908 ], [ 0.12045, 51.489623 ], [ 0.120449, 51.490287 ], [ 0.120314, 51.491005 ], [ 0.120465, 51.491531 ], [ 0.120429, 51.492015 ], [ 0.120384, 51.492483 ], [ 0.120392, 51.493031 ], [ 0.120399, 51.493541 ], [ 0.120339, 51.494769 ], [ 0.120386, 51.495889 ], [ 0.120345, 51.497 ], [ 0.120469, 51.498997 ], [ 0.12063, 51.500695 ], [ 0.120441, 51.501663 ], [ 0.120505, 51.502904 ], [ 0.120574, 51.505061 ], [ 0.120498, 51.50682 ], [ 0.12045, 51.508625 ], [ 0.120639, 51.509638 ], [ 0.120678, 51.510538 ], [ 0.120545, 51.511096 ], [ 0.120308, 51.511518 ], [ 0.119928, 51.511948 ], [ 0.118804, 51.513 ] ] ] } },
{ "type": "Feature", "properties": { "LGB1911Gre": "1656", "LGB1911G_1": 10135576.0, "LGB1911G_2": "WESTMINSTER", "LGB1911G_3": "P", "LGB1911G_4": "eng", "LGB1911G_5": "LG_DIST", "LGB1911G_6": "MetB", "LGB1911G_7": "ENGLAND", "LGB1911G_8": 1911.0, "LGB1911G_9": "GBHGIS", "LGB1911_10": null, "LGB1911_11": null, "LGB1911_12": null, "1911popGre": 10135576, "1911popG_1": "WESTMINSTER", "1911popG_2": "MetB", "1911popG_3": 160261, "F_AREA": 10584545.594699999 }, "geometry": { "type": "Polygon", "coordinates": [ [ [ -0.114942, 51.516186 ], [ -0.114534, 51.515636 ], [ -0.113994, 51.514968 ], [ -0.112531, 51.515212 ], [ -0.112868, 51.515888 ], [ -0.11197, 51.516001 ], [ -0.112413, 51.516479 ], [ -0.111177, 51.516573 ], [ -0.109587, 51.515399 ], [ -0.112111, 51.514422 ], [ -0.111483, 51.513233 ], [ -0.112778, 51.512779 ], [ -0.111682, 51.51201 ], [ -0.111538, 51.509881 ], [ -0.1126, 51.509817 ], [ -0.114409, 51.509545 ], [ -0.115609, 51.509252 ], [ -0.116434, 51.509018 ], [ -0.117261, 51.508791 ], [ -0.11822, 51.508415 ], [ -0.118839, 51.508018 ], [ -0.119888, 51.5073 ], [ -0.120658, 51.506598 ], [ -0.121143, 51.506036 ], [ -0.121362, 51.505508 ], [ -0.12189, 51.504486 ], [ -0.122215, 51.503567 ], [ -0.122438, 51.502719 ], [ -0.12278, 51.501657 ], [ -0.122868, 51.501145 ], [ -0.122981, 51.500132 ], [ -0.12311, 51.498851 ], [ -0.123178, 51.498326 ], [ -0.12315, 51.497627 ], [ -0.123258, 51.496935 ], [ -0.123265, 51.496279 ], [ -0.123558, 51.495579 ], [ -0.123515, 51.495029 ], [ -0.123645, 51.494408 ], [ -0.123827, 51.493764 ], [ -0.124469, 51.492467 ], [ -0.124748, 51.491503 ], [ -0.125268, 51.490492 ], [ -0.125806, 51.4899 ], [ -0.126614, 51.48904 ], [ -0.127134, 51.488445 ], [ -0.127853, 51.487602 ], [ -0.128666, 51.486869 ], [ -0.129818, 51.485974 ], [ -0.130597, 51.485619 ], [ -0.13177, 51.485167 ], [ -0.132989, 51.48473 ], [ -0.134932, 51.484358 ], [ -0.136374, 51.484161 ], [ -0.13805, 51.483927 ], [ -0.139776, 51.483906 ], [ -0.141261, 51.484035 ], [ -0.143497, 51.484321 ], [ -0.145505, 51.484548 ], [ -0.146945, 51.484675 ], [ -0.148121, 51.484755 ], [ -0.149586, 51.484732 ], [ -0.149843, 51.485633 ], [ -0.149967, 51.486181 ], [ -0.151254, 51.487141 ], [ -0.154329, 51.489069 ], [ -0.155659, 51.489886 ], [ -0.154978, 51.490314 ], [ -0.155481, 51.49113 ], [ -0.155773, 51.491806 ], [ -0.154824, 51.492269 ], [ -0.155513, 51.492882 ], [ -0.156075, 51.493497 ], [ -0.155263, 51.494145 ], [ -0.156401, 51.494809 ], [ -0.155796, 51.495267 ], [ -0.156291, 51.496445 ], [ -0.156545, 51.497362 ], [ -0.15671, 51.497959 ], [ -0.158434, 51.499195 ], [ -0.158997, 51.500201 ], [ -0.159272, 51.500959 ], [ -0.159542, 51.501745 ], [ -0.159691, 51.502246 ], [ -0.161891, 51.501979 ], [ -0.162482, 51.50148 ], [ -0.163091, 51.500843 ], [ -0.16387, 51.500289 ], [ -0.16488, 51.499563 ], [ -0.16582, 51.498885 ], [ -0.166247, 51.499433 ], [ -0.168056, 51.498654 ], [ -0.168403, 51.499254 ], [ -0.169223, 51.499158 ], [ -0.170228, 51.499082 ], [ -0.171746, 51.498734 ], [ -0.172524, 51.498551 ], [ -0.173606, 51.498358 ], [ -0.1748, 51.498296 ], [ -0.176057, 51.498175 ], [ -0.177706, 51.498 ], [ -0.179418, 51.498274 ], [ -0.179956, 51.499855 ], [ -0.180439, 51.501409 ], [ -0.181186, 51.501455 ], [ -0.181889, 51.501556 ], [ -0.183036, 51.501679 ], [ -0.184496, 51.50226 ], [ -0.186936, 51.507038 ], [ -0.184972, 51.507127 ], [ -0.183049, 51.507406 ], [ -0.181418, 51.507576 ], [ -0.179571, 51.50796 ], [ -0.178463, 51.508233 ], [ -0.177398, 51.508488 ], [ -0.176554, 51.508676 ], [ -0.176435, 51.510012 ], [ -0.176638, 51.510701 ], [ -0.176776, 51.511273 ], [ -0.17513, 51.511761 ], [ -0.172561, 51.512017 ], [ -0.171026, 51.512107 ], [ -0.169921, 51.512324 ], [ -0.16843, 51.512466 ], [ -0.166945, 51.512618 ], [ -0.165411, 51.512727 ], [ -0.163653, 51.513001 ], [ -0.162495, 51.513228 ], [ -0.161677, 51.513325 ], [ -0.160546, 51.513438 ], [ -0.15865, 51.513627 ], [ -0.157199, 51.513776 ], [ -0.154833, 51.513986 ], [ -0.152575, 51.514243 ], [ -0.150508, 51.514394 ], [ -0.148918, 51.514591 ], [ -0.146305, 51.514875 ], [ -0.143477, 51.51524 ], [ -0.131197, 51.516607 ], [ -0.127795, 51.512797 ], [ -0.127115, 51.513344 ], [ -0.126134, 51.513787 ], [ -0.125069, 51.514234 ], [ -0.124095, 51.514798 ], [ -0.123551, 51.515147 ], [ -0.122601, 51.514822 ], [ -0.120685, 51.514815 ], [ -0.119791, 51.514648 ], [ -0.118965, 51.514924 ], [ -0.118397, 51.515287 ], [ -0.116645, 51.515619 ], [ -0.11586, 51.515948 ], [ -0.114942, 51.516186 ] ] ] } },
{ "type": "Feature", "properties": { "LGB1911Gre": "1658", "LGB1911G_1": 10181010.0, "LGB1911G_2": "EAST AND WEST MOLESEY", "LGB1911G_3": "P", "LGB1911G_4": "eng", "LGB1911G_5": "LG_DIST", "LGB1911G_6": "UD", "LGB1911G_7": "ENGLAND", "LGB1911G_8": 1911.0, "LGB1911G_9": "GBHGIS", "LGB1911_10": null, "LGB1911_11": null, "LGB1911_12": null, "1911popGre": 10181010, "1911popG_1": "EAST AND WEST MOLESEY", "1911popG_2": "UD", "1911popG_3": 0, "F_AREA": 6516559.7819800004 }, "geometry": { "type": "Polygon", "coordinates": [ [ [ -0.396816, 51.40871 ], [ -0.393411, 51.409296 ], [ -0.385617, 51.408646 ], [ -0.383677, 51.408036 ], [ -0.381682, 51.407813 ], [ -0.378382, 51.40893 ], [ -0.376597, 51.409556 ], [ -0.372539, 51.410481 ], [ -0.364906, 51.411479 ], [ -0.358772, 51.411174 ], [ -0.356406, 51.411241 ], [ -0.351909, 51.407626 ], [ -0.347995, 51.40585 ], [ -0.343745, 51.404641 ], [ -0.337533, 51.39952 ], [ -0.338776, 51.39916 ], [ -0.340835, 51.396958 ], [ -0.345224, 51.397755 ], [ -0.348043, 51.39611 ], [ -0.349052, 51.394093 ], [ -0.35586, 51.394504 ], [ -0.357491, 51.386808 ], [ -0.361372, 51.386244 ], [ -0.367929, 51.387361 ], [ -0.367493, 51.38741 ], [ -0.373146, 51.390388 ], [ -0.376656, 51.388892 ], [ -0.378186, 51.391121 ], [ -0.380851, 51.392714 ], [ -0.385311, 51.395377 ], [ -0.390076, 51.404098 ], [ -0.393164, 51.406259 ], [ -0.396785, 51.407027 ], [ -0.396816, 51.40871 ] ] ] } },
{ "type": "Feature", "properties": { "LGB1911Gre": "1663", "LGB1911G_1": 10206212.0, "LGB1911G_2": "SURBITON", "LGB1911G_3": "P", "LGB1911G_4": "eng", "LGB1911G_5": "LG_DIST", "LGB1911G_6": "UD", "LGB1911G_7": "ENGLAND", "LGB1911G_8": 1911.0, "LGB1911G_9": "GBHGIS", "LGB1911_10": null, "LGB1911_11": null, "LGB1911_12": null, "1911popGre": 10206212, "1911popG_1": "SURBITON", "1911popG_2": "UD", "1911popG_3": 0, "F_AREA": 12278899.527799999 }, "geometry": { "type": "Polygon", "coordinates": [ [ [ -0.309518, 51.398111 ], [ -0.309092, 51.397874 ], [ -0.30305, 51.398019 ], [ -0.293296, 51.401841 ], [ -0.288283, 51.401678 ], [ -0.284355, 51.400182 ], [ -0.282875, 51.399592 ], [ -0.280475, 51.399607 ], [ -0.278606, 51.397936 ], [ -0.277645, 51.398606 ], [ -0.276288, 51.398256 ], [ -0.274849, 51.396583 ], [ -0.273464, 51.394579 ], [ -0.272648, 51.392361 ], [ -0.272039, 51.391616 ], [ -0.27022, 51.389832 ], [ -0.269386, 51.38852 ], [ -0.268284, 51.386643 ], [ -0.268436, 51.384127 ], [ -0.266818, 51.382068 ], [ -0.265206, 51.38198 ], [ -0.263768, 51.380939 ], [ -0.258982, 51.378328 ], [ -0.259901, 51.378356 ], [ -0.259973, 51.378225 ], [ -0.261189, 51.376021 ], [ -0.260217, 51.373692 ], [ -0.262865, 51.373784 ], [ -0.266043, 51.372143 ], [ -0.268127, 51.370302 ], [ -0.270976, 51.369708 ], [ -0.273103, 51.368415 ], [ -0.276114, 51.368272 ], [ -0.281078, 51.365447 ], [ -0.281896, 51.365334 ], [ -0.284721, 51.364945 ], [ -0.289061, 51.366835 ], [ -0.297657, 51.366941 ], [ -0.300918, 51.366171 ], [ -0.303795, 51.366029 ], [ -0.30886, 51.360652 ], [ -0.311651, 51.358551 ], [ -0.315981, 51.350871 ], [ -0.325795, 51.343413 ], [ -0.325966, 51.343448 ], [ -0.327421, 51.343751 ], [ -0.327977, 51.343913 ], [ -0.32904, 51.344325 ], [ -0.328897, 51.348349 ], [ -0.328347, 51.349304 ], [ -0.324075, 51.355697 ], [ -0.323133, 51.355906 ], [ -0.321861, 51.356254 ], [ -0.320018, 51.357992 ], [ -0.318884, 51.362497 ], [ -0.317546, 51.364397 ], [ -0.31316, 51.367027 ], [ -0.308988, 51.367698 ], [ -0.306669, 51.370077 ], [ -0.307605, 51.370831 ], [ -0.30768, 51.372184 ], [ -0.30417, 51.378996 ], [ -0.306574, 51.38053 ], [ -0.308073, 51.382512 ], [ -0.309877, 51.383977 ], [ -0.30951, 51.38592 ], [ -0.311284, 51.387477 ], [ -0.315257, 51.392021 ], [ -0.317117, 51.393186 ], [ -0.315193, 51.393657 ], [ -0.309518, 51.398111 ] ] ] } },
{ "type": "Feature", "properties": { "LGB1911Gre": "1675", "LGB1911G_1": 10001456.0, "LGB1911G_2": "WEALDSTONE", "LGB1911G_3": "P", "LGB1911G_4": "eng", "LGB1911G_5": "LG_DIST", "LGB1911G_6": "UD", "LGB1911G_7": "ENGLAND", "LGB1911G_8": 1911.0, "LGB1911G_9": "GBHGIS", "LGB1911_10": null, "LGB1911_11": null, "LGB1911_12": "y", "1911popGre": 10001456, "1911popG_1": "WEALDSTONE", "1911popG_2": "UD", "1911popG_3": 0, "F_AREA": 4207008.56128 }, "geometry": { "type": "Polygon", "coordinates": [ [ [ -0.289459, 51.593813 ], [ -0.284528, 51.590626 ], [ -0.282738, 51.584457 ], [ -0.285958, 51.585435 ], [ -0.288308, 51.585878 ], [ -0.290652, 51.586253 ], [ -0.296538, 51.58677 ], [ -0.303018, 51.586815 ], [ -0.305987, 51.585585 ], [ -0.308205, 51.585612 ], [ -0.311283, 51.585338 ], [ -0.313303, 51.584849 ], [ -0.315723, 51.583676 ], [ -0.319881, 51.581089 ], [ -0.320998, 51.579955 ], [ -0.324224, 51.579565 ], [ -0.325923, 51.579099 ], [ -0.327045, 51.578944 ], [ -0.328284, 51.580284 ], [ -0.328824, 51.580665 ], [ -0.329216, 51.581245 ], [ -0.328545, 51.581695 ], [ -0.327062, 51.582651 ], [ -0.327248, 51.583689 ], [ -0.326675, 51.584055 ], [ -0.327429, 51.584871 ], [ -0.328193, 51.585457 ], [ -0.329279, 51.585069 ], [ -0.330035, 51.585856 ], [ -0.330699, 51.585548 ], [ -0.332528, 51.58517 ], [ -0.334023, 51.585018 ], [ -0.335984, 51.585427 ], [ -0.336987, 51.585418 ], [ -0.33862, 51.58504 ], [ -0.341208, 51.584214 ], [ -0.344603, 51.584203 ], [ -0.344389, 51.584918 ], [ -0.344001, 51.585343 ], [ -0.345371, 51.5872 ], [ -0.343675, 51.587809 ], [ -0.34242, 51.58782 ], [ -0.342, 51.586608 ], [ -0.340058, 51.586323 ], [ -0.339871, 51.588849 ], [ -0.340527, 51.591216 ], [ -0.341844, 51.592069 ], [ -0.342187, 51.59288 ], [ -0.34341, 51.59376 ], [ -0.344151, 51.593828 ], [ -0.345295, 51.594333 ], [ -0.346049, 51.595323 ], [ -0.347027, 51.596575 ], [ -0.346497, 51.597087 ], [ -0.345515, 51.597276 ], [ -0.344258, 51.597345 ], [ -0.344285, 51.597893 ], [ -0.344407, 51.598385 ], [ -0.346353, 51.598556 ], [ -0.347666, 51.598227 ], [ -0.348698, 51.597896 ], [ -0.349685, 51.597563 ], [ -0.350485, 51.598641 ], [ -0.350531, 51.59867 ], [ -0.350023, 51.599933 ], [ -0.349094, 51.599921 ], [ -0.347657, 51.599843 ], [ -0.344641, 51.599687 ], [ -0.342044, 51.599536 ], [ -0.339861, 51.599506 ], [ -0.338369, 51.599601 ], [ -0.336974, 51.599611 ], [ -0.338979, 51.602149 ], [ -0.338959, 51.602727 ], [ -0.337786, 51.603057 ], [ -0.33641, 51.602519 ], [ -0.33547, 51.602823 ], [ -0.334573, 51.603215 ], [ -0.333568, 51.604039 ], [ -0.332632, 51.602871 ], [ -0.33231, 51.601451 ], [ -0.332347, 51.600413 ], [ -0.332387, 51.599287 ], [ -0.33213, 51.597408 ], [ -0.330958, 51.596411 ], [ -0.330142, 51.59588 ], [ -0.328986, 51.594481 ], [ -0.329078, 51.5933 ], [ -0.329128, 51.592033 ], [ -0.328602, 51.591248 ], [ -0.327696, 51.590659 ], [ -0.325864, 51.590029 ], [ -0.323923, 51.589742 ], [ -0.320533, 51.589668 ], [ -0.318911, 51.589588 ], [ -0.316874, 51.588265 ], [ -0.315581, 51.586952 ], [ -0.314211, 51.586415 ], [ -0.312901, 51.586627 ], [ -0.312196, 51.586847 ], [ -0.311481, 51.58724 ], [ -0.310019, 51.587679 ], [ -0.309225, 51.587783 ], [ -0.308333, 51.586966 ], [ -0.3076, 51.586784 ], [ -0.307566, 51.587589 ], [ -0.308069, 51.588862 ], [ -0.308468, 51.58927 ], [ -0.309707, 51.590756 ], [ -0.31057, 51.591257 ], [ -0.309628, 51.592742 ], [ -0.307017, 51.593112 ], [ -0.305128, 51.592857 ], [ -0.305129, 51.59401 ], [ -0.298329, 51.595558 ], [ -0.297431, 51.594621 ], [ -0.294017, 51.594943 ], [ -0.292113, 51.593647 ], [ -0.289459, 51.593813 ] ] ] } },
{ "type": "Feature", "properties": { "LGB1911Gre": "1681", "LGB1911G_1": 10133610.0, "LGB1911G_2": "SOUTHWARK", "LGB1911G_3": "P", "LGB1911G_4": "eng", "LGB1911G_5": "LG_DIST", "LGB1911G_6": "MetB", "LGB1911G_7": "ENGLAND", "LGB1911G_8": 1911.0, "LGB1911G_9": "GBHGIS", "LGB1911_10": null, "LGB1911_11": null, "LGB1911_12": null, "1911popGre": 10133610, "1911popG_1": "SOUTHWARK", "1911popG_2": "MetB", "1911popG_3": 191907, "F_AREA": 4837518.40967 }, "geometry": { "type": "Polygon", "coordinates": [ [ [ -0.110436, 51.509884 ], [ -0.106911, 51.509901 ], [ -0.105079, 51.50995 ], [ -0.104339, 51.508586 ], [ -0.103851, 51.509966 ], [ -0.101453, 51.509828 ], [ -0.100207, 51.509837 ], [ -0.098359, 51.509651 ], [ -0.095857, 51.509418 ], [ -0.094201, 51.509103 ], [ -0.093108, 51.508861 ], [ -0.091854, 51.508537 ], [ -0.090949, 51.508216 ], [ -0.089774, 51.508064 ], [ -0.088445, 51.507988 ], [ -0.087476, 51.507915 ], [ -0.087297, 51.507035 ], [ -0.087761, 51.506124 ], [ -0.088253, 51.505761 ], [ -0.088995, 51.505186 ], [ -0.087058, 51.504126 ], [ -0.087503, 51.503623 ], [ -0.088031, 51.502816 ], [ -0.087852, 51.50224 ], [ -0.088617, 51.50194 ], [ -0.088981, 51.501464 ], [ -0.089272, 51.500859 ], [ -0.088452, 51.500497 ], [ -0.087086, 51.499832 ], [ -0.08777, 51.499446 ], [ -0.088034, 51.498896 ], [ -0.087127, 51.498429 ], [ -0.086027, 51.497825 ], [ -0.085266, 51.497269 ], [ -0.085572, 51.496672 ], [ -0.085232, 51.496126 ], [ -0.084535, 51.495155 ], [ -0.084068, 51.494772 ], [ -0.083715, 51.494266 ], [ -0.084756, 51.493818 ], [ -0.0843, 51.493218 ], [ -0.08391, 51.4928 ], [ -0.083036, 51.492558 ], [ -0.082159, 51.492326 ], [ -0.081582, 51.491875 ], [ -0.080483, 51.491228 ], [ -0.079909, 51.490771 ], [ -0.079546, 51.490268 ], [ -0.077379, 51.489191 ], [ -0.077987, 51.488752 ], [ -0.076293, 51.487882 ], [ -0.077499, 51.48704 ], [ -0.078819, 51.486225 ], [ -0.079671, 51.485861 ], [ -0.080456, 51.486118 ], [ -0.08123, 51.485874 ], [ -0.082323, 51.485432 ], [ -0.083768, 51.484933 ], [ -0.084831, 51.484656 ], [ -0.085779, 51.484321 ], [ -0.086674, 51.483844 ], [ -0.087376, 51.483577 ], [ -0.087971, 51.483316 ], [ -0.088738, 51.483092 ], [ -0.09003, 51.482849 ], [ -0.091645, 51.482623 ], [ -0.093421, 51.48245 ], [ -0.094574, 51.482336 ], [ -0.094387, 51.481486 ], [ -0.094334, 51.480831 ], [ -0.095239, 51.480414 ], [ -0.096671, 51.480284 ], [ -0.098242, 51.480273 ], [ -0.09924, 51.480225 ], [ -0.100282, 51.480234 ], [ -0.101174, 51.479452 ], [ -0.102458, 51.479111 ], [ -0.102976, 51.479913 ], [ -0.103445, 51.480707 ], [ -0.104, 51.481249 ], [ -0.104355, 51.481687 ], [ -0.104896, 51.482316 ], [ -0.105361, 51.482823 ], [ -0.106887, 51.48364 ], [ -0.106664, 51.484328 ], [ -0.106632, 51.484675 ], [ -0.107415, 51.485003 ], [ -0.108184, 51.485194 ], [ -0.108869, 51.485541 ], [ -0.107988, 51.486218 ], [ -0.107143, 51.487098 ], [ -0.106332, 51.48777 ], [ -0.105491, 51.48871 ], [ -0.104824, 51.489496 ], [ -0.10374, 51.490442 ], [ -0.10333, 51.491047 ], [ -0.102672, 51.491822 ], [ -0.103513, 51.492452 ], [ -0.104231, 51.492951 ], [ -0.106594, 51.493885 ], [ -0.108075, 51.494484 ], [ -0.109165, 51.494715 ], [ -0.110256, 51.495099 ], [ -0.111268, 51.495482 ], [ -0.111879, 51.496433 ], [ -0.11049, 51.496664 ], [ -0.109918, 51.497611 ], [ -0.109577, 51.498196 ], [ -0.108664, 51.499482 ], [ -0.108506, 51.499936 ], [ -0.107983, 51.500494 ], [ -0.107299, 51.500941 ], [ -0.106816, 51.501339 ], [ -0.106494, 51.502093 ], [ -0.107189, 51.502919 ], [ -0.106207, 51.503256 ], [ -0.106351, 51.503854 ], [ -0.106312, 51.504377 ], [ -0.106126, 51.504831 ], [ -0.106612, 51.505407 ], [ -0.107193, 51.505889 ], [ -0.107792, 51.506429 ], [ -0.108019, 51.506881 ], [ -0.108294, 51.507398 ], [ -0.109674, 51.507503 ], [ -0.109761, 51.508001 ], [ -0.109994, 51.508798 ], [ -0.11, 51.509321 ], [ -0.110436, 51.509884 ] ] ] } },
{ "type": "Feature", "properties": { "LGB1911Gre": "1682", "LGB1911G_1": 10135564.0, "LGB1911G_2": "LAMBETH", "LGB1911G_3": "P", "LGB1911G_4": "eng", "LGB1911G_5": "LG_DIST", "LGB1911G_6": "MetB", "LGB1911G_7": "ENGLAND", "LGB1911G_8": 1911.0, "LGB1911G_9": "GBHGIS", "LGB1911_10": null, "LGB1911_11": null, "LGB1911_12": null, "1911popGre": 10135564, "1911popG_1": "LAMBETH", "1911popG_2": "MetB", "1911popG_3": 298058, "F_AREA": 17349752.0112 }, "geometry": { "type": "Polygon", "coordinates": [ [ [ -0.110436, 51.509884 ], [ -0.11, 51.509321 ], [ -0.109994, 51.508798 ], [ -0.109761, 51.508001 ], [ -0.109674, 51.507503 ], [ -0.108294, 51.507398 ], [ -0.108019, 51.506881 ], [ -0.107792, 51.506429 ], [ -0.107193, 51.505889 ], [ -0.106612, 51.505407 ], [ -0.106126, 51.504831 ], [ -0.106312, 51.504377 ], [ -0.106351, 51.503854 ], [ -0.106207, 51.503256 ], [ -0.107189, 51.502919 ], [ -0.106494, 51.502093 ], [ -0.106816, 51.501339 ], [ -0.107299, 51.500941 ], [ -0.107983, 51.500494 ], [ -0.108506, 51.499936 ], [ -0.108664, 51.499482 ], [ -0.109577, 51.498196 ], [ -0.109918, 51.497611 ], [ -0.11049, 51.496664 ], [ -0.111879, 51.496433 ], [ -0.111268, 51.495482 ], [ -0.110256, 51.495099 ], [ -0.109165, 51.494715 ], [ -0.108075, 51.494484 ], [ -0.106594, 51.493885 ], [ -0.104231, 51.492951 ], [ -0.103513, 51.492452 ], [ -0.102672, 51.491822 ], [ -0.10333, 51.491047 ], [ -0.10374, 51.490442 ], [ -0.104824, 51.489496 ], [ -0.105491, 51.48871 ], [ -0.106332, 51.48777 ], [ -0.107143, 51.487098 ], [ -0.107988, 51.486218 ], [ -0.108869, 51.485541 ], [ -0.108184, 51.485194 ], [ -0.107415, 51.485003 ], [ -0.106632, 51.484675 ], [ -0.106664, 51.484328 ], [ -0.106887, 51.48364 ], [ -0.105361, 51.482823 ], [ -0.104896, 51.482316 ], [ -0.104355, 51.481687 ], [ -0.104, 51.481249 ], [ -0.103445, 51.480707 ], [ -0.102976, 51.479913 ], [ -0.102458, 51.479111 ], [ -0.101516, 51.477493 ], [ -0.101053, 51.477249 ], [ -0.100362, 51.476981 ], [ -0.100548, 51.476292 ], [ -0.100383, 51.475353 ], [ -0.100483, 51.474759 ], [ -0.100323, 51.474173 ], [ -0.099831, 51.473723 ], [ -0.099352, 51.472862 ], [ -0.099178, 51.472378 ], [ -0.098635, 51.471791 ], [ -0.098004, 51.471279 ], [ -0.097295, 51.470753 ], [ -0.095341, 51.470003 ], [ -0.094741, 51.470252 ], [ -0.093854, 51.470736 ], [ -0.09309, 51.471469 ], [ -0.092769, 51.470776 ], [ -0.092477, 51.469822 ], [ -0.091777, 51.468599 ], [ -0.09125, 51.467758 ], [ -0.090387, 51.466655 ], [ -0.089944, 51.465722 ], [ -0.090197, 51.465013 ], [ -0.090342, 51.46406 ], [ -0.090498, 51.463348 ], [ -0.090823, 51.4627 ], [ -0.09127, 51.461981 ], [ -0.091815, 51.461315 ], [ -0.092495, 51.460727 ], [ -0.093275, 51.460029 ], [ -0.094068, 51.459228 ], [ -0.094727, 51.458588 ], [ -0.095252, 51.457782 ], [ -0.095659, 51.457359 ], [ -0.096216, 51.456799 ], [ -0.096839, 51.456435 ], [ -0.097601, 51.456029 ], [ -0.098181, 51.455732 ], [ -0.098897, 51.455274 ], [ -0.099886, 51.454644 ], [ -0.100453, 51.454307 ], [ -0.100846, 51.453896 ], [ -0.100821, 51.453249 ], [ -0.100884, 51.452801 ], [ -0.101221, 51.452326 ], [ -0.10107, 51.451888 ], [ -0.100747, 51.451204 ], [ -0.100221, 51.450375 ], [ -0.099597, 51.450017 ], [ -0.099185, 51.449473 ], [ -0.098722, 51.44903 ], [ -0.098181, 51.448547 ], [ -0.097417, 51.448018 ], [ -0.096377, 51.447408 ], [ -0.095629, 51.446526 ], [ -0.095178, 51.44614 ], [ -0.09483, 51.44551 ], [ -0.09454, 51.444695 ], [ -0.094306, 51.443943 ], [ -0.093731, 51.443138 ], [ -0.093424, 51.442711 ], [ -0.092962, 51.44227 ], [ -0.092668, 51.441676 ], [ -0.092432, 51.44116 ], [ -0.091915, 51.440315 ], [ -0.091618, 51.439492 ], [ -0.091097, 51.438768 ], [ -0.090516, 51.437854 ], [ -0.089885, 51.436547 ], [ -0.089497, 51.435794 ], [ -0.089507, 51.435105 ], [ -0.089061, 51.434083 ], [ -0.088924, 51.433159 ], [ -0.088528, 51.432085 ], [ -0.088201, 51.431129 ], [ -0.087838, 51.430136 ], [ -0.087306, 51.429341 ], [ -0.086638, 51.428977 ], [ -0.085692, 51.42875 ], [ -0.084888, 51.428345 ], [ -0.085182, 51.427853 ], [ -0.084517, 51.427474 ], [ -0.083874, 51.426887 ], [ -0.083115, 51.425694 ], [ -0.082594, 51.424664 ], [ -0.082445, 51.423657 ], [ -0.082562, 51.422872 ], [ -0.080998, 51.423237 ], [ -0.081146, 51.422188 ], [ -0.080652, 51.421769 ], [ -0.079914, 51.421816 ], [ -0.079277, 51.42128 ], [ -0.079619, 51.420551 ], [ -0.078719, 51.420321 ], [ -0.079714, 51.419164 ], [ -0.08169, 51.419369 ], [ -0.083457, 51.419421 ], [ -0.085006, 51.419159 ], [ -0.086327, 51.418825 ], [ -0.087659, 51.419187 ], [ -0.088788, 51.41959 ], [ -0.089275, 51.420397 ], [ -0.089529, 51.421194 ], [ -0.090312, 51.421556 ], [ -0.091189, 51.422085 ], [ -0.091788, 51.422592 ], [ -0.092918, 51.422757 ], [ -0.094558, 51.422818 ], [ -0.095603, 51.422696 ], [ -0.097569, 51.422648 ], [ -0.099206, 51.422657 ], [ -0.100792, 51.422679 ], [ -0.10263, 51.42271 ], [ -0.104163, 51.422711 ], [ -0.105561, 51.422666 ], [ -0.106524, 51.422689 ], [ -0.107806, 51.422873 ], [ -0.109121, 51.423135 ], [ -0.110384, 51.423145 ], [ -0.111672, 51.423162 ], [ -0.112692, 51.423356 ], [ -0.114787, 51.423413 ], [ -0.114061, 51.425269 ], [ -0.114756, 51.426897 ], [ -0.114929, 51.427675 ], [ -0.114867, 51.428523 ], [ -0.114869, 51.429608 ], [ -0.114994, 51.430311 ], [ -0.1153, 51.431055 ], [ -0.116029, 51.431662 ], [ -0.117396, 51.432422 ], [ -0.118173, 51.43275 ], [ -0.11856, 51.433357 ], [ -0.119319, 51.433839 ], [ -0.117466, 51.434793 ], [ -0.115969, 51.435346 ], [ -0.114965, 51.435691 ], [ -0.114098, 51.435835 ], [ -0.113193, 51.436158 ], [ -0.11232, 51.436553 ], [ -0.111588, 51.437087 ], [ -0.110922, 51.437434 ], [ -0.110992, 51.438044 ], [ -0.110754, 51.438521 ], [ -0.111417, 51.438897 ], [ -0.113287, 51.439248 ], [ -0.11449, 51.439536 ], [ -0.115402, 51.439857 ], [ -0.114776, 51.440325 ], [ -0.114012, 51.440948 ], [ -0.114423, 51.441537 ], [ -0.115158, 51.442097 ], [ -0.116015, 51.442556 ], [ -0.116821, 51.443019 ], [ -0.117875, 51.443401 ], [ -0.118588, 51.443603 ], [ -0.119286, 51.443684 ], [ -0.118449, 51.44428 ], [ -0.117511, 51.444859 ], [ -0.118213, 51.445396 ], [ -0.118437, 51.445991 ], [ -0.11899, 51.446847 ], [ -0.119587, 51.447625 ], [ -0.119954, 51.44814 ], [ -0.12039, 51.448726 ], [ -0.121269, 51.449292 ], [ -0.122862, 51.449686 ], [ -0.123935, 51.44857 ], [ -0.124195, 51.447989 ], [ -0.124539, 51.4473 ], [ -0.125182, 51.446359 ], [ -0.125837, 51.44671 ], [ -0.126592, 51.447169 ], [ -0.126059, 51.448082 ], [ -0.12619, 51.448949 ], [ -0.126357, 51.449724 ], [ -0.12647, 51.450665 ], [ -0.126591, 51.451625 ], [ -0.126786, 51.452674 ], [ -0.126809, 51.453349 ], [ -0.12718, 51.453774 ], [ -0.127669, 51.45413 ], [ -0.12784, 51.455166 ], [ -0.128093, 51.456403 ], [ -0.128331, 51.457337 ], [ -0.128648, 51.457957 ], [ -0.128938, 51.458372 ], [ -0.129063, 51.458973 ], [ -0.129088, 51.460384 ], [ -0.129254, 51.46167 ], [ -0.129203, 51.462797 ], [ -0.129234, 51.464022 ], [ -0.12926, 51.464992 ], [ -0.128723, 51.466402 ], [ -0.128136, 51.467327 ], [ -0.127455, 51.468089 ], [ -0.126821, 51.468596 ], [ -0.127648, 51.468991 ], [ -0.128438, 51.469141 ], [ -0.128339, 51.469666 ], [ -0.128701, 51.470149 ], [ -0.128154, 51.470578 ], [ -0.129349, 51.471755 ], [ -0.128858, 51.472225 ], [ -0.129621, 51.473299 ], [ -0.130375, 51.474176 ], [ -0.130891, 51.474638 ], [ -0.13217, 51.474209 ], [ -0.134303, 51.47503 ], [ -0.133517, 51.475651 ], [ -0.132956, 51.476339 ], [ -0.131987, 51.477603 ], [ -0.131489, 51.478257 ], [ -0.131045, 51.478847 ], [ -0.130603, 51.479482 ], [ -0.130193, 51.479905 ], [ -0.129694, 51.480614 ], [ -0.129124, 51.481434 ], [ -0.128827, 51.481899 ], [ -0.12909, 51.482324 ], [ -0.129347, 51.482787 ], [ -0.129083, 51.483613 ], [ -0.128509, 51.484148 ], [ -0.128673, 51.484932 ], [ -0.129818, 51.485974 ], [ -0.128666, 51.486869 ], [ -0.127853, 51.487602 ], [ -0.127134, 51.488445 ], [ -0.126614, 51.48904 ], [ -0.125806, 51.4899 ], [ -0.125268, 51.490492 ], [ -0.124748, 51.491503 ], [ -0.124469, 51.492467 ], [ -0.123827, 51.493764 ], [ -0.123645, 51.494408 ], [ -0.123515, 51.495029 ], [ -0.123558, 51.495579 ], [ -0.123265, 51.496279 ], [ -0.123258, 51.496935 ], [ -0.12315, 51.497627 ], [ -0.123178, 51.498326 ], [ -0.12311, 51.498851 ], [ -0.122981, 51.500132 ], [ -0.122868, 51.501145 ], [ -0.12278, 51.501657 ], [ -0.122438, 51.502719 ], [ -0.122215, 51.503567 ], [ -0.12189, 51.504486 ], [ -0.121362, 51.505508 ], [ -0.121143, 51.506036 ], [ -0.120658, 51.506598 ], [ -0.119888, 51.5073 ], [ -0.118839, 51.508018 ], [ -0.11822, 51.508415 ], [ -0.117261, 51.508791 ], [ -0.116434, 51.509018 ], [ -0.115609, 51.509252 ], [ -0.114409, 51.509545 ], [ -0.1126, 51.509817 ], [ -0.111538, 51.509881 ], [ -0.110436, 51.509884 ] ] ] } },
{ "type": "Feature", "properties": { "LGB1911Gre": "1683", "LGB1911G_1": 10153232.0, "LGB1911G_2": "BERMONDSEY", "LGB1911G_3": "P", "LGB1911G_4": "eng", "LGB1911G_5": "LG_DIST", "LGB1911G_6": "MetB", "LGB1911G_7": "ENGLAND", "LGB1911G_8": 1911.0, "LGB1911G_9": "GBHGIS", "LGB1911_10": null, "LGB1911_11": null, "LGB1911_12": null, "1911popGre": 10153232, "1911popG_1": "BERMONDSEY", "1911popG_2": "MetB", "1911popG_3": 125903, "F_AREA": 7144727.2348600002 }, "geometry": { "type": "Polygon", "coordinates": [ [ [ -0.087476, 51.507915 ], [ -0.085502, 51.507627 ], [ -0.083648, 51.507399 ], [ -0.0814, 51.507104 ], [ -0.07988, 51.506982 ], [ -0.078707, 51.506723 ], [ -0.077844, 51.506409 ], [ -0.076251, 51.506038 ], [ -0.075255, 51.505724 ], [ -0.074099, 51.505529 ], [ -0.072481, 51.505154 ], [ -0.071792, 51.504908 ], [ -0.07086, 51.504613 ], [ -0.069666, 51.504136 ], [ -0.0689, 51.503808 ], [ -0.067307, 51.503377 ], [ -0.065707, 51.503014 ], [ -0.063789, 51.502616 ], [ -0.062138, 51.502461 ], [ -0.0607, 51.502382 ], [ -0.059935, 51.502313 ], [ -0.058912, 51.502354 ], [ -0.057421, 51.502543 ], [ -0.056452, 51.502669 ], [ -0.055458, 51.502818 ], [ -0.054416, 51.503229 ], [ -0.053617, 51.503541 ], [ -0.052425, 51.50415 ], [ -0.051355, 51.504756 ], [ -0.049812, 51.505459 ], [ -0.048994, 51.505956 ], [ -0.047912, 51.5065 ], [ -0.046528, 51.507241 ], [ -0.045792, 51.507536 ], [ -0.044721, 51.507834 ], [ -0.043108, 51.508104 ], [ -0.040939, 51.508275 ], [ -0.038994, 51.508215 ], [ -0.03742, 51.508186 ], [ -0.035496, 51.507884 ], [ -0.033702, 51.507433 ], [ -0.032098, 51.506732 ], [ -0.031197, 51.506216 ], [ -0.030283, 51.5055 ], [ -0.029602, 51.504807 ], [ -0.029256, 51.503795 ], [ -0.029148, 51.502961 ], [ -0.02918, 51.502132 ], [ -0.028875, 51.501163 ], [ -0.028852, 51.500018 ], [ -0.028975, 51.49907 ], [ -0.029254, 51.497947 ], [ -0.029789, 51.496468 ], [ -0.029702, 51.495276 ], [ -0.029803, 51.494249 ], [ -0.029417, 51.493744 ], [ -0.029222, 51.493273 ], [ -0.03055, 51.493252 ], [ -0.03149, 51.493253 ], [ -0.032455, 51.49323 ], [ -0.033235, 51.493238 ], [ -0.033959, 51.493116 ], [ -0.035192, 51.4928 ], [ -0.03602, 51.492699 ], [ -0.036749, 51.492463 ], [ -0.037775, 51.492136 ], [ -0.03859, 51.491978 ], [ -0.039558, 51.491915 ], [ -0.040475, 51.49158 ], [ -0.039717, 51.490832 ], [ -0.041162, 51.490286 ], [ -0.041975, 51.489697 ], [ -0.042728, 51.48978 ], [ -0.043787, 51.489794 ], [ -0.044433, 51.490056 ], [ -0.045239, 51.489888 ], [ -0.04593, 51.48974 ], [ -0.046372, 51.490104 ], [ -0.047528, 51.489847 ], [ -0.048604, 51.489613 ], [ -0.04949, 51.489134 ], [ -0.049111, 51.488093 ], [ -0.049709, 51.487738 ], [ -0.050443, 51.487558 ], [ -0.051187, 51.487407 ], [ -0.05198, 51.487374 ], [ -0.052756, 51.48724 ], [ -0.053557, 51.487296 ], [ -0.054509, 51.487248 ], [ -0.055663, 51.487209 ], [ -0.057215, 51.487173 ], [ -0.059481, 51.487117 ], [ -0.060568, 51.487012 ], [ -0.061089, 51.48667 ], [ -0.061427, 51.486216 ], [ -0.062685, 51.486137 ], [ -0.063666, 51.486639 ], [ -0.064941, 51.486939 ], [ -0.065973, 51.487089 ], [ -0.067093, 51.487374 ], [ -0.067941, 51.487741 ], [ -0.068779, 51.48796 ], [ -0.07024, 51.488256 ], [ -0.07112, 51.488463 ], [ -0.071789, 51.488262 ], [ -0.073302, 51.488325 ], [ -0.074783, 51.488424 ], [ -0.076293, 51.487882 ], [ -0.077987, 51.488752 ], [ -0.077379, 51.489191 ], [ -0.079546, 51.490268 ], [ -0.079909, 51.490771 ], [ -0.080483, 51.491228 ], [ -0.081582, 51.491875 ], [ -0.082159, 51.492326 ], [ -0.083036, 51.492558 ], [ -0.08391, 51.4928 ], [ -0.0843, 51.493218 ], [ -0.084756, 51.493818 ], [ -0.083715, 51.494266 ], [ -0.084068, 51.494772 ], [ -0.084535, 51.495155 ], [ -0.085232, 51.496126 ], [ -0.085572, 51.496672 ], [ -0.085266, 51.497269 ], [ -0.086027, 51.497825 ], [ -0.087127, 51.498429 ], [ -0.088034, 51.498896 ], [ -0.08777, 51.499446 ], [ -0.087086, 51.499832 ], [ -0.088452, 51.500497 ], [ -0.089272, 51.500859 ], [ -0.088981, 51.501464 ], [ -0.088617, 51.50194 ], [ -0.087852, 51.50224 ], [ -0.088031, 51.502816 ], [ -0.087503, 51.503623 ], [ -0.087058, 51.504126 ], [ -0.088995, 51.505186 ], [ -0.088253, 51.505761 ], [ -0.087761, 51.506124 ], [ -0.087297, 51.507035 ], [ -0.087476, 51.507915 ] ] ] } },
{ "type": "Feature", "properties": { "LGB1911Gre": "1684", "LGB1911G_1": 10025825.0, "LGB1911G_2": "GREENWICH", "LGB1911G_3": "P", "LGB1911G_4": "eng", "LGB1911G_5": "LG_DIST", "LGB1911G_6": "MetB", "LGB1911G_7": "ENGLAND", "LGB1911G_8": 1911.0, "LGB1911G_9": "GBHGIS", "LGB1911_10": null, "LGB1911_11": null, "LGB1911_12": null, "1911popGre": 10025825, "1911popG_1": "GREENWICH", "1911popG_2": "MetB", "1911popG_3": 95968, "F_AREA": 17376509.061000001 }, "geometry": { "type": "Polygon", "coordinates": [ [ [ 0.038152, 51.497941 ], [ 0.038402, 51.497242 ], [ 0.038677, 51.496008 ], [ 0.038737, 51.493995 ], [ 0.038935, 51.492803 ], [ 0.040071, 51.49151 ], [ 0.042754, 51.492307 ], [ 0.044228, 51.493023 ], [ 0.045183, 51.491488 ], [ 0.045536, 51.490179 ], [ 0.046686, 51.490523 ], [ 0.047782, 51.490271 ], [ 0.048324, 51.4893 ], [ 0.050216, 51.486365 ], [ 0.050318, 51.485467 ], [ 0.050079, 51.484945 ], [ 0.04998, 51.483771 ], [ 0.050694, 51.481975 ], [ 0.051191, 51.481365 ], [ 0.051622, 51.480154 ], [ 0.05358, 51.479611 ], [ 0.054394, 51.479208 ], [ 0.057141, 51.478627 ], [ 0.055203, 51.473421 ], [ 0.055467, 51.470378 ], [ 0.054906, 51.469872 ], [ 0.05469, 51.469308 ], [ 0.054453, 51.468663 ], [ 0.054052, 51.468209 ], [ 0.053452, 51.467412 ], [ 0.053275, 51.466887 ], [ 0.052043, 51.466849 ], [ 0.050938, 51.46641 ], [ 0.050201, 51.466088 ], [ 0.049524, 51.465703 ], [ 0.048882, 51.465233 ], [ 0.048275, 51.464765 ], [ 0.047715, 51.464417 ], [ 0.047072, 51.464242 ], [ 0.046538, 51.463803 ], [ 0.045164, 51.46333 ], [ 0.044495, 51.463275 ], [ 0.043826, 51.463225 ], [ 0.042701, 51.46308 ], [ 0.041927, 51.462927 ], [ 0.040945, 51.462411 ], [ 0.039836, 51.461753 ], [ 0.038632, 51.461028 ], [ 0.03805, 51.460764 ], [ 0.03743, 51.460387 ], [ 0.036297, 51.460071 ], [ 0.035663, 51.459651 ], [ 0.035019, 51.459378 ], [ 0.033662, 51.45912 ], [ 0.032616, 51.459014 ], [ 0.031691, 51.45915 ], [ 0.031169, 51.458593 ], [ 0.030419, 51.458435 ], [ 0.02914, 51.458138 ], [ 0.028107, 51.458007 ], [ 0.027352, 51.4578 ], [ 0.026129, 51.457675 ], [ 0.025705, 51.45712 ], [ 0.024718, 51.457313 ], [ 0.023687, 51.457344 ], [ 0.022241, 51.457272 ], [ 0.02143, 51.457241 ], [ 0.020431, 51.457245 ], [ 0.019303, 51.457277 ], [ 0.017648, 51.457505 ], [ 0.016023, 51.457816 ], [ 0.014758, 51.458052 ], [ 0.01286, 51.457772 ], [ 0.01183, 51.457296 ], [ 0.010907, 51.457903 ], [ 0.010399, 51.458785 ], [ 0.009995, 51.459879 ], [ 0.009991, 51.460405 ], [ 0.009931, 51.46092 ], [ 0.009998, 51.46155 ], [ 0.009956, 51.462208 ], [ 0.009576, 51.463183 ], [ 0.009352, 51.463794 ], [ 0.009094, 51.464313 ], [ 0.00889, 51.464866 ], [ 0.008913, 51.465619 ], [ 0.009552, 51.466019 ], [ 0.01068, 51.466063 ], [ 0.012133, 51.466273 ], [ 0.012762, 51.466508 ], [ 0.01284, 51.46715 ], [ 0.012381, 51.467577 ], [ 0.012918, 51.468066 ], [ 0.012734, 51.468788 ], [ 0.01264, 51.469314 ], [ 0.012364, 51.469776 ], [ 0.013328, 51.469874 ], [ 0.014073, 51.46996 ], [ 0.013516, 51.471205 ], [ 0.013199, 51.472295 ], [ 0.012986, 51.47282 ], [ 0.012015, 51.472679 ], [ 0.010532, 51.472473 ], [ 0.008965, 51.472321 ], [ 0.00782, 51.472172 ], [ 0.00691, 51.472047 ], [ 0.005714, 51.471951 ], [ 0.004405, 51.471858 ], [ 0.003595, 51.471806 ], [ 0.002466, 51.471919 ], [ 0.001077, 51.471857 ], [ -0.000301, 51.471887 ], [ -0.001646, 51.471994 ], [ -0.00285, 51.472185 ], [ -0.003989, 51.472455 ], [ -0.004741, 51.472557 ], [ -0.005945, 51.472647 ], [ -0.007029, 51.472698 ], [ -0.008408, 51.472641 ], [ -0.009307, 51.472501 ], [ -0.01049, 51.472331 ], [ -0.011976, 51.472188 ], [ -0.013129, 51.472263 ], [ -0.01351, 51.471655 ], [ -0.012782, 51.470831 ], [ -0.013989, 51.470428 ], [ -0.013728, 51.470008 ], [ -0.013342, 51.469594 ], [ -0.013068, 51.468694 ], [ -0.013998, 51.468198 ], [ -0.01472, 51.467868 ], [ -0.015462, 51.468341 ], [ -0.016236, 51.46905 ], [ -0.017411, 51.468498 ], [ -0.017083, 51.467916 ], [ -0.017395, 51.467349 ], [ -0.018239, 51.467535 ], [ -0.018698, 51.468317 ], [ -0.018493, 51.468826 ], [ -0.017908, 51.469105 ], [ -0.016912, 51.469344 ], [ -0.018279, 51.469713 ], [ -0.018814, 51.470143 ], [ -0.018391, 51.470589 ], [ -0.018668, 51.471329 ], [ -0.01886, 51.471855 ], [ -0.019659, 51.471896 ], [ -0.019664, 51.472461 ], [ -0.019877, 51.472922 ], [ -0.020443, 51.473317 ], [ -0.021403, 51.473732 ], [ -0.022124, 51.473954 ], [ -0.022418, 51.474445 ], [ -0.022505, 51.474968 ], [ -0.021747, 51.475283 ], [ -0.020688, 51.475364 ], [ -0.020298, 51.475944 ], [ -0.02025, 51.476411 ], [ -0.019358, 51.476768 ], [ -0.018726, 51.477208 ], [ -0.018717, 51.477886 ], [ -0.018663, 51.478663 ], [ -0.018636, 51.479209 ], [ -0.018044, 51.479597 ], [ -0.017298, 51.479746 ], [ -0.016611, 51.480026 ], [ -0.018011, 51.480542 ], [ -0.018758, 51.480301 ], [ -0.019453, 51.480055 ], [ -0.019903, 51.479654 ], [ -0.021361, 51.479479 ], [ -0.022138, 51.479457 ], [ -0.022149, 51.479997 ], [ -0.022886, 51.480393 ], [ -0.02393, 51.480481 ], [ -0.025968, 51.480747 ], [ -0.025958, 51.481247 ], [ -0.025203, 51.48206 ], [ -0.025084, 51.483167 ], [ -0.026842, 51.483127 ], [ -0.028555, 51.48323 ], [ -0.030565, 51.48315 ], [ -0.031369, 51.483647 ], [ -0.031371, 51.485538 ], [ -0.03228, 51.486395 ], [ -0.031173, 51.486581 ], [ -0.031203, 51.487841 ], [ -0.030166, 51.487829 ], [ -0.0266, 51.48913 ], [ -0.025622, 51.488289 ], [ -0.024751, 51.487646 ], [ -0.024064, 51.48719 ], [ -0.023114, 51.486689 ], [ -0.022197, 51.48615 ], [ -0.021651, 51.485827 ], [ -0.020679, 51.485536 ], [ -0.01929, 51.485017 ], [ -0.018431, 51.484763 ], [ -0.017616, 51.484652 ], [ -0.016713, 51.484487 ], [ -0.015208, 51.484365 ], [ -0.01384, 51.484325 ], [ -0.012508, 51.484346 ], [ -0.011262, 51.484434 ], [ -0.010495, 51.48453 ], [ -0.009383, 51.484698 ], [ -0.008217, 51.48494 ], [ -0.007376, 51.48504 ], [ -0.006254, 51.485419 ], [ -0.005356, 51.485728 ], [ -0.004273, 51.486065 ], [ -0.00343, 51.486574 ], [ -0.002791, 51.48698 ], [ -0.002083, 51.487432 ], [ -0.001094, 51.488527 ], [ -0.000591, 51.489693 ], [ -0.000682, 51.490199 ], [ -0.000531, 51.490867 ], [ -0.000429, 51.491386 ], [ -0.000686, 51.492094 ], [ -0.001047, 51.492824 ], [ -0.001175, 51.493336 ], [ -0.002501, 51.494811 ], [ -0.003028, 51.495671 ], [ -0.003702, 51.496931 ], [ -0.004342, 51.49799 ], [ -0.004823, 51.499124 ], [ -0.005051, 51.500215 ], [ -0.005105, 51.501368 ], [ -0.004856, 51.502392 ], [ -0.004413, 51.503193 ], [ -0.003939, 51.504004 ], [ -0.003117, 51.504541 ], [ -0.00206, 51.505363 ], [ -0.001239, 51.505926 ], [ -0.000054, 51.506358 ], [ 0.001253, 51.506536 ], [ 0.002604, 51.506575 ], [ 0.004128, 51.506593 ], [ 0.005158, 51.506231 ], [ 0.006794, 51.505597 ], [ 0.007788, 51.504973 ], [ 0.009272, 51.504024 ], [ 0.010835, 51.502891 ], [ 0.012707, 51.501405 ], [ 0.014605, 51.500018 ], [ 0.016782, 51.498542 ], [ 0.018288, 51.497884 ], [ 0.020212, 51.497183 ], [ 0.022774, 51.496558 ], [ 0.024169, 51.496567 ], [ 0.024928, 51.496608 ], [ 0.025819, 51.496681 ], [ 0.027781, 51.496689 ], [ 0.029173, 51.496711 ], [ 0.031532, 51.497146 ], [ 0.033617, 51.497364 ], [ 0.035496, 51.497682 ], [ 0.038152, 51.497941 ] ] ] } },
{ "type": "Feature", "properties": { "LGB1911Gre": "1685", "LGB1911G_1": 10074083.0, "LGB1911G_2": "ESHER AND THE DITTONS", "LGB1911G_3": "P", "LGB1911G_4": "eng", "LGB1911G_5": "LG_DIST", "LGB1911G_6": "UD", "LGB1911G_7": "ENGLAND", "LGB1911G_8": 1911.0, "LGB1911G_9": "GBHGIS", "LGB1911_10": null, "LGB1911_11": null, "LGB1911_12": null, "1911popGre": 10074083, "1911popG_1": "ESHER AND THE DITTONS", "1911popG_2": "UD", "1911popG_3": 0, "F_AREA": 24643492.2991 }, "geometry": { "type": "Polygon", "coordinates": [ [ [ -0.337533, 51.39952 ], [ -0.337055, 51.399418 ], [ -0.333959, 51.394911 ], [ -0.3313, 51.393464 ], [ -0.325507, 51.391119 ], [ -0.317117, 51.393186 ], [ -0.315257, 51.392021 ], [ -0.311284, 51.387477 ], [ -0.30951, 51.38592 ], [ -0.309877, 51.383977 ], [ -0.308073, 51.382512 ], [ -0.306574, 51.38053 ], [ -0.30417, 51.378996 ], [ -0.30768, 51.372184 ], [ -0.307605, 51.370831 ], [ -0.306669, 51.370077 ], [ -0.308988, 51.367698 ], [ -0.31316, 51.367027 ], [ -0.317546, 51.364397 ], [ -0.318884, 51.362497 ], [ -0.320018, 51.357992 ], [ -0.321861, 51.356254 ], [ -0.323133, 51.355906 ], [ -0.324075, 51.355697 ], [ -0.328347, 51.349304 ], [ -0.328524, 51.349602 ], [ -0.33371, 51.348896 ], [ -0.337955, 51.348667 ], [ -0.340284, 51.349857 ], [ -0.342647, 51.348578 ], [ -0.348105, 51.343923 ], [ -0.352139, 51.343386 ], [ -0.35861, 51.343189 ], [ -0.361917, 51.343355 ], [ -0.365142, 51.344387 ], [ -0.366167, 51.345443 ], [ -0.371651, 51.345569 ], [ -0.372943, 51.345599 ], [ -0.380705, 51.346077 ], [ -0.388451, 51.349396 ], [ -0.390816, 51.34779 ], [ -0.394261, 51.348504 ], [ -0.395248, 51.349666 ], [ -0.391065, 51.352455 ], [ -0.391287, 51.354809 ], [ -0.393289, 51.356517 ], [ -0.395681, 51.357677 ], [ -0.395737, 51.357709 ], [ -0.396139, 51.359503 ], [ -0.395409, 51.361632 ], [ -0.393388, 51.363398 ], [ -0.390305, 51.364482 ], [ -0.390198, 51.367559 ], [ -0.387813, 51.368093 ], [ -0.386469, 51.368391 ], [ -0.383363, 51.367241 ], [ -0.379456, 51.367679 ], [ -0.377681, 51.371777 ], [ -0.378295, 51.373699 ], [ -0.376408, 51.378632 ], [ -0.37759, 51.381298 ], [ -0.373933, 51.382593 ], [ -0.37287, 51.384754 ], [ -0.373941, 51.38669 ], [ -0.367929, 51.387361 ], [ -0.361372, 51.386244 ], [ -0.357491, 51.386808 ], [ -0.35586, 51.394504 ], [ -0.349052, 51.394093 ], [ -0.348043, 51.39611 ], [ -0.345224, 51.397755 ], [ -0.340835, 51.396958 ], [ -0.338776, 51.39916 ], [ -0.337533, 51.39952 ] ] ] } },
{ "type": "Feature", "properties": { "LGB1911Gre": "1699", "LGB1911G_1": 10108068.0, "LGB1911G_2": "KINGSBURY", "LGB1911G_3": "P", "LGB1911G_4": "eng", "LGB1911G_5": "LG_DIST", "LGB1911G_6": "UD", "LGB1911G_7": "ENGLAND", "LGB1911G_8": 1911.0, "LGB1911G_9": "GBHGIS", "LGB1911_10": null, "LGB1911_11": null, "LGB1911_12": "y", "1911popGre": 10108068, "1911popG_1": "KINGSBURY", "1911popG_2": "UD", "1911popG_3": 0, "F_AREA": 7246663.3657200001 }, "geometry": { "type": "Polygon", "coordinates": [ [ [ -0.270178, 51.602576 ], [ -0.267818, 51.600926 ], [ -0.266732, 51.600074 ], [ -0.265293, 51.598669 ], [ -0.263894, 51.59741 ], [ -0.261864, 51.595539 ], [ -0.259829, 51.593784 ], [ -0.258197, 51.59244 ], [ -0.255559, 51.590451 ], [ -0.253602, 51.588961 ], [ -0.25128, 51.587238 ], [ -0.249135, 51.585719 ], [ -0.247544, 51.584437 ], [ -0.249434, 51.583911 ], [ -0.251322, 51.583471 ], [ -0.254253, 51.58281 ], [ -0.256086, 51.580381 ], [ -0.254928, 51.57775 ], [ -0.254147, 51.576217 ], [ -0.253162, 51.575057 ], [ -0.252033, 51.573953 ], [ -0.251586, 51.573402 ], [ -0.253071, 51.572782 ], [ -0.252295, 51.571133 ], [ -0.251473, 51.57055 ], [ -0.250614, 51.569737 ], [ -0.250545, 51.56916 ], [ -0.250971, 51.569106 ], [ -0.251738, 51.568795 ], [ -0.252943, 51.568172 ], [ -0.254214, 51.568182 ], [ -0.258441, 51.567382 ], [ -0.259502, 51.566814 ], [ -0.259558, 51.565575 ], [ -0.261762, 51.564672 ], [ -0.263441, 51.56388 ], [ -0.262889, 51.562577 ], [ -0.267022, 51.55913 ], [ -0.267393, 51.559192 ], [ -0.268266, 51.559519 ], [ -0.269132, 51.559991 ], [ -0.269803, 51.560605 ], [ -0.26989, 51.561817 ], [ -0.271311, 51.561201 ], [ -0.27311, 51.560096 ], [ -0.274246, 51.560366 ], [ -0.275046, 51.561008 ], [ -0.276329, 51.561138 ], [ -0.276763, 51.561806 ], [ -0.277551, 51.561818 ], [ -0.279013, 51.561467 ], [ -0.277975, 51.562805 ], [ -0.277379, 51.563661 ], [ -0.276785, 51.564489 ], [ -0.276075, 51.565921 ], [ -0.275643, 51.567328 ], [ -0.27528, 51.568247 ], [ -0.274972, 51.570002 ], [ -0.275148, 51.571244 ], [ -0.276236, 51.572815 ], [ -0.277554, 51.574682 ], [ -0.277954, 51.576246 ], [ -0.27828, 51.578444 ], [ -0.279, 51.580216 ], [ -0.280209, 51.581476 ], [ -0.281019, 51.582181 ], [ -0.282532, 51.583848 ], [ -0.282738, 51.584457 ], [ -0.284528, 51.590626 ], [ -0.289459, 51.593813 ], [ -0.282991, 51.595628 ], [ -0.280477, 51.59695 ], [ -0.278553, 51.599866 ], [ -0.270178, 51.602576 ] ] ] } },
{ "type": "Feature", "properties": { "LGB1911Gre": "1702", "LGB1911G_1": 10166792.0, "LGB1911G_2": "WANSTEAD", "LGB1911G_3": "P", "LGB1911G_4": "eng", "LGB1911G_5": "LG_DIST", "LGB1911G_6": "UD", "LGB1911G_7": "ENGLAND", "LGB1911G_8": 1911.0, "LGB1911G_9": "GBHGIS", "LGB1911_10": null, "LGB1911_11": null, "LGB1911_12": "y", "1911popGre": 10166792, "1911popG_1": "WANSTEAD", "1911popG_2": "UD", "1911popG_3": 0, "F_AREA": 6607647.5581099996 }, "geometry": { "type": "Polygon", "coordinates": [ [ [ 0.012082, 51.594608 ], [ 0.015524, 51.594084 ], [ 0.018871, 51.593036 ], [ 0.023715, 51.592045 ], [ 0.029178, 51.590436 ], [ 0.030745, 51.589193 ], [ 0.033737, 51.58836 ], [ 0.035917, 51.588034 ], [ 0.036847, 51.587959 ], [ 0.03779, 51.588144 ], [ 0.036166, 51.587451 ], [ 0.035246, 51.586861 ], [ 0.03639, 51.584698 ], [ 0.039773, 51.584174 ], [ 0.040389, 51.582656 ], [ 0.037172, 51.581093 ], [ 0.037257, 51.579238 ], [ 0.039965, 51.578116 ], [ 0.042554, 51.578298 ], [ 0.041951, 51.576457 ], [ 0.039847, 51.575686 ], [ 0.040091, 51.573917 ], [ 0.043825, 51.571943 ], [ 0.046745, 51.569002 ], [ 0.049907, 51.567312 ], [ 0.051549, 51.566028 ], [ 0.052259, 51.564298 ], [ 0.052352, 51.564072 ], [ 0.053489, 51.562257 ], [ 0.053925, 51.561556 ], [ 0.050544, 51.562573 ], [ 0.050112, 51.563581 ], [ 0.049993, 51.563856 ], [ 0.048664, 51.563564 ], [ 0.047231, 51.563101 ], [ 0.043506, 51.561616 ], [ 0.036709, 51.558906 ], [ 0.036272, 51.557608 ], [ 0.036462, 51.554763 ], [ 0.034714, 51.554709 ], [ 0.033016, 51.554742 ], [ 0.029259, 51.555074 ], [ 0.026393, 51.555155 ], [ 0.025561, 51.55543 ], [ 0.025869, 51.556815 ], [ 0.023869, 51.557225 ], [ 0.023271, 51.55573 ], [ 0.016722, 51.559347 ], [ 0.015631, 51.559309 ], [ 0.018211, 51.562666 ], [ 0.01919, 51.564036 ], [ 0.020119, 51.565438 ], [ 0.021031, 51.569963 ], [ 0.020797, 51.571703 ], [ 0.020104, 51.573653 ], [ 0.019478, 51.575024 ], [ 0.018878, 51.57599 ], [ 0.018139, 51.57693 ], [ 0.017175, 51.578018 ], [ 0.015651, 51.579899 ], [ 0.014433, 51.583053 ], [ 0.014266, 51.584325 ], [ 0.01422, 51.584677 ], [ 0.014173, 51.585031 ], [ 0.014344, 51.586392 ], [ 0.012429, 51.593823 ], [ 0.012009, 51.593831 ], [ 0.012082, 51.594608 ] ] ] } },
{ "type": "Feature", "properties": { "LGB1911Gre": "1706", "LGB1911G_1": 10025813.0, "LGB1911G_2": "CHELSEA", "LGB1911G_3": "P", "LGB1911G_4": "eng", "LGB1911G_5": "LG_DIST", "LGB1911G_6": "MetB", "LGB1911G_7": "ENGLAND", "LGB1911G_8": 1911.0, "LGB1911G_9": "GBHGIS", "LGB1911_10": null, "LGB1911_11": null, "LGB1911_12": null, "1911popGre": 10025813, "1911popG_1": "CHELSEA", "1911popG_2": "MetB", "1911popG_3": 66385, "F_AREA": 2913055.9111299999 }, "geometry": { "type": "Polygon", "coordinates": [ [ [ -0.149586, 51.484732 ], [ -0.150863, 51.484548 ], [ -0.152368, 51.484252 ], [ -0.153476, 51.48399 ], [ -0.154752, 51.48374 ], [ -0.155779, 51.483547 ], [ -0.157216, 51.483469 ], [ -0.157922, 51.483355 ], [ -0.15939, 51.483208 ], [ -0.160202, 51.483069 ], [ -0.161279, 51.483005 ], [ -0.162604, 51.48289 ], [ -0.164838, 51.482509 ], [ -0.166431, 51.482369 ], [ -0.168879, 51.481922 ], [ -0.170738, 51.481433 ], [ -0.171764, 51.481113 ], [ -0.173308, 51.480547 ], [ -0.174328, 51.479988 ], [ -0.175028, 51.479521 ], [ -0.175517, 51.479075 ], [ -0.176247, 51.478557 ], [ -0.176464, 51.478057 ], [ -0.177044, 51.47754 ], [ -0.178499, 51.477599 ], [ -0.17994, 51.47777 ], [ -0.181413, 51.477385 ], [ -0.182223, 51.477153 ], [ -0.183294, 51.477203 ], [ -0.184101, 51.477549 ], [ -0.184476, 51.47801 ], [ -0.184921, 51.478434 ], [ -0.185332, 51.479003 ], [ -0.185651, 51.479455 ], [ -0.186708, 51.479413 ], [ -0.187527, 51.479909 ], [ -0.187764, 51.480836 ], [ -0.186651, 51.481732 ], [ -0.186013, 51.48236 ], [ -0.185287, 51.482883 ], [ -0.184309, 51.48347 ], [ -0.183466, 51.484013 ], [ -0.182696, 51.484518 ], [ -0.181303, 51.485364 ], [ -0.180085, 51.486064 ], [ -0.178562, 51.487016 ], [ -0.177108, 51.487796 ], [ -0.175956, 51.488624 ], [ -0.174687, 51.489466 ], [ -0.17379, 51.490114 ], [ -0.17243, 51.491069 ], [ -0.171318, 51.491771 ], [ -0.170456, 51.492382 ], [ -0.169565, 51.492961 ], [ -0.169066, 51.493268 ], [ -0.168565, 51.4937 ], [ -0.167904, 51.493857 ], [ -0.167396, 51.494292 ], [ -0.166948, 51.494757 ], [ -0.16658, 51.495162 ], [ -0.165497, 51.495943 ], [ -0.164515, 51.496533 ], [ -0.164082, 51.497059 ], [ -0.163405, 51.497954 ], [ -0.162947, 51.4983 ], [ -0.16252, 51.498872 ], [ -0.162244, 51.499467 ], [ -0.162217, 51.499971 ], [ -0.161983, 51.500537 ], [ -0.161688, 51.501062 ], [ -0.162482, 51.50148 ], [ -0.161891, 51.501979 ], [ -0.159691, 51.502246 ], [ -0.159542, 51.501745 ], [ -0.159272, 51.500959 ], [ -0.158997, 51.500201 ], [ -0.158434, 51.499195 ], [ -0.15671, 51.497959 ], [ -0.156545, 51.497362 ], [ -0.156291, 51.496445 ], [ -0.155796, 51.495267 ], [ -0.156401, 51.494809 ], [ -0.155263, 51.494145 ], [ -0.156075, 51.493497 ], [ -0.155513, 51.492882 ], [ -0.154824, 51.492269 ], [ -0.155773, 51.491806 ], [ -0.155481, 51.49113 ], [ -0.154978, 51.490314 ], [ -0.155659, 51.489886 ], [ -0.154329, 51.489069 ], [ -0.151254, 51.487141 ], [ -0.149967, 51.486181 ], [ -0.149843, 51.485633 ], [ -0.149586, 51.484732 ] ] ] } },
{ "type": "Feature", "properties": { "LGB1911Gre": "1707", "LGB1911G_1": 10387139.0, "LGB1911G_2": "BRENTFORD", "LGB1911G_3": "P", "LGB1911G_4": "eng", "LGB1911G_5": "LG_DIST", "LGB1911G_6": "UD", "LGB1911G_7": "ENGLAND", "LGB1911G_8": 1911.0, "LGB1911G_9": "GBHGIS", "LGB1911_10": null, "LGB1911_11": null, "LGB1911_12": "y", "1911popGre": 10387139, "1911popG_1": "BRENTFORD", "1911popG_2": "UD", "1911popG_3": 0, "F_AREA": 3899060.8991700001 }, "geometry": { "type": "Polygon", "coordinates": [ [ [ -0.276753, 51.492636 ], [ -0.27775, 51.492537 ], [ -0.278522, 51.492432 ], [ -0.280083, 51.492038 ], [ -0.28105, 51.491717 ], [ -0.281607, 51.491407 ], [ -0.282169, 51.491025 ], [ -0.28401, 51.489527 ], [ -0.284368, 51.488485 ], [ -0.285738, 51.486596 ], [ -0.288434, 51.48799 ], [ -0.290932, 51.488783 ], [ -0.294874, 51.489139 ], [ -0.298324, 51.488294 ], [ -0.301574, 51.486435 ], [ -0.306591, 51.480454 ], [ -0.308053, 51.47923 ], [ -0.309398, 51.479214 ], [ -0.309371, 51.480528 ], [ -0.309478, 51.484037 ], [ -0.312096, 51.485289 ], [ -0.31286, 51.48594 ], [ -0.314941, 51.4861 ], [ -0.317586, 51.486405 ], [ -0.319075, 51.486856 ], [ -0.3198, 51.490653 ], [ -0.321029, 51.490731 ], [ -0.329053, 51.493198 ], [ -0.324072, 51.495679 ], [ -0.32335, 51.495913 ], [ -0.32068, 51.496307 ], [ -0.320336, 51.49606 ], [ -0.317823, 51.49453 ], [ -0.317563, 51.493941 ], [ -0.317303, 51.494531 ], [ -0.316954, 51.495259 ], [ -0.316411, 51.495616 ], [ -0.315345, 51.495165 ], [ -0.314808, 51.494729 ], [ -0.313792, 51.494191 ], [ -0.312316, 51.493184 ], [ -0.311198, 51.49211 ], [ -0.310209, 51.49254 ], [ -0.306693, 51.493844 ], [ -0.304082, 51.494426 ], [ -0.300461, 51.4952 ], [ -0.300231, 51.494162 ], [ -0.299765, 51.493542 ], [ -0.299542, 51.492393 ], [ -0.297175, 51.493889 ], [ -0.296392, 51.494613 ], [ -0.296873, 51.495119 ], [ -0.297356, 51.495948 ], [ -0.298277, 51.496637 ], [ -0.298952, 51.497294 ], [ -0.299858, 51.498134 ], [ -0.300284, 51.498495 ], [ -0.299221, 51.499283 ], [ -0.295118, 51.500617 ], [ -0.292003, 51.501695 ], [ -0.290085, 51.501394 ], [ -0.288269, 51.501037 ], [ -0.286819, 51.500445 ], [ -0.282997, 51.501755 ], [ -0.280783, 51.502623 ], [ -0.279421, 51.503141 ], [ -0.278793, 51.50232 ], [ -0.277983, 51.501411 ], [ -0.275226, 51.498765 ], [ -0.272586, 51.497929 ], [ -0.271855, 51.49766 ], [ -0.27103, 51.496952 ], [ -0.270543, 51.495723 ], [ -0.270723, 51.495012 ], [ -0.270788, 51.494754 ], [ -0.272065, 51.494529 ], [ -0.273295, 51.494508 ], [ -0.273599, 51.495889 ], [ -0.275945, 51.494958 ], [ -0.277172, 51.494948 ], [ -0.277091, 51.494143 ], [ -0.276979, 51.493455 ], [ -0.276753, 51.492636 ] ] ] } },
{ "type": "Feature", "properties": { "LGB1911Gre": "1732", "LGB1911G_1": 10135655.0, "LGB1911G_2": "LEYTON", "LGB1911G_3": "P", "LGB1911G_4": "eng", "LGB1911G_5": "LG_DIST", "LGB1911G_6": "UD", "LGB1911G_7": "ENGLAND", "LGB1911G_8": 1911.0, "LGB1911G_9": "GBHGIS", "LGB1911_10": null, "LGB1911_11": null, "LGB1911_12": "y", "1911popGre": 10135655, "1911popG_1": "LEYTON", "1911popG_2": "UD", "1911popG_3": 0, "F_AREA": 10905485.132300001 }, "geometry": { "type": "Polygon", "coordinates": [ [ [ 0.014344, 51.586392 ], [ 0.014173, 51.585031 ], [ 0.01422, 51.584677 ], [ 0.014266, 51.584325 ], [ 0.014433, 51.583053 ], [ 0.015651, 51.579899 ], [ 0.017175, 51.578018 ], [ 0.018139, 51.57693 ], [ 0.018878, 51.57599 ], [ 0.019478, 51.575024 ], [ 0.020104, 51.573653 ], [ 0.020797, 51.571703 ], [ 0.021031, 51.569963 ], [ 0.020119, 51.565438 ], [ 0.01919, 51.564036 ], [ 0.018211, 51.562666 ], [ 0.015631, 51.559309 ], [ 0.016722, 51.559347 ], [ 0.023271, 51.55573 ], [ 0.023869, 51.557225 ], [ 0.025869, 51.556815 ], [ 0.025561, 51.55543 ], [ 0.024175, 51.555019 ], [ 0.023203, 51.554457 ], [ 0.020804, 51.553719 ], [ 0.019655, 51.55345 ], [ 0.018126, 51.553189 ], [ 0.016848, 51.553212 ], [ 0.014958, 51.553393 ], [ 0.011689, 51.552847 ], [ 0.009726, 51.551902 ], [ 0.004947, 51.552713 ], [ 0.00176, 51.552222 ], [ -0.009131, 51.550642 ], [ -0.009597, 51.551564 ], [ -0.015775, 51.551981 ], [ -0.017487, 51.551433 ], [ -0.017581, 51.55243 ], [ -0.017718, 51.553099 ], [ -0.017878, 51.553641 ], [ -0.018099, 51.55421 ], [ -0.018267, 51.554674 ], [ -0.019008, 51.555126 ], [ -0.019648, 51.555578 ], [ -0.020414, 51.556056 ], [ -0.021054, 51.556317 ], [ -0.021712, 51.556586 ], [ -0.022776, 51.556879 ], [ -0.023559, 51.557193 ], [ -0.023872, 51.55763 ], [ -0.024023, 51.558325 ], [ -0.024357, 51.558762 ], [ -0.024794, 51.559243 ], [ -0.025368, 51.559638 ], [ -0.026187, 51.559935 ], [ -0.027401, 51.560533 ], [ -0.028636, 51.560903 ], [ -0.029402, 51.561208 ], [ -0.030472, 51.56158 ], [ -0.031845, 51.561513 ], [ -0.032628, 51.561454 ], [ -0.032524, 51.561009 ], [ -0.031486, 51.560931 ], [ -0.032372, 51.560341 ], [ -0.033247, 51.560298 ], [ -0.034483, 51.560786 ], [ -0.035813, 51.561176 ], [ -0.037077, 51.561155 ], [ -0.037918, 51.561011 ], [ -0.03912, 51.561245 ], [ -0.0401, 51.561663 ], [ -0.041972, 51.561776 ], [ -0.042666, 51.56173 ], [ -0.043105, 51.561949 ], [ -0.04323, 51.562147 ], [ -0.043621, 51.562355 ], [ -0.044047, 51.562865 ], [ -0.044762, 51.563105 ], [ -0.045533, 51.563511 ], [ -0.044663, 51.563657 ], [ -0.045514, 51.56394 ], [ -0.046092, 51.564369 ], [ -0.046828, 51.564779 ], [ -0.04771, 51.565187 ], [ -0.048351, 51.565944 ], [ 0.008939, 51.584996 ], [ 0.014344, 51.586392 ] ] ] } },
{ "type": "Feature", "properties": { "LGB1911Gre": "1736", "LGB1911G_1": 10025862.0, "LGB1911G_2": "CHISWICK", "LGB1911G_3": "P", "LGB1911G_4": "eng", "LGB1911G_5": "LG_DIST", "LGB1911G_6": "UD", "LGB1911G_7": "ENGLAND", "LGB1911G_8": 1911.0, "LGB1911G_9": "GBHGIS", "LGB1911_10": null, "LGB1911_11": null, "LGB1911_12": "y", "1911popGre": 10025862, "1911popG_1": "CHISWICK", "1911popG_2": "UD", "1911popG_3": 0, "F_AREA": 4478687.4448199999 }, "geometry": { "type": "Polygon", "coordinates": [ [ [ -0.276753, 51.492636 ], [ -0.274587, 51.492656 ], [ -0.272403, 51.4928 ], [ -0.270621, 51.492787 ], [ -0.266845, 51.492926 ], [ -0.266224, 51.493086 ], [ -0.265643, 51.493235 ], [ -0.264206, 51.493832 ], [ -0.263038, 51.493991 ], [ -0.259738, 51.494716 ], [ -0.255997, 51.495399 ], [ -0.254774, 51.495776 ], [ -0.254366, 51.496203 ], [ -0.25354, 51.497066 ], [ -0.252634, 51.498094 ], [ -0.252158, 51.4989 ], [ -0.251577, 51.499613 ], [ -0.249826, 51.498715 ], [ -0.248884, 51.498037 ], [ -0.247863, 51.497306 ], [ -0.246912, 51.497377 ], [ -0.245721, 51.497644 ], [ -0.243139, 51.498127 ], [ -0.243251, 51.497298 ], [ -0.243601, 51.496647 ], [ -0.244053, 51.495908 ], [ -0.244714, 51.494661 ], [ -0.245224, 51.493622 ], [ -0.245513, 51.492943 ], [ -0.245489, 51.492334 ], [ -0.245791, 51.491603 ], [ -0.245885, 51.491063 ], [ -0.246169, 51.490469 ], [ -0.246156, 51.490451 ], [ -0.247137, 51.490177 ], [ -0.249753, 51.488891 ], [ -0.252709, 51.486655 ], [ -0.259246, 51.47299 ], [ -0.259829, 51.472762 ], [ -0.262754, 51.47268 ], [ -0.277185, 51.47713 ], [ -0.27939, 51.481601 ], [ -0.279589, 51.481774 ], [ -0.284213, 51.485807 ], [ -0.285738, 51.486596 ], [ -0.284368, 51.488485 ], [ -0.28401, 51.489527 ], [ -0.282169, 51.491025 ], [ -0.281607, 51.491407 ], [ -0.28105, 51.491717 ], [ -0.280083, 51.492038 ], [ -0.278522, 51.492432 ], [ -0.27775, 51.492537 ], [ -0.276753, 51.492636 ] ] ] } },
{ "type": "Feature", "properties": { "LGB1911Gre": "1752", "LGB1911G_1": 10153050.0, "LGB1911G_2": "WEMBLEY", "LGB1911G_3": "P", "LGB1911G_4": "eng", "LGB1911G_5": "LG_DIST", "LGB1911G_6": "UD", "LGB1911G_7": "ENGLAND", "LGB1911G_8": 1911.0, "LGB1911G_9": "GBHGIS", "LGB1911_10": null, "LGB1911_11": null, "LGB1911_12": "y", "1911popGre": 10153050, "1911popG_1": "WEMBLEY", "1911popG_2": "UD", "1911popG_3": 0, "F_AREA": 18251886.733899999 }, "geometry": { "type": "Polygon", "coordinates": [ [ [ -0.282738, 51.584457 ], [ -0.282532, 51.583848 ], [ -0.281019, 51.582181 ], [ -0.280209, 51.581476 ], [ -0.279, 51.580216 ], [ -0.27828, 51.578444 ], [ -0.277954, 51.576246 ], [ -0.277554, 51.574682 ], [ -0.276236, 51.572815 ], [ -0.275148, 51.571244 ], [ -0.274972, 51.570002 ], [ -0.27528, 51.568247 ], [ -0.275643, 51.567328 ], [ -0.276075, 51.565921 ], [ -0.276785, 51.564489 ], [ -0.277379, 51.563661 ], [ -0.277975, 51.562805 ], [ -0.279013, 51.561467 ], [ -0.277551, 51.561818 ], [ -0.276763, 51.561806 ], [ -0.276329, 51.561138 ], [ -0.275046, 51.561008 ], [ -0.274246, 51.560366 ], [ -0.27311, 51.560096 ], [ -0.271311, 51.561201 ], [ -0.26989, 51.561817 ], [ -0.269803, 51.560605 ], [ -0.269132, 51.559991 ], [ -0.268266, 51.559519 ], [ -0.267393, 51.559192 ], [ -0.267022, 51.55913 ], [ -0.267162, 51.559131 ], [ -0.268146, 51.559056 ], [ -0.269001, 51.558691 ], [ -0.269579, 51.558237 ], [ -0.270017, 51.557781 ], [ -0.269081, 51.556789 ], [ -0.268123, 51.556316 ], [ -0.268243, 51.555653 ], [ -0.268362, 51.55502 ], [ -0.268246, 51.554442 ], [ -0.266175, 51.553697 ], [ -0.267275, 51.553074 ], [ -0.267586, 51.552298 ], [ -0.270798, 51.551097 ], [ -0.270128, 51.550395 ], [ -0.27016, 51.549558 ], [ -0.270659, 51.548583 ], [ -0.274198, 51.547757 ], [ -0.273925, 51.547002 ], [ -0.273695, 51.546365 ], [ -0.270733, 51.545175 ], [ -0.27024, 51.544648 ], [ -0.274933, 51.542382 ], [ -0.275731, 51.541996 ], [ -0.276435, 51.541628 ], [ -0.278105, 51.541448 ], [ -0.278004, 51.540261 ], [ -0.279821, 51.540028 ], [ -0.279837, 51.539479 ], [ -0.280626, 51.539578 ], [ -0.282285, 51.540183 ], [ -0.283185, 51.539648 ], [ -0.284235, 51.538946 ], [ -0.284531, 51.538461 ], [ -0.284797, 51.537397 ], [ -0.286133, 51.536795 ], [ -0.286838, 51.536901 ], [ -0.287773, 51.537276 ], [ -0.288349, 51.536916 ], [ -0.29114, 51.533937 ], [ -0.292114, 51.534131 ], [ -0.292612, 51.534721 ], [ -0.292972, 51.535162 ], [ -0.293798, 51.535377 ], [ -0.294542, 51.535154 ], [ -0.295056, 51.534871 ], [ -0.295607, 51.535024 ], [ -0.297877, 51.535 ], [ -0.297393, 51.533771 ], [ -0.299816, 51.533316 ], [ -0.301955, 51.533536 ], [ -0.30353, 51.533698 ], [ -0.302793, 51.533307 ], [ -0.302339, 51.532717 ], [ -0.304624, 51.532287 ], [ -0.30652, 51.532459 ], [ -0.306611, 51.532548 ], [ -0.307009, 51.533544 ], [ -0.307168, 51.534523 ], [ -0.307256, 51.535061 ], [ -0.306246, 51.536939 ], [ -0.306176, 51.537955 ], [ -0.30652, 51.538834 ], [ -0.306537, 51.538877 ], [ -0.306871, 51.539735 ], [ -0.307402, 51.540612 ], [ -0.307792, 51.541516 ], [ -0.307748, 51.543052 ], [ -0.307734, 51.543133 ], [ -0.307581, 51.544005 ], [ -0.307304, 51.545507 ], [ -0.307136, 51.546431 ], [ -0.30716, 51.547096 ], [ -0.308159, 51.547542 ], [ -0.308992, 51.547467 ], [ -0.310063, 51.547337 ], [ -0.310332, 51.547386 ], [ -0.310621, 51.547437 ], [ -0.317965, 51.54875 ], [ -0.318339, 51.548639 ], [ -0.318702, 51.548846 ], [ -0.319499, 51.549839 ], [ -0.319782, 51.550968 ], [ -0.319772, 51.551232 ], [ -0.319758, 51.551602 ], [ -0.319535, 51.55258 ], [ -0.320473, 51.553457 ], [ -0.321577, 51.553557 ], [ -0.322697, 51.553369 ], [ -0.324717, 51.552931 ], [ -0.3261, 51.55338 ], [ -0.327501, 51.554523 ], [ -0.328482, 51.554422 ], [ -0.330101, 51.554535 ], [ -0.331696, 51.55525 ], [ -0.332821, 51.55613 ], [ -0.335002, 51.556888 ], [ -0.33732, 51.557321 ], [ -0.336827, 51.557366 ], [ -0.335608, 51.557564 ], [ -0.334731, 51.557947 ], [ -0.333509, 51.558529 ], [ -0.333616, 51.560371 ], [ -0.333008, 51.561541 ], [ -0.332298, 51.561846 ], [ -0.328781, 51.5626 ], [ -0.328705, 51.56326 ], [ -0.329377, 51.563787 ], [ -0.330297, 51.563973 ], [ -0.330275, 51.564461 ], [ -0.329472, 51.564765 ], [ -0.328568, 51.56524 ], [ -0.328609, 51.566361 ], [ -0.329714, 51.567408 ], [ -0.331011, 51.568635 ], [ -0.331707, 51.56965 ], [ -0.331571, 51.570566 ], [ -0.330673, 51.570898 ], [ -0.330892, 51.572164 ], [ -0.330087, 51.572469 ], [ -0.329055, 51.572684 ], [ -0.329083, 51.574063 ], [ -0.329691, 51.57499 ], [ -0.330784, 51.575464 ], [ -0.331889, 51.57568 ], [ -0.332637, 51.576581 ], [ -0.3328, 51.577071 ], [ -0.331387, 51.577482 ], [ -0.327859, 51.57841 ], [ -0.327045, 51.578944 ], [ -0.325923, 51.579099 ], [ -0.324224, 51.579565 ], [ -0.320998, 51.579955 ], [ -0.319881, 51.581089 ], [ -0.315723, 51.583676 ], [ -0.313303, 51.584849 ], [ -0.311283, 51.585338 ], [ -0.308205, 51.585612 ], [ -0.305987, 51.585585 ], [ -0.303018, 51.586815 ], [ -0.296538, 51.58677 ], [ -0.290652, 51.586253 ], [ -0.288308, 51.585878 ], [ -0.285958, 51.585435 ], [ -0.282738, 51.584457 ] ] ] } },
{ "type": "Feature", "properties": { "LGB1911Gre": "1755", "LGB1911G_1": 10213526.0, "LGB1911G_2": "HESTON AND ISLEWORTH", "LGB1911G_3": "P", "LGB1911G_4": "eng", "LGB1911G_5": "LG_DIST", "LGB1911G_6": "UD", "LGB1911G_7": "ENGLAND", "LGB1911G_8": 1911.0, "LGB1911G_9": "GBHGIS", "LGB1911_10": null, "LGB1911_11": null, "LGB1911_12": "y", "1911popGre": 10213526, "1911popG_1": "HESTON AND ISLEWORTH", "1911popG_2": "UD", "1911popG_3": 0, "F_AREA": 26931826.104699999 }, "geometry": { "type": "Polygon", "coordinates": [ [ [ -0.399148, 51.497113 ], [ -0.398737, 51.496908 ], [ -0.396621, 51.496672 ], [ -0.395333, 51.496528 ], [ -0.393748, 51.496723 ], [ -0.393057, 51.496571 ], [ -0.390954, 51.495687 ], [ -0.387973, 51.494685 ], [ -0.385449, 51.494117 ], [ -0.382232, 51.493868 ], [ -0.380585, 51.494366 ], [ -0.379373, 51.494738 ], [ -0.379305, 51.494763 ], [ -0.378242, 51.494905 ], [ -0.377157, 51.494694 ], [ -0.376346, 51.494013 ], [ -0.375827, 51.493189 ], [ -0.375106, 51.49206 ], [ -0.373933, 51.491336 ], [ -0.372612, 51.491481 ], [ -0.372032, 51.490411 ], [ -0.369278, 51.490189 ], [ -0.368053, 51.490935 ], [ -0.366912, 51.492041 ], [ -0.363993, 51.494731 ], [ -0.36183, 51.495848 ], [ -0.360329, 51.496464 ], [ -0.355314, 51.498204 ], [ -0.349006, 51.498645 ], [ -0.347854, 51.498323 ], [ -0.346448, 51.497603 ], [ -0.344872, 51.496607 ], [ -0.343693, 51.495955 ], [ -0.342926, 51.49546 ], [ -0.342831, 51.49539 ], [ -0.342387, 51.49506 ], [ -0.342294, 51.495029 ], [ -0.341364, 51.494748 ], [ -0.339261, 51.494732 ], [ -0.338385, 51.494877 ], [ -0.336868, 51.495286 ], [ -0.336406, 51.495643 ], [ -0.335899, 51.496626 ], [ -0.335854, 51.497084 ], [ -0.329948, 51.496421 ], [ -0.329154, 51.49608 ], [ -0.329575, 51.495247 ], [ -0.329558, 51.493867 ], [ -0.329053, 51.493198 ], [ -0.321029, 51.490731 ], [ -0.3198, 51.490653 ], [ -0.319075, 51.486856 ], [ -0.317586, 51.486405 ], [ -0.314941, 51.4861 ], [ -0.31286, 51.48594 ], [ -0.312096, 51.485289 ], [ -0.309478, 51.484037 ], [ -0.309371, 51.480528 ], [ -0.309398, 51.479214 ], [ -0.308053, 51.47923 ], [ -0.314554, 51.473994 ], [ -0.31432, 51.473483 ], [ -0.316502, 51.472485 ], [ -0.318946, 51.471332 ], [ -0.320613, 51.469939 ], [ -0.320629, 51.469513 ], [ -0.32013, 51.46792 ], [ -0.319554, 51.466788 ], [ -0.3223, 51.466095 ], [ -0.321459, 51.463054 ], [ -0.317305, 51.460721 ], [ -0.314617, 51.46022 ], [ -0.310865, 51.459176 ], [ -0.310466, 51.459061 ], [ -0.309119, 51.458657 ], [ -0.3072, 51.458632 ], [ -0.314713, 51.456466 ], [ -0.320566, 51.456505 ], [ -0.322633, 51.456766 ], [ -0.324719, 51.455751 ], [ -0.326314, 51.454922 ], [ -0.327444, 51.455522 ], [ -0.328162, 51.455971 ], [ -0.329299, 51.456128 ], [ -0.330339, 51.456021 ], [ -0.332087, 51.453867 ], [ -0.332472, 51.453102 ], [ -0.334448, 51.452804 ], [ -0.33702, 51.45264 ], [ -0.338632, 51.45294 ], [ -0.339289, 51.453447 ], [ -0.34027, 51.454692 ], [ -0.34127, 51.455269 ], [ -0.34251, 51.455754 ], [ -0.343782, 51.456102 ], [ -0.345216, 51.456177 ], [ -0.345725, 51.456129 ], [ -0.346612, 51.456271 ], [ -0.347825, 51.456726 ], [ -0.349052, 51.457147 ], [ -0.35009, 51.457232 ], [ -0.351909, 51.457103 ], [ -0.35353, 51.457204 ], [ -0.355572, 51.458413 ], [ -0.357249, 51.458904 ], [ -0.358586, 51.458955 ], [ -0.359984, 51.458691 ], [ -0.360778, 51.458286 ], [ -0.361252, 51.457979 ], [ -0.363331, 51.457205 ], [ -0.365259, 51.457306 ], [ -0.367133, 51.457706 ], [ -0.369142, 51.458302 ], [ -0.37087, 51.458549 ], [ -0.372133, 51.458359 ], [ -0.37307, 51.457987 ], [ -0.374628, 51.457466 ], [ -0.375406, 51.457205 ], [ -0.377412, 51.456268 ], [ -0.385366, 51.450942 ], [ -0.386425, 51.451835 ], [ -0.387573, 51.452702 ], [ -0.388351, 51.452642 ], [ -0.388443, 51.452672 ], [ -0.39059, 51.454639 ], [ -0.390771, 51.455086 ], [ -0.391088, 51.455729 ], [ -0.391634, 51.456211 ], [ -0.392542, 51.45684 ], [ -0.393999, 51.456956 ], [ -0.394819, 51.456808 ], [ -0.396363, 51.457005 ], [ -0.397719, 51.457636 ], [ -0.399072, 51.458458 ], [ -0.399922, 51.459571 ], [ -0.40136, 51.460472 ], [ -0.400482, 51.461969 ], [ -0.401139, 51.46346 ], [ -0.401978, 51.464705 ], [ -0.403538, 51.465986 ], [ -0.40384, 51.466702 ], [ -0.415612, 51.477114 ], [ -0.414626, 51.476806 ], [ -0.412237, 51.476709 ], [ -0.412, 51.47712 ], [ -0.411895, 51.477669 ], [ -0.411788, 51.478302 ], [ -0.411484, 51.479456 ], [ -0.410436, 51.48121 ], [ -0.409455, 51.48211 ], [ -0.408897, 51.482517 ], [ -0.40611, 51.484166 ], [ -0.404786, 51.4855 ], [ -0.404054, 51.486789 ], [ -0.403465, 51.487943 ], [ -0.402734, 51.489151 ], [ -0.40201, 51.490422 ], [ -0.401681, 51.491406 ], [ -0.401409, 51.492256 ], [ -0.40096, 51.493078 ], [ -0.400204, 51.49428 ], [ -0.399645, 51.495164 ], [ -0.399524, 51.495637 ], [ -0.399148, 51.497113 ] ] ] } },
{ "type": "Feature", "properties": { "LGB1911Gre": "1756", "LGB1911G_1": 10042150.0, "LGB1911G_2": "FULHAM", "LGB1911G_3": "P", "LGB1911G_4": "eng", "LGB1911G_5": "LG_DIST", "LGB1911G_6": "MetB", "LGB1911G_7": "ENGLAND", "LGB1911G_8": 1911.0, "LGB1911G_9": "GBHGIS", "LGB1911_10": null, "LGB1911_11": null, "LGB1911_12": null, "1911popGre": 10042150, "1911popG_1": "FULHAM", "1911popG_2": "MetB", "1911popG_3": 153284, "F_AREA": 7656121.5429699998 }, "geometry": { "type": "Polygon", "coordinates": [ [ [ -0.207533, 51.496181 ], [ -0.203208, 51.493635 ], [ -0.197859, 51.488346 ], [ -0.193836, 51.48651 ], [ -0.187764, 51.480836 ], [ -0.187527, 51.479909 ], [ -0.186708, 51.479413 ], [ -0.185651, 51.479455 ], [ -0.185332, 51.479003 ], [ -0.184921, 51.478434 ], [ -0.184476, 51.47801 ], [ -0.184101, 51.477549 ], [ -0.183294, 51.477203 ], [ -0.182223, 51.477153 ], [ -0.181413, 51.477385 ], [ -0.17994, 51.47777 ], [ -0.178499, 51.477599 ], [ -0.177044, 51.47754 ], [ -0.177557, 51.476649 ], [ -0.177945, 51.47574 ], [ -0.178344, 51.474986 ], [ -0.179004, 51.473935 ], [ -0.179321, 51.473171 ], [ -0.179824, 51.472382 ], [ -0.180815, 51.47149 ], [ -0.181701, 51.470399 ], [ -0.182907, 51.469191 ], [ -0.184479, 51.467576 ], [ -0.18591, 51.466352 ], [ -0.187009, 51.465725 ], [ -0.187727, 51.465299 ], [ -0.188927, 51.464674 ], [ -0.190269, 51.464333 ], [ -0.191645, 51.464001 ], [ -0.192699, 51.463722 ], [ -0.194128, 51.463454 ], [ -0.196928, 51.463414 ], [ -0.198855, 51.463496 ], [ -0.2015, 51.463561 ], [ -0.203771, 51.463867 ], [ -0.205745, 51.464254 ], [ -0.207465, 51.464565 ], [ -0.208608, 51.464805 ], [ -0.210572, 51.465326 ], [ -0.212157, 51.465859 ], [ -0.213671, 51.466357 ], [ -0.214842, 51.466775 ], [ -0.216143, 51.467567 ], [ -0.217933, 51.468823 ], [ -0.219206, 51.469482 ], [ -0.219924, 51.469991 ], [ -0.221132, 51.471183 ], [ -0.222121, 51.472196 ], [ -0.222987, 51.472948 ], [ -0.22367, 51.473733 ], [ -0.224452, 51.474717 ], [ -0.224994, 51.475653 ], [ -0.225371, 51.476598 ], [ -0.225342, 51.477384 ], [ -0.225559, 51.477923 ], [ -0.225555, 51.478498 ], [ -0.225308, 51.479132 ], [ -0.225491, 51.479972 ], [ -0.22571, 51.480601 ], [ -0.225435, 51.481346 ], [ -0.22556, 51.482244 ], [ -0.225914, 51.483317 ], [ -0.226092, 51.484216 ], [ -0.226469, 51.48495 ], [ -0.227036, 51.485622 ], [ -0.22751, 51.48619 ], [ -0.227927, 51.486606 ], [ -0.225132, 51.487796 ], [ -0.22367, 51.48838 ], [ -0.222261, 51.48866 ], [ -0.221233, 51.489054 ], [ -0.220268, 51.489515 ], [ -0.219241, 51.489778 ], [ -0.218157, 51.489811 ], [ -0.217018, 51.490182 ], [ -0.215733, 51.490256 ], [ -0.214226, 51.49027 ], [ -0.213266, 51.490163 ], [ -0.213103, 51.491025 ], [ -0.213067, 51.492139 ], [ -0.21298, 51.493 ], [ -0.213454, 51.494247 ], [ -0.212452, 51.494633 ], [ -0.211233, 51.495209 ], [ -0.209752, 51.495726 ], [ -0.208525, 51.496048 ], [ -0.207533, 51.496181 ] ] ] } },
{ "type": "Feature", "properties": { "LGB1911Gre": "1757", "LGB1911G_1": 10061660.0, "LGB1911G_2": "DEPTFORD", "LGB1911G_3": "P", "LGB1911G_4": "eng", "LGB1911G_5": "LG_DIST", "LGB1911G_6": "MetB", "LGB1911G_7": "ENGLAND", "LGB1911G_8": 1911.0, "LGB1911G_9": "GBHGIS", "LGB1911_10": null, "LGB1911_11": null, "LGB1911_12": null, "1911popGre": 10061660, "1911popG_1": "DEPTFORD", "1911popG_2": "MetB", "1911popG_3": 109496, "F_AREA": 6402263.0957000004 }, "geometry": { "type": "Polygon", "coordinates": [ [ [ -0.029222, 51.493273 ], [ -0.02907, 51.492601 ], [ -0.028847, 51.4921 ], [ -0.028509, 51.491645 ], [ -0.027933, 51.490915 ], [ -0.027576, 51.490188 ], [ -0.027226, 51.489794 ], [ -0.0266, 51.48913 ], [ -0.030166, 51.487829 ], [ -0.031203, 51.487841 ], [ -0.031173, 51.486581 ], [ -0.03228, 51.486395 ], [ -0.031371, 51.485538 ], [ -0.031369, 51.483647 ], [ -0.030565, 51.48315 ], [ -0.028555, 51.48323 ], [ -0.026842, 51.483127 ], [ -0.025084, 51.483167 ], [ -0.025203, 51.48206 ], [ -0.025958, 51.481247 ], [ -0.025968, 51.480747 ], [ -0.02393, 51.480481 ], [ -0.022886, 51.480393 ], [ -0.022149, 51.479997 ], [ -0.022138, 51.479457 ], [ -0.021361, 51.479479 ], [ -0.019903, 51.479654 ], [ -0.019453, 51.480055 ], [ -0.018758, 51.480301 ], [ -0.018011, 51.480542 ], [ -0.016611, 51.480026 ], [ -0.017298, 51.479746 ], [ -0.018044, 51.479597 ], [ -0.018636, 51.479209 ], [ -0.018663, 51.478663 ], [ -0.018717, 51.477886 ], [ -0.018726, 51.477208 ], [ -0.019358, 51.476768 ], [ -0.02025, 51.476411 ], [ -0.020298, 51.475944 ], [ -0.020688, 51.475364 ], [ -0.021747, 51.475283 ], [ -0.022505, 51.474968 ], [ -0.022418, 51.474445 ], [ -0.022124, 51.473954 ], [ -0.021403, 51.473732 ], [ -0.020443, 51.473317 ], [ -0.019877, 51.472922 ], [ -0.019664, 51.472461 ], [ -0.019659, 51.471896 ], [ -0.01886, 51.471855 ], [ -0.018668, 51.471329 ], [ -0.018391, 51.470589 ], [ -0.018814, 51.470143 ], [ -0.018279, 51.469713 ], [ -0.016912, 51.469344 ], [ -0.017908, 51.469105 ], [ -0.018493, 51.468826 ], [ -0.018698, 51.468317 ], [ -0.02102, 51.467707 ], [ -0.022029, 51.467573 ], [ -0.0231, 51.46721 ], [ -0.023654, 51.466396 ], [ -0.023829, 51.465875 ], [ -0.024112, 51.465251 ], [ -0.024331, 51.46457 ], [ -0.024603, 51.463893 ], [ -0.024846, 51.463254 ], [ -0.024866, 51.462339 ], [ -0.025631, 51.462432 ], [ -0.026781, 51.462536 ], [ -0.027741, 51.462244 ], [ -0.028688, 51.461963 ], [ -0.029752, 51.461655 ], [ -0.030335, 51.461341 ], [ -0.030999, 51.460802 ], [ -0.031727, 51.460217 ], [ -0.032509, 51.460054 ], [ -0.033826, 51.459905 ], [ -0.034117, 51.460355 ], [ -0.03516, 51.460895 ], [ -0.035888, 51.461187 ], [ -0.036582, 51.461512 ], [ -0.037288, 51.461264 ], [ -0.037927, 51.461563 ], [ -0.038661, 51.461885 ], [ -0.039552, 51.46154 ], [ -0.040151, 51.461258 ], [ -0.040957, 51.460661 ], [ -0.041424, 51.460271 ], [ -0.042119, 51.459935 ], [ -0.042598, 51.459577 ], [ -0.043869, 51.459039 ], [ -0.045065, 51.459471 ], [ -0.044913, 51.45995 ], [ -0.045002, 51.460629 ], [ -0.045099, 51.46122 ], [ -0.045561, 51.462818 ], [ -0.045786, 51.463231 ], [ -0.046553, 51.464144 ], [ -0.047076, 51.464606 ], [ -0.047787, 51.464922 ], [ -0.048632, 51.465312 ], [ -0.049663, 51.465809 ], [ -0.050513, 51.466008 ], [ -0.050795, 51.466614 ], [ -0.051691, 51.467096 ], [ -0.051522, 51.467731 ], [ -0.051977, 51.468565 ], [ -0.052489, 51.468892 ], [ -0.052027, 51.469378 ], [ -0.052112, 51.470161 ], [ -0.052319, 51.471168 ], [ -0.052452, 51.472028 ], [ -0.052377, 51.472637 ], [ -0.052273, 51.473184 ], [ -0.052168, 51.474004 ], [ -0.052014, 51.474988 ], [ -0.051796, 51.475914 ], [ -0.051704, 51.477025 ], [ -0.051688, 51.477863 ], [ -0.052583, 51.478176 ], [ -0.05338, 51.478495 ], [ -0.054046, 51.478683 ], [ -0.053629, 51.479157 ], [ -0.053112, 51.479635 ], [ -0.052715, 51.48004 ], [ -0.052718, 51.480561 ], [ -0.052858, 51.481369 ], [ -0.052981, 51.482136 ], [ -0.05294, 51.482973 ], [ -0.052838, 51.483872 ], [ -0.052899, 51.4844 ], [ -0.053162, 51.485063 ], [ -0.053529, 51.485842 ], [ -0.054509, 51.487248 ], [ -0.053557, 51.487296 ], [ -0.052756, 51.48724 ], [ -0.05198, 51.487374 ], [ -0.051187, 51.487407 ], [ -0.050443, 51.487558 ], [ -0.049709, 51.487738 ], [ -0.049111, 51.488093 ], [ -0.04949, 51.489134 ], [ -0.048604, 51.489613 ], [ -0.047528, 51.489847 ], [ -0.046372, 51.490104 ], [ -0.04593, 51.48974 ], [ -0.045239, 51.489888 ], [ -0.044433, 51.490056 ], [ -0.043787, 51.489794 ], [ -0.042728, 51.48978 ], [ -0.041975, 51.489697 ], [ -0.041162, 51.490286 ], [ -0.039717, 51.490832 ], [ -0.040475, 51.49158 ], [ -0.039558, 51.491915 ], [ -0.03859, 51.491978 ], [ -0.037775, 51.492136 ], [ -0.036749, 51.492463 ], [ -0.03602, 51.492699 ], [ -0.035192, 51.4928 ], [ -0.033959, 51.493116 ], [ -0.033235, 51.493238 ], [ -0.032455, 51.49323 ], [ -0.03149, 51.493253 ], [ -0.03055, 51.493252 ], [ -0.029222, 51.493273 ] ] ] } },
{ "type": "Feature", "properties": { "LGB1911Gre": "1767", "LGB1911G_1": 10001810.0, "LGB1911G_2": "HACKNEY", "LGB1911G_3": "P", "LGB1911G_4": "eng", "LGB1911G_5": "LG_DIST", "LGB1911G_6": "MetB", "LGB1911G_7": "ENGLAND", "LGB1911G_8": 1911.0, "LGB1911G_9": "GBHGIS", "LGB1911_10": null, "LGB1911_11": null, "LGB1911_12": null, "1911popGre": 10001810, "1911popG_1": "HACKNEY", "1911popG_2": "MetB", "1911popG_3": 222533, "F_AREA": 13316605.8398 }, "geometry": { "type": "Polygon", "coordinates": [ [ [ -0.058689, 51.575232 ], [ -0.057576, 51.574224 ], [ -0.056473, 51.574209 ], [ -0.056775, 51.573547 ], [ -0.057781, 51.573327 ], [ -0.05806, 51.572823 ], [ -0.057882, 51.572389 ], [ -0.056894, 51.572233 ], [ -0.056278, 51.57269 ], [ -0.055927, 51.572118 ], [ -0.056092, 51.571137 ], [ -0.055629, 51.570406 ], [ -0.054873, 51.570224 ], [ -0.053746, 51.569997 ], [ -0.053399, 51.569545 ], [ -0.053108, 51.569041 ], [ -0.052842, 51.56863 ], [ -0.052452, 51.568224 ], [ -0.051673, 51.567887 ], [ -0.05036, 51.567333 ], [ -0.049778, 51.566869 ], [ -0.049012, 51.566353 ], [ -0.048351, 51.565944 ], [ -0.04771, 51.565187 ], [ -0.046828, 51.564779 ], [ -0.046092, 51.564369 ], [ -0.045514, 51.56394 ], [ -0.044663, 51.563657 ], [ -0.045533, 51.563511 ], [ -0.044762, 51.563105 ], [ -0.044047, 51.562865 ], [ -0.043621, 51.562355 ], [ -0.04323, 51.562147 ], [ -0.043105, 51.561949 ], [ -0.042666, 51.56173 ], [ -0.041972, 51.561776 ], [ -0.0401, 51.561663 ], [ -0.03912, 51.561245 ], [ -0.037918, 51.561011 ], [ -0.037077, 51.561155 ], [ -0.035813, 51.561176 ], [ -0.034483, 51.560786 ], [ -0.033247, 51.560298 ], [ -0.032372, 51.560341 ], [ -0.031486, 51.560931 ], [ -0.032524, 51.561009 ], [ -0.032628, 51.561454 ], [ -0.031845, 51.561513 ], [ -0.030472, 51.56158 ], [ -0.029402, 51.561208 ], [ -0.028636, 51.560903 ], [ -0.027401, 51.560533 ], [ -0.026187, 51.559935 ], [ -0.025368, 51.559638 ], [ -0.024794, 51.559243 ], [ -0.024357, 51.558762 ], [ -0.024023, 51.558325 ], [ -0.023872, 51.55763 ], [ -0.023559, 51.557193 ], [ -0.022776, 51.556879 ], [ -0.021712, 51.556586 ], [ -0.021054, 51.556317 ], [ -0.020414, 51.556056 ], [ -0.019648, 51.555578 ], [ -0.019008, 51.555126 ], [ -0.018267, 51.554674 ], [ -0.018099, 51.55421 ], [ -0.017878, 51.553641 ], [ -0.017718, 51.553099 ], [ -0.017581, 51.55243 ], [ -0.017487, 51.551433 ], [ -0.017609, 51.550915 ], [ -0.017579, 51.550406 ], [ -0.017567, 51.549793 ], [ -0.017079, 51.548911 ], [ -0.016838, 51.548002 ], [ -0.01652, 51.547 ], [ -0.016423, 51.546392 ], [ -0.016523, 51.545695 ], [ -0.016743, 51.54512 ], [ -0.016852, 51.544486 ], [ -0.018151, 51.544214 ], [ -0.019397, 51.543982 ], [ -0.020475, 51.54397 ], [ -0.021117, 51.543764 ], [ -0.022104, 51.543694 ], [ -0.022792, 51.543974 ], [ -0.025565, 51.543319 ], [ -0.026028, 51.542725 ], [ -0.027582, 51.542112 ], [ -0.029043, 51.541817 ], [ -0.030042, 51.541557 ], [ -0.031245, 51.541181 ], [ -0.031882, 51.540889 ], [ -0.034993, 51.540699 ], [ -0.034523, 51.539301 ], [ -0.035245, 51.538814 ], [ -0.036755, 51.537935 ], [ -0.039029, 51.536496 ], [ -0.040491, 51.536129 ], [ -0.041834, 51.537509 ], [ -0.043897, 51.536857 ], [ -0.044507, 51.536487 ], [ -0.045146, 51.536256 ], [ -0.046584, 51.53609 ], [ -0.047396, 51.536246 ], [ -0.048265, 51.536367 ], [ -0.048956, 51.536783 ], [ -0.050011, 51.537253 ], [ -0.050861, 51.537345 ], [ -0.051864, 51.537103 ], [ -0.052453, 51.536795 ], [ -0.052973, 51.536067 ], [ -0.053841, 51.535864 ], [ -0.054628, 51.535906 ], [ -0.0554, 51.53575 ], [ -0.056627, 51.535362 ], [ -0.057464, 51.534982 ], [ -0.058565, 51.534687 ], [ -0.059775, 51.534627 ], [ -0.060692, 51.534965 ], [ -0.061422, 51.53548 ], [ -0.062568, 51.535976 ], [ -0.062051, 51.537106 ], [ -0.062901, 51.537236 ], [ -0.063498, 51.537841 ], [ -0.064791, 51.538514 ], [ -0.065613, 51.538884 ], [ -0.06618, 51.539259 ], [ -0.065353, 51.540165 ], [ -0.067733, 51.540009 ], [ -0.069545, 51.539902 ], [ -0.071101, 51.53986 ], [ -0.072233, 51.539901 ], [ -0.074516, 51.539896 ], [ -0.076058, 51.539276 ], [ -0.076867, 51.539221 ], [ -0.077371, 51.537968 ], [ -0.077294, 51.537396 ], [ -0.07853, 51.537257 ], [ -0.079737, 51.537592 ], [ -0.079936, 51.53707 ], [ -0.081756, 51.537162 ], [ -0.083636, 51.537431 ], [ -0.084704, 51.537536 ], [ -0.087142, 51.537308 ], [ -0.086804, 51.538624 ], [ -0.086121, 51.540566 ], [ -0.085232, 51.543105 ], [ -0.084522, 51.545095 ], [ -0.084307, 51.545767 ], [ -0.084528, 51.546349 ], [ -0.084469, 51.546841 ], [ -0.083515, 51.54689 ], [ -0.082634, 51.546824 ], [ -0.081091, 51.546782 ], [ -0.079103, 51.546712 ], [ -0.078008, 51.546596 ], [ -0.077075, 51.546703 ], [ -0.077058, 51.547727 ], [ -0.077359, 51.548509 ], [ -0.078096, 51.549738 ], [ -0.076994, 51.550517 ], [ -0.076291, 51.550887 ], [ -0.075595, 51.551091 ], [ -0.075635, 51.551811 ], [ -0.075324, 51.552817 ], [ -0.075122, 51.553872 ], [ -0.074774, 51.555515 ], [ -0.074641, 51.556408 ], [ -0.074646, 51.55715 ], [ -0.074507, 51.558374 ], [ -0.073988, 51.559851 ], [ -0.073979, 51.560388 ], [ -0.073723, 51.56123 ], [ -0.073473, 51.562367 ], [ -0.073142, 51.563134 ], [ -0.072574, 51.564008 ], [ -0.073326, 51.564312 ], [ -0.073245, 51.565152 ], [ -0.07319, 51.565921 ], [ -0.073975, 51.566177 ], [ -0.074787, 51.566544 ], [ -0.07556, 51.567234 ], [ -0.076688, 51.568172 ], [ -0.077843, 51.569156 ], [ -0.078349, 51.569897 ], [ -0.078654, 51.57077 ], [ -0.079775, 51.570799 ], [ -0.080845, 51.570589 ], [ -0.081305, 51.571017 ], [ -0.081968, 51.571549 ], [ -0.082578, 51.572316 ], [ -0.083335, 51.57317 ], [ -0.083793, 51.573869 ], [ -0.083926, 51.574401 ], [ -0.083498, 51.575227 ], [ -0.082542, 51.575447 ], [ -0.081755, 51.575554 ], [ -0.080865, 51.575688 ], [ -0.080007, 51.57566 ], [ -0.079141, 51.575607 ], [ -0.077868, 51.575256 ], [ -0.076868, 51.575818 ], [ -0.075456, 51.575661 ], [ -0.075195, 51.575236 ], [ -0.07403, 51.575464 ], [ -0.072915, 51.575537 ], [ -0.071668, 51.575524 ], [ -0.070003, 51.57562 ], [ -0.069092, 51.575802 ], [ -0.067751, 51.576021 ], [ -0.066679, 51.576115 ], [ -0.065514, 51.576274 ], [ -0.06372, 51.576416 ], [ -0.062922, 51.576345 ], [ -0.061796, 51.576232 ], [ -0.060878, 51.575569 ], [ -0.059649, 51.575327 ], [ -0.058689, 51.575232 ] ] ] } },
{ "type": "Feature", "properties": { "LGB1911Gre": "1768", "LGB1911G_1": 10042136.0, "LGB1911G_2": "DARTFORD", "LGB1911G_3": "P", "LGB1911G_4": "eng", "LGB1911G_5": "LG_DIST", "LGB1911G_6": "RD", "LGB1911G_7": "ENGLAND", "LGB1911G_8": 1911.0, "LGB1911G_9": "GBHGIS", "LGB1911_10": null, "LGB1911_11": null, "LGB1911_12": null, "1911popGre": 10042136, "1911popG_1": "DARTFORD", "1911popG_2": "RD", "1911popG_3": 0, "F_AREA": 155858481.002 }, "geometry": { "type": "MultiPolygon", "coordinates": [ [ [ [ 0.275997, 51.457265 ], [ 0.277749, 51.45662 ], [ 0.28552, 51.457546 ], [ 0.30221, 51.468315 ], [ 0.30506, 51.469322 ], [ 0.307626, 51.469466 ], [ 0.310467, 51.469547 ], [ 0.314129, 51.469378 ], [ 0.315698, 51.468984 ], [ 0.312993, 51.462155 ], [ 0.311848, 51.458965 ], [ 0.311408, 51.457119 ], [ 0.3105, 51.45385 ], [ 0.310606, 51.451671 ], [ 0.314951, 51.451102 ], [ 0.317851, 51.450403 ], [ 0.318379, 51.448295 ], [ 0.318242, 51.446703 ], [ 0.319861, 51.445644 ], [ 0.321056, 51.444066 ], [ 0.322445, 51.44266 ], [ 0.325099, 51.440859 ], [ 0.324954, 51.438896 ], [ 0.323436, 51.436717 ], [ 0.322543, 51.435137 ], [ 0.321962, 51.433206 ], [ 0.322426, 51.431927 ], [ 0.322796, 51.430649 ], [ 0.323907, 51.429334 ], [ 0.325848, 51.427892 ], [ 0.327619, 51.426886 ], [ 0.329761, 51.425963 ], [ 0.331215, 51.424066 ], [ 0.331147, 51.42239 ], [ 0.330409, 51.42026 ], [ 0.330099, 51.415323 ], [ 0.3304, 51.413817 ], [ 0.331662, 51.411232 ], [ 0.33398, 51.408607 ], [ 0.333725, 51.406388 ], [ 0.334811, 51.400233 ], [ 0.333796, 51.39866 ], [ 0.331741, 51.39295 ], [ 0.331768, 51.392662 ], [ 0.332615, 51.390031 ], [ 0.334012, 51.387453 ], [ 0.335439, 51.387437 ], [ 0.33513, 51.386951 ], [ 0.332227, 51.383414 ], [ 0.331621, 51.381895 ], [ 0.331934, 51.380366 ], [ 0.330825, 51.378162 ], [ 0.330375, 51.374769 ], [ 0.330054, 51.373333 ], [ 0.330497, 51.370298 ], [ 0.330702, 51.368889 ], [ 0.330735, 51.36788 ], [ 0.333799, 51.367673 ], [ 0.334041, 51.367059 ], [ 0.339716, 51.352609 ], [ 0.339862, 51.351175 ], [ 0.339564, 51.349442 ], [ 0.339399, 51.347571 ], [ 0.338821, 51.34578 ], [ 0.337844, 51.344419 ], [ 0.338238, 51.342229 ], [ 0.337136, 51.340613 ], [ 0.338745, 51.338346 ], [ 0.338081, 51.335656 ], [ 0.33623, 51.33105 ], [ 0.336416, 51.3296 ], [ 0.33318, 51.329778 ], [ 0.319963, 51.335239 ], [ 0.317706, 51.336705 ], [ 0.312551, 51.338413 ], [ 0.310301, 51.339558 ], [ 0.306721, 51.341702 ], [ 0.304724, 51.343027 ], [ 0.30496, 51.345582 ], [ 0.305884, 51.349313 ], [ 0.30251, 51.350325 ], [ 0.296468, 51.351308 ], [ 0.294347, 51.35144 ], [ 0.292616, 51.350754 ], [ 0.292253, 51.349911 ], [ 0.288821, 51.351691 ], [ 0.287738, 51.350997 ], [ 0.28429, 51.348443 ], [ 0.285194, 51.347862 ], [ 0.287541, 51.346869 ], [ 0.28969, 51.345794 ], [ 0.28895, 51.344625 ], [ 0.285928, 51.344707 ], [ 0.2826, 51.340436 ], [ 0.285365, 51.339966 ], [ 0.284853, 51.338221 ], [ 0.2848, 51.335691 ], [ 0.282859, 51.334135 ], [ 0.282336, 51.331342 ], [ 0.28273, 51.329544 ], [ 0.282984, 51.328043 ], [ 0.283177, 51.327462 ], [ 0.282856, 51.326607 ], [ 0.282712, 51.326238 ], [ 0.282615, 51.325993 ], [ 0.281624, 51.324533 ], [ 0.2795, 51.323829 ], [ 0.277677, 51.321222 ], [ 0.276838, 51.318517 ], [ 0.276222, 51.318754 ], [ 0.269986, 51.321151 ], [ 0.26894, 51.322 ], [ 0.267092, 51.322877 ], [ 0.263153, 51.323134 ], [ 0.260572, 51.324157 ], [ 0.258028, 51.325067 ], [ 0.253188, 51.325077 ], [ 0.250965, 51.325642 ], [ 0.24816, 51.326444 ], [ 0.244943, 51.326646 ], [ 0.243701, 51.327987 ], [ 0.240618, 51.329551 ], [ 0.239736, 51.329183 ], [ 0.238193, 51.329516 ], [ 0.235239, 51.331057 ], [ 0.232945, 51.331225 ], [ 0.231446, 51.332533 ], [ 0.23029, 51.333848 ], [ 0.229843, 51.334083 ], [ 0.228919, 51.334842 ], [ 0.227194, 51.335926 ], [ 0.224692, 51.335315 ], [ 0.224133, 51.336907 ], [ 0.221833, 51.338953 ], [ 0.218684, 51.339913 ], [ 0.212287, 51.342017 ], [ 0.210231, 51.343113 ], [ 0.207332, 51.344191 ], [ 0.204866, 51.345261 ], [ 0.202545, 51.344766 ], [ 0.199294, 51.345641 ], [ 0.19924, 51.347925 ], [ 0.1985, 51.350217 ], [ 0.195296, 51.351237 ], [ 0.192618, 51.351557 ], [ 0.189881, 51.351444 ], [ 0.186288, 51.352063 ], [ 0.18167, 51.352492 ], [ 0.177186, 51.352833 ], [ 0.174123, 51.354054 ], [ 0.170335, 51.354445 ], [ 0.166517, 51.354117 ], [ 0.163442, 51.355078 ], [ 0.160858, 51.355573 ], [ 0.158423, 51.356385 ], [ 0.15291, 51.357214 ], [ 0.150885, 51.358083 ], [ 0.147861, 51.359915 ], [ 0.150292, 51.360446 ], [ 0.150061, 51.361924 ], [ 0.15084, 51.363929 ], [ 0.153738, 51.366983 ], [ 0.154692, 51.369143 ], [ 0.154953, 51.371516 ], [ 0.153654, 51.373128 ], [ 0.153528, 51.374208 ], [ 0.152721, 51.376974 ], [ 0.153108, 51.378844 ], [ 0.153112, 51.383003 ], [ 0.160824, 51.386427 ], [ 0.162795, 51.387159 ], [ 0.161907, 51.388385 ], [ 0.161166, 51.38984 ], [ 0.159798, 51.392945 ], [ 0.159526, 51.393563 ], [ 0.158116, 51.397282 ], [ 0.157671, 51.400703 ], [ 0.158906, 51.403003 ], [ 0.159571, 51.404905 ], [ 0.159574, 51.405011 ], [ 0.159629, 51.40667 ], [ 0.159516, 51.407452 ], [ 0.159881, 51.408721 ], [ 0.161334, 51.410556 ], [ 0.160029, 51.411815 ], [ 0.15918, 51.414226 ], [ 0.157174, 51.41529 ], [ 0.15969, 51.419862 ], [ 0.164049, 51.422619 ], [ 0.16681, 51.42334 ], [ 0.168019, 51.424831 ], [ 0.171414, 51.426442 ], [ 0.173626, 51.4274 ], [ 0.176975, 51.427623 ], [ 0.180232, 51.427904 ], [ 0.18243, 51.429788 ], [ 0.185116, 51.43103 ], [ 0.187702, 51.432014 ], [ 0.189565, 51.430835 ], [ 0.195697, 51.429636 ], [ 0.200018, 51.429818 ], [ 0.202968, 51.430565 ], [ 0.204901, 51.431468 ], [ 0.209981, 51.432104 ], [ 0.213425, 51.432382 ], [ 0.2159, 51.434204 ], [ 0.218259, 51.435334 ], [ 0.2229, 51.435309 ], [ 0.224615, 51.4339 ], [ 0.224519, 51.431094 ], [ 0.226524, 51.43 ], [ 0.227948, 51.430938 ], [ 0.230216, 51.432127 ], [ 0.232603, 51.432706 ], [ 0.236529, 51.433498 ], [ 0.243046, 51.434057 ], [ 0.247427, 51.434584 ], [ 0.252105, 51.435656 ], [ 0.254325, 51.438089 ], [ 0.253954, 51.438093 ], [ 0.250444, 51.438627 ], [ 0.247632, 51.439181 ], [ 0.244455, 51.439914 ], [ 0.241686, 51.440381 ], [ 0.239574, 51.440986 ], [ 0.237641, 51.444135 ], [ 0.236749, 51.446602 ], [ 0.233086, 51.451051 ], [ 0.233414, 51.453429 ], [ 0.233288, 51.456637 ], [ 0.234202, 51.458985 ], [ 0.23476, 51.46164 ], [ 0.234924, 51.463345 ], [ 0.236569, 51.46564 ], [ 0.240751, 51.469781 ], [ 0.241485, 51.471182 ], [ 0.247871, 51.467612 ], [ 0.275997, 51.457265 ] ] ], [ [ [ 0.208999, 51.468857 ], [ 0.208964, 51.468628 ], [ 0.21078, 51.468795 ], [ 0.211664, 51.468832 ], [ 0.211889, 51.468739 ], [ 0.211008, 51.46798 ], [ 0.21098, 51.467517 ], [ 0.212175, 51.467343 ], [ 0.212673, 51.467158 ], [ 0.212617, 51.466233 ], [ 0.211295, 51.46586 ], [ 0.20991, 51.466003 ], [ 0.209842, 51.465173 ], [ 0.209046, 51.464805 ], [ 0.208108, 51.464292 ], [ 0.208295, 51.462093 ], [ 0.206645, 51.462433 ], [ 0.205469, 51.460624 ], [ 0.204703, 51.458579 ], [ 0.20271, 51.4573 ], [ 0.204334, 51.455893 ], [ 0.20296, 51.45371 ], [ 0.200927, 51.452634 ], [ 0.198035, 51.450845 ], [ 0.195377, 51.450528 ], [ 0.191666, 51.4506 ], [ 0.190101, 51.448245 ], [ 0.187496, 51.448102 ], [ 0.186967, 51.447083 ], [ 0.184947, 51.445668 ], [ 0.184605, 51.444861 ], [ 0.183598, 51.443308 ], [ 0.181939, 51.443641 ], [ 0.180127, 51.443338 ], [ 0.178591, 51.442947 ], [ 0.177358, 51.443739 ], [ 0.175812, 51.444939 ], [ 0.175749, 51.444942 ], [ 0.176669, 51.446374 ], [ 0.178793, 51.447449 ], [ 0.177358, 51.448969 ], [ 0.175005, 51.450819 ], [ 0.168352, 51.450789 ], [ 0.164277, 51.452244 ], [ 0.163498, 51.452424 ], [ 0.159343, 51.453136 ], [ 0.155043, 51.453705 ], [ 0.152517, 51.454544 ], [ 0.152964, 51.456853 ], [ 0.152635, 51.459576 ], [ 0.153679, 51.461677 ], [ 0.155315, 51.463394 ], [ 0.156384, 51.464858 ], [ 0.156919, 51.466993 ], [ 0.156602, 51.468674 ], [ 0.156487, 51.469428 ], [ 0.158089, 51.470104 ], [ 0.162754, 51.470746 ], [ 0.165083, 51.470922 ], [ 0.167461, 51.471214 ], [ 0.171647, 51.471369 ], [ 0.175984, 51.471899 ], [ 0.179825, 51.472839 ], [ 0.1833, 51.473756 ], [ 0.185739, 51.474103 ], [ 0.190437, 51.474738 ], [ 0.192952, 51.474881 ], [ 0.195608, 51.475452 ], [ 0.196545, 51.477106 ], [ 0.199527, 51.477775 ], [ 0.203058, 51.479155 ], [ 0.20411, 51.481581 ], [ 0.202758, 51.483403 ], [ 0.20106, 51.484591 ], [ 0.209985, 51.484993 ], [ 0.219342, 51.483574 ], [ 0.223617, 51.481166 ], [ 0.222696, 51.480426 ], [ 0.219312, 51.479077 ], [ 0.214043, 51.475554 ], [ 0.210787, 51.472279 ], [ 0.208801, 51.471232 ], [ 0.208893, 51.470124 ], [ 0.208999, 51.468857 ] ] ] ] } },
{ "type": "Feature", "properties": { "LGB1911Gre": "1770", "LGB1911G_1": 10108032.0, "LGB1911G_2": "CAMBERWELL", "LGB1911G_3": "P", "LGB1911G_4": "eng", "LGB1911G_5": "LG_DIST", "LGB1911G_6": "MetB", "LGB1911G_7": "ENGLAND", "LGB1911G_8": 1911.0, "LGB1911G_9": "GBHGIS", "LGB1911_10": null, "LGB1911_11": null, "LGB1911_12": null, "1911popGre": 10108032, "1911popG_1": "CAMBERWELL", "1911popG_2": "MetB", "1911popG_3": 261328, "F_AREA": 18006294.844700001 }, "geometry": { "type": "Polygon", "coordinates": [ [ [ -0.054509, 51.487248 ], [ -0.053529, 51.485842 ], [ -0.053162, 51.485063 ], [ -0.052899, 51.4844 ], [ -0.052838, 51.483872 ], [ -0.05294, 51.482973 ], [ -0.052981, 51.482136 ], [ -0.052858, 51.481369 ], [ -0.052718, 51.480561 ], [ -0.052715, 51.48004 ], [ -0.053112, 51.479635 ], [ -0.053629, 51.479157 ], [ -0.054046, 51.478683 ], [ -0.05338, 51.478495 ], [ -0.052583, 51.478176 ], [ -0.051688, 51.477863 ], [ -0.051704, 51.477025 ], [ -0.051796, 51.475914 ], [ -0.052014, 51.474988 ], [ -0.052168, 51.474004 ], [ -0.052273, 51.473184 ], [ -0.052377, 51.472637 ], [ -0.052452, 51.472028 ], [ -0.052319, 51.471168 ], [ -0.052112, 51.470161 ], [ -0.052027, 51.469378 ], [ -0.052489, 51.468892 ], [ -0.051977, 51.468565 ], [ -0.051522, 51.467731 ], [ -0.051691, 51.467096 ], [ -0.050795, 51.466614 ], [ -0.050513, 51.466008 ], [ -0.049663, 51.465809 ], [ -0.048632, 51.465312 ], [ -0.047787, 51.464922 ], [ -0.047076, 51.464606 ], [ -0.046553, 51.464144 ], [ -0.045786, 51.463231 ], [ -0.045561, 51.462818 ], [ -0.045099, 51.46122 ], [ -0.045002, 51.460629 ], [ -0.044913, 51.45995 ], [ -0.045065, 51.459471 ], [ -0.045209, 51.458678 ], [ -0.045508, 51.457814 ], [ -0.045285, 51.456926 ], [ -0.044382, 51.45669 ], [ -0.043683, 51.456244 ], [ -0.04312, 51.455875 ], [ -0.042347, 51.455488 ], [ -0.041807, 51.455138 ], [ -0.041363, 51.454574 ], [ -0.041829, 51.453798 ], [ -0.04223, 51.453393 ], [ -0.042741, 51.453009 ], [ -0.043444, 51.452506 ], [ -0.04399, 51.452071 ], [ -0.044788, 51.451691 ], [ -0.045087, 51.451223 ], [ -0.04552, 51.450798 ], [ -0.046151, 51.45002 ], [ -0.047143, 51.450046 ], [ -0.048054, 51.450147 ], [ -0.048752, 51.450386 ], [ -0.049707, 51.450125 ], [ -0.05082, 51.449696 ], [ -0.052227, 51.449118 ], [ -0.053103, 51.448861 ], [ -0.054036, 51.448773 ], [ -0.0549, 51.449152 ], [ -0.055801, 51.449555 ], [ -0.056435, 51.449844 ], [ -0.057043, 51.450082 ], [ -0.057919, 51.45019 ], [ -0.058378, 51.449832 ], [ -0.058927, 51.449499 ], [ -0.059566, 51.449192 ], [ -0.060249, 51.448783 ], [ -0.060997, 51.448411 ], [ -0.061829, 51.447741 ], [ -0.06216, 51.447257 ], [ -0.062797, 51.446397 ], [ -0.062979, 51.445868 ], [ -0.063214, 51.445222 ], [ -0.063433, 51.444255 ], [ -0.063283, 51.443375 ], [ -0.063318, 51.442858 ], [ -0.063638, 51.442192 ], [ -0.064024, 51.441635 ], [ -0.064124, 51.440907 ], [ -0.063533, 51.440602 ], [ -0.063361, 51.440028 ], [ -0.063142, 51.439247 ], [ -0.06309, 51.438669 ], [ -0.062961, 51.438011 ], [ -0.06354, 51.437148 ], [ -0.063882, 51.43673 ], [ -0.064299, 51.436072 ], [ -0.064807, 51.435556 ], [ -0.06513, 51.435043 ], [ -0.065608, 51.434343 ], [ -0.066208, 51.433886 ], [ -0.067029, 51.433468 ], [ -0.06799, 51.432955 ], [ -0.068644, 51.432729 ], [ -0.069337, 51.432536 ], [ -0.070107, 51.432399 ], [ -0.071459, 51.432354 ], [ -0.072509, 51.432157 ], [ -0.073233, 51.431323 ], [ -0.073852, 51.430786 ], [ -0.074442, 51.430232 ], [ -0.07478, 51.42973 ], [ -0.074753, 51.429219 ], [ -0.074773, 51.428379 ], [ -0.074248, 51.427747 ], [ -0.074037, 51.427315 ], [ -0.073713, 51.426707 ], [ -0.074144, 51.426132 ], [ -0.074794, 51.425371 ], [ -0.075559, 51.424406 ], [ -0.076423, 51.422996 ], [ -0.07672, 51.422261 ], [ -0.077482, 51.421098 ], [ -0.077898, 51.420272 ], [ -0.078719, 51.420321 ], [ -0.079619, 51.420551 ], [ -0.079277, 51.42128 ], [ -0.079914, 51.421816 ], [ -0.080652, 51.421769 ], [ -0.081146, 51.422188 ], [ -0.080998, 51.423237 ], [ -0.082562, 51.422872 ], [ -0.082445, 51.423657 ], [ -0.082594, 51.424664 ], [ -0.083115, 51.425694 ], [ -0.083874, 51.426887 ], [ -0.084517, 51.427474 ], [ -0.085182, 51.427853 ], [ -0.084888, 51.428345 ], [ -0.085692, 51.42875 ], [ -0.086638, 51.428977 ], [ -0.087306, 51.429341 ], [ -0.087838, 51.430136 ], [ -0.088201, 51.431129 ], [ -0.088528, 51.432085 ], [ -0.088924, 51.433159 ], [ -0.089061, 51.434083 ], [ -0.089507, 51.435105 ], [ -0.089497, 51.435794 ], [ -0.089885, 51.436547 ], [ -0.090516, 51.437854 ], [ -0.091097, 51.438768 ], [ -0.091618, 51.439492 ], [ -0.091915, 51.440315 ], [ -0.092432, 51.44116 ], [ -0.092668, 51.441676 ], [ -0.092962, 51.44227 ], [ -0.093424, 51.442711 ], [ -0.093731, 51.443138 ], [ -0.094306, 51.443943 ], [ -0.09454, 51.444695 ], [ -0.09483, 51.44551 ], [ -0.095178, 51.44614 ], [ -0.095629, 51.446526 ], [ -0.096377, 51.447408 ], [ -0.097417, 51.448018 ], [ -0.098181, 51.448547 ], [ -0.098722, 51.44903 ], [ -0.099185, 51.449473 ], [ -0.099597, 51.450017 ], [ -0.100221, 51.450375 ], [ -0.100747, 51.451204 ], [ -0.10107, 51.451888 ], [ -0.101221, 51.452326 ], [ -0.100884, 51.452801 ], [ -0.100821, 51.453249 ], [ -0.100846, 51.453896 ], [ -0.100453, 51.454307 ], [ -0.099886, 51.454644 ], [ -0.098897, 51.455274 ], [ -0.098181, 51.455732 ], [ -0.097601, 51.456029 ], [ -0.096839, 51.456435 ], [ -0.096216, 51.456799 ], [ -0.095659, 51.457359 ], [ -0.095252, 51.457782 ], [ -0.094727, 51.458588 ], [ -0.094068, 51.459228 ], [ -0.093275, 51.460029 ], [ -0.092495, 51.460727 ], [ -0.091815, 51.461315 ], [ -0.09127, 51.461981 ], [ -0.090823, 51.4627 ], [ -0.090498, 51.463348 ], [ -0.090342, 51.46406 ], [ -0.090197, 51.465013 ], [ -0.089944, 51.465722 ], [ -0.090387, 51.466655 ], [ -0.09125, 51.467758 ], [ -0.091777, 51.468599 ], [ -0.092477, 51.469822 ], [ -0.092769, 51.470776 ], [ -0.09309, 51.471469 ], [ -0.093854, 51.470736 ], [ -0.094741, 51.470252 ], [ -0.095341, 51.470003 ], [ -0.097295, 51.470753 ], [ -0.098004, 51.471279 ], [ -0.098635, 51.471791 ], [ -0.099178, 51.472378 ], [ -0.099352, 51.472862 ], [ -0.099831, 51.473723 ], [ -0.100323, 51.474173 ], [ -0.100483, 51.474759 ], [ -0.100383, 51.475353 ], [ -0.100548, 51.476292 ], [ -0.100362, 51.476981 ], [ -0.101053, 51.477249 ], [ -0.101516, 51.477493 ], [ -0.102458, 51.479111 ], [ -0.101174, 51.479452 ], [ -0.100282, 51.480234 ], [ -0.09924, 51.480225 ], [ -0.098242, 51.480273 ], [ -0.096671, 51.480284 ], [ -0.095239, 51.480414 ], [ -0.094334, 51.480831 ], [ -0.094387, 51.481486 ], [ -0.094574, 51.482336 ], [ -0.093421, 51.48245 ], [ -0.091645, 51.482623 ], [ -0.09003, 51.482849 ], [ -0.088738, 51.483092 ], [ -0.087971, 51.483316 ], [ -0.087376, 51.483577 ], [ -0.086674, 51.483844 ], [ -0.085779, 51.484321 ], [ -0.084831, 51.484656 ], [ -0.083768, 51.484933 ], [ -0.082323, 51.485432 ], [ -0.08123, 51.485874 ], [ -0.080456, 51.486118 ], [ -0.079671, 51.485861 ], [ -0.078819, 51.486225 ], [ -0.077499, 51.48704 ], [ -0.076293, 51.487882 ], [ -0.074783, 51.488424 ], [ -0.073302, 51.488325 ], [ -0.071789, 51.488262 ], [ -0.07112, 51.488463 ], [ -0.07024, 51.488256 ], [ -0.068779, 51.48796 ], [ -0.067941, 51.487741 ], [ -0.067093, 51.487374 ], [ -0.065973, 51.487089 ], [ -0.064941, 51.486939 ], [ -0.063666, 51.486639 ], [ -0.062685, 51.486137 ], [ -0.061427, 51.486216 ], [ -0.061089, 51.48667 ], [ -0.060568, 51.487012 ], [ -0.059481, 51.487117 ], [ -0.057215, 51.487173 ], [ -0.055663, 51.487209 ], [ -0.054509, 51.487248 ] ] ] } },
{ "type": "Feature", "properties": { "LGB1911Gre": "1771", "LGB1911G_1": 10061600.0, "LGB1911G_2": "BARNES", "LGB1911G_3": "P", "LGB1911G_4": "eng", "LGB1911G_5": "LG_DIST", "LGB1911G_6": "UD", "LGB1911G_7": "ENGLAND", "LGB1911G_8": 1911.0, "LGB1911G_9": "GBHGIS", "LGB1911_10": null, "LGB1911_11": null, "LGB1911_12": "y", "1911popGre": 10061600, "1911popG_1": "BARNES", "1911popG_2": "UD", "1911popG_3": 0, "F_AREA": 11214537.4626 }, "geometry": { "type": "Polygon", "coordinates": [ [ [ -0.227927, 51.486606 ], [ -0.22751, 51.48619 ], [ -0.227036, 51.485622 ], [ -0.226469, 51.48495 ], [ -0.226092, 51.484216 ], [ -0.225914, 51.483317 ], [ -0.22556, 51.482244 ], [ -0.225435, 51.481346 ], [ -0.22571, 51.480601 ], [ -0.225491, 51.479972 ], [ -0.225308, 51.479132 ], [ -0.225555, 51.478498 ], [ -0.225559, 51.477923 ], [ -0.225342, 51.477384 ], [ -0.225371, 51.476598 ], [ -0.224994, 51.475653 ], [ -0.224452, 51.474717 ], [ -0.22367, 51.473733 ], [ -0.222987, 51.472948 ], [ -0.222121, 51.472196 ], [ -0.222714, 51.471956 ], [ -0.223405, 51.471626 ], [ -0.224059, 51.471334 ], [ -0.224477, 51.470697 ], [ -0.225237, 51.470562 ], [ -0.225767, 51.470277 ], [ -0.227257, 51.470543 ], [ -0.226887, 51.470995 ], [ -0.227325, 51.471355 ], [ -0.228574, 51.471598 ], [ -0.228731, 51.472031 ], [ -0.22988, 51.472274 ], [ -0.230574, 51.472707 ], [ -0.231311, 51.472891 ], [ -0.232445, 51.473041 ], [ -0.2333, 51.472808 ], [ -0.233611, 51.47236 ], [ -0.233768, 51.471383 ], [ -0.234124, 51.470355 ], [ -0.234594, 51.469558 ], [ -0.234723, 51.468908 ], [ -0.234477, 51.468367 ], [ -0.234214, 51.467875 ], [ -0.234979, 51.467497 ], [ -0.235118, 51.466196 ], [ -0.235547, 51.465875 ], [ -0.237063, 51.466268 ], [ -0.239794, 51.466659 ], [ -0.242451, 51.46702 ], [ -0.245044, 51.467603 ], [ -0.247288, 51.467809 ], [ -0.250989, 51.467706 ], [ -0.252448, 51.467736 ], [ -0.253151, 51.46792 ], [ -0.254398, 51.468383 ], [ -0.255458, 51.467928 ], [ -0.256741, 51.466854 ], [ -0.258723, 51.464892 ], [ -0.259659, 51.463148 ], [ -0.258584, 51.462737 ], [ -0.258815, 51.461752 ], [ -0.259435, 51.460029 ], [ -0.259609, 51.4588 ], [ -0.259737, 51.456942 ], [ -0.258596, 51.455233 ], [ -0.257816, 51.454296 ], [ -0.256801, 51.453633 ], [ -0.255556, 51.452957 ], [ -0.254405, 51.452354 ], [ -0.253491, 51.451939 ], [ -0.252926, 51.45155 ], [ -0.252737, 51.450952 ], [ -0.252801, 51.450286 ], [ -0.252716, 51.449136 ], [ -0.252591, 51.447955 ], [ -0.25268, 51.44749 ], [ -0.253018, 51.446775 ], [ -0.253488, 51.445859 ], [ -0.254065, 51.444525 ], [ -0.254538, 51.443721 ], [ -0.255031, 51.443999 ], [ -0.258215, 51.44459 ], [ -0.261174, 51.444966 ], [ -0.264594, 51.444914 ], [ -0.265395, 51.442944 ], [ -0.275469, 51.444914 ], [ -0.283466, 51.448948 ], [ -0.291346, 51.44829 ], [ -0.289059, 51.452604 ], [ -0.28928, 51.454553 ], [ -0.288995, 51.455899 ], [ -0.284163, 51.458257 ], [ -0.279319, 51.471968 ], [ -0.279491, 51.4742 ], [ -0.280073, 51.476042 ], [ -0.28232, 51.477171 ], [ -0.284089, 51.481121 ], [ -0.282484, 51.481413 ], [ -0.281855, 51.481409 ], [ -0.279589, 51.481774 ], [ -0.27939, 51.481601 ], [ -0.277185, 51.47713 ], [ -0.262754, 51.47268 ], [ -0.259829, 51.472762 ], [ -0.259246, 51.47299 ], [ -0.252709, 51.486655 ], [ -0.249753, 51.488891 ], [ -0.247137, 51.490177 ], [ -0.246156, 51.490451 ], [ -0.245786, 51.489985 ], [ -0.245209, 51.489281 ], [ -0.244575, 51.488721 ], [ -0.243889, 51.488243 ], [ -0.243201, 51.488652 ], [ -0.242098, 51.489085 ], [ -0.24089, 51.489504 ], [ -0.239299, 51.489658 ], [ -0.237983, 51.489758 ], [ -0.236467, 51.489665 ], [ -0.23484, 51.489555 ], [ -0.233497, 51.489327 ], [ -0.232691, 51.489289 ], [ -0.23192, 51.488954 ], [ -0.231046, 51.488707 ], [ -0.23048, 51.488289 ], [ -0.229689, 51.48791 ], [ -0.229088, 51.487486 ], [ -0.227927, 51.486606 ] ] ] } },
{ "type": "Feature", "properties": { "LGB1911Gre": "1775", "LGB1911G_1": 10001699.0, "LGB1911G_2": "EAST BARNET VALLEY", "LGB1911G_3": "O", "LGB1911G_4": "eng", "LGB1911G_5": "LG_DIST", "LGB1911G_6": "UD", "LGB1911G_7": "ENGLAND", "LGB1911G_8": 1911.0, "LGB1911G_9": "GBHGIS", "LGB1911_10": null, "LGB1911_11": null, "LGB1911_12": "y", "1911popGre": 10001699, "1911popG_1": "EAST BARNET VALLEY", "1911popG_2": "UD", "1911popG_3": 0, "F_AREA": 10837278.686000001 }, "geometry": { "type": "Polygon", "coordinates": [ [ [ -0.182859, 51.668966 ], [ -0.18349, 51.668482 ], [ -0.184072, 51.667728 ], [ -0.184523, 51.666855 ], [ -0.184894, 51.665508 ], [ -0.185159, 51.664554 ], [ -0.185483, 51.66376 ], [ -0.185716, 51.663001 ], [ -0.184761, 51.662598 ], [ -0.183199, 51.662465 ], [ -0.181078, 51.661979 ], [ -0.178816, 51.661546 ], [ -0.176657, 51.660936 ], [ -0.174379, 51.660405 ], [ -0.171505, 51.659773 ], [ -0.169068, 51.659185 ], [ -0.166628, 51.658724 ], [ -0.164122, 51.65815 ], [ -0.161411, 51.657734 ], [ -0.1605, 51.657201 ], [ -0.159262, 51.656602 ], [ -0.157405, 51.656095 ], [ -0.156062, 51.655886 ], [ -0.154587, 51.655481 ], [ -0.153803, 51.654373 ], [ -0.153346, 51.654362 ], [ -0.153324, 51.654331 ], [ -0.152871, 51.653683 ], [ -0.152672, 51.653 ], [ -0.152176, 51.651742 ], [ -0.151649, 51.650151 ], [ -0.151366, 51.649302 ], [ -0.150768, 51.648181 ], [ -0.150096, 51.646708 ], [ -0.149319, 51.645551 ], [ -0.148337, 51.644013 ], [ -0.14683, 51.642604 ], [ -0.145675, 51.641571 ], [ -0.14551, 51.641441 ], [ -0.144689, 51.640795 ], [ -0.143023, 51.639647 ], [ -0.141934, 51.639004 ], [ -0.140406, 51.637912 ], [ -0.139537, 51.637503 ], [ -0.13795, 51.636576 ], [ -0.137032, 51.636193 ], [ -0.13593, 51.635772 ], [ -0.135125, 51.635132 ], [ -0.133903, 51.634386 ], [ -0.132783, 51.633496 ], [ -0.132266, 51.632773 ], [ -0.130889, 51.632221 ], [ -0.129067, 51.631973 ], [ -0.128489, 51.630772 ], [ -0.128673, 51.630063 ], [ -0.131464, 51.626513 ], [ -0.132485, 51.625783 ], [ -0.132975, 51.625016 ], [ -0.133938, 51.623786 ], [ -0.134995, 51.622496 ], [ -0.135961, 51.621878 ], [ -0.136872, 51.621342 ], [ -0.138755, 51.62059 ], [ -0.14071, 51.620079 ], [ -0.142575, 51.617978 ], [ -0.143641, 51.618708 ], [ -0.144504, 51.619095 ], [ -0.145736, 51.619985 ], [ -0.146952, 51.62057 ], [ -0.148913, 51.621532 ], [ -0.150045, 51.622221 ], [ -0.151123, 51.621725 ], [ -0.152147, 51.622363 ], [ -0.153743, 51.623754 ], [ -0.154791, 51.625319 ], [ -0.157148, 51.627397 ], [ -0.15935, 51.630175 ], [ -0.16074, 51.632598 ], [ -0.161965, 51.634156 ], [ -0.162879, 51.635547 ], [ -0.163744, 51.636625 ], [ -0.165636, 51.638325 ], [ -0.169581, 51.63946 ], [ -0.177034, 51.637646 ], [ -0.178658, 51.637915 ], [ -0.180071, 51.638191 ], [ -0.181204, 51.638337 ], [ -0.181853, 51.640715 ], [ -0.181995, 51.641261 ], [ -0.184346, 51.642457 ], [ -0.186233, 51.643748 ], [ -0.187948, 51.64502 ], [ -0.188994, 51.646192 ], [ -0.189625, 51.646508 ], [ -0.191492, 51.647426 ], [ -0.192508, 51.647824 ], [ -0.19512, 51.649143 ], [ -0.19548, 51.650061 ], [ -0.193282, 51.651601 ], [ -0.194488, 51.652864 ], [ -0.194989, 51.654163 ], [ -0.195121, 51.65463 ], [ -0.195446, 51.655729 ], [ -0.196612, 51.658083 ], [ -0.197781, 51.658573 ], [ -0.199107, 51.658584 ], [ -0.20048, 51.658767 ], [ -0.200271, 51.660234 ], [ -0.200072, 51.661752 ], [ -0.200054, 51.663405 ], [ -0.199584, 51.665128 ], [ -0.199475, 51.665808 ], [ -0.19908, 51.666594 ], [ -0.198076, 51.667272 ], [ -0.196929, 51.666932 ], [ -0.196388, 51.666051 ], [ -0.195495, 51.665399 ], [ -0.189803, 51.6642 ], [ -0.189928, 51.66551 ], [ -0.189236, 51.666688 ], [ -0.188155, 51.667848 ], [ -0.187531, 51.668737 ], [ -0.186012, 51.669292 ], [ -0.182859, 51.668966 ] ] ] } },
{ "type": "Feature", "properties": { "LGB1911Gre": "1777", "LGB1911G_1": 10042082.0, "LGB1911G_2": "BARNET", "LGB1911G_3": "P", "LGB1911G_4": "eng", "LGB1911G_5": "LG_DIST", "LGB1911G_6": "UD", "LGB1911G_7": "ENGLAND", "LGB1911G_8": 1911.0, "LGB1911G_9": "GBHGIS", "LGB1911_10": null, "LGB1911_11": null, "LGB1911_12": "y", "1911popGre": 10042082, "1911popG_1": "BARNET", "1911popG_2": "UD", "1911popG_3": 0, "F_AREA": 6152969.7563500004 }, "geometry": { "type": "Polygon", "coordinates": [ [ [ -0.199584, 51.665128 ], [ -0.200054, 51.663405 ], [ -0.200072, 51.661752 ], [ -0.200271, 51.660234 ], [ -0.20048, 51.658767 ], [ -0.199107, 51.658584 ], [ -0.197781, 51.658573 ], [ -0.196612, 51.658083 ], [ -0.195446, 51.655729 ], [ -0.195121, 51.65463 ], [ -0.194989, 51.654163 ], [ -0.194488, 51.652864 ], [ -0.193282, 51.651601 ], [ -0.19548, 51.650061 ], [ -0.19512, 51.649143 ], [ -0.192508, 51.647824 ], [ -0.191492, 51.647426 ], [ -0.189625, 51.646508 ], [ -0.188994, 51.646192 ], [ -0.187948, 51.64502 ], [ -0.186233, 51.643748 ], [ -0.184346, 51.642457 ], [ -0.181995, 51.641261 ], [ -0.181853, 51.640715 ], [ -0.181204, 51.638337 ], [ -0.182106, 51.638456 ], [ -0.182228, 51.638472 ], [ -0.184177, 51.638774 ], [ -0.18584, 51.638873 ], [ -0.188112, 51.638656 ], [ -0.190036, 51.639306 ], [ -0.191454, 51.640326 ], [ -0.192343, 51.640765 ], [ -0.193453, 51.640745 ], [ -0.194255, 51.641132 ], [ -0.195631, 51.641331 ], [ -0.197545, 51.641688 ], [ -0.198609, 51.641488 ], [ -0.200426, 51.640814 ], [ -0.202069, 51.640676 ], [ -0.203875, 51.640564 ], [ -0.204899, 51.640609 ], [ -0.206385, 51.64095 ], [ -0.208441, 51.640492 ], [ -0.210576, 51.639981 ], [ -0.211889, 51.640334 ], [ -0.213218, 51.640365 ], [ -0.215575, 51.640157 ], [ -0.216905, 51.6394 ], [ -0.218019, 51.63934 ], [ -0.218336, 51.638588 ], [ -0.219998, 51.638017 ], [ -0.221482, 51.637148 ], [ -0.22354, 51.63682 ], [ -0.225938, 51.636326 ], [ -0.227579, 51.636195 ], [ -0.229794, 51.636718 ], [ -0.232141, 51.636545 ], [ -0.234067, 51.63639 ], [ -0.235281, 51.636451 ], [ -0.237263, 51.637088 ], [ -0.23893, 51.638418 ], [ -0.239516, 51.639836 ], [ -0.240471, 51.640417 ], [ -0.241053, 51.640888 ], [ -0.240575, 51.642115 ], [ -0.239689, 51.642999 ], [ -0.238282, 51.644014 ], [ -0.237258, 51.644836 ], [ -0.235833, 51.645295 ], [ -0.234773, 51.645881 ], [ -0.234319, 51.646542 ], [ -0.233861, 51.647261 ], [ -0.231498, 51.647725 ], [ -0.229471, 51.648053 ], [ -0.228279, 51.648577 ], [ -0.227411, 51.64914 ], [ -0.226803, 51.650147 ], [ -0.22565, 51.650819 ], [ -0.224425, 51.65108 ], [ -0.222375, 51.651984 ], [ -0.219097, 51.652606 ], [ -0.218538, 51.653893 ], [ -0.218201, 51.655054 ], [ -0.217641, 51.656033 ], [ -0.216591, 51.657261 ], [ -0.215853, 51.657825 ], [ -0.214152, 51.658857 ], [ -0.21255, 51.659659 ], [ -0.21162, 51.660803 ], [ -0.210592, 51.661394 ], [ -0.208871, 51.662081 ], [ -0.205888, 51.66326 ], [ -0.2045, 51.663699 ], [ -0.203216, 51.664308 ], [ -0.201775, 51.664706 ], [ -0.200739, 51.665097 ], [ -0.199584, 51.665128 ] ] ] } },
{ "type": "Feature", "properties": { "LGB1911Gre": "1779", "LGB1911G_1": 10001821.0, "LGB1911G_2": "STOKE NEWINGTON", "LGB1911G_3": "P", "LGB1911G_4": "eng", "LGB1911G_5": "LG_DIST", "LGB1911G_6": "MetB", "LGB1911G_7": "ENGLAND", "LGB1911G_8": 1911.0, "LGB1911G_9": "GBHGIS", "LGB1911_10": null, "LGB1911_11": null, "LGB1911_12": null, "1911popGre": 10001821, "1911popG_1": "STOKE NEWINGTON", "1911popG_2": "MetB", "1911popG_3": 50659, "F_AREA": 3503800.8037100001 }, "geometry": { "type": "Polygon", "coordinates": [ [ [ -0.083498, 51.575227 ], [ -0.083926, 51.574401 ], [ -0.083793, 51.573869 ], [ -0.083335, 51.57317 ], [ -0.082578, 51.572316 ], [ -0.081968, 51.571549 ], [ -0.081305, 51.571017 ], [ -0.080845, 51.570589 ], [ -0.079775, 51.570799 ], [ -0.078654, 51.57077 ], [ -0.078349, 51.569897 ], [ -0.077843, 51.569156 ], [ -0.076688, 51.568172 ], [ -0.07556, 51.567234 ], [ -0.074787, 51.566544 ], [ -0.073975, 51.566177 ], [ -0.07319, 51.565921 ], [ -0.073245, 51.565152 ], [ -0.073326, 51.564312 ], [ -0.072574, 51.564008 ], [ -0.073142, 51.563134 ], [ -0.073473, 51.562367 ], [ -0.073723, 51.56123 ], [ -0.073979, 51.560388 ], [ -0.073988, 51.559851 ], [ -0.074507, 51.558374 ], [ -0.074646, 51.55715 ], [ -0.074641, 51.556408 ], [ -0.074774, 51.555515 ], [ -0.075122, 51.553872 ], [ -0.075324, 51.552817 ], [ -0.075635, 51.551811 ], [ -0.075595, 51.551091 ], [ -0.076291, 51.550887 ], [ -0.076994, 51.550517 ], [ -0.078096, 51.549738 ], [ -0.078767, 51.550587 ], [ -0.079099, 51.551145 ], [ -0.079676, 51.551653 ], [ -0.0801, 51.552018 ], [ -0.081112, 51.552193 ], [ -0.082153, 51.552237 ], [ -0.082967, 51.552284 ], [ -0.083753, 51.552313 ], [ -0.085359, 51.552213 ], [ -0.086191, 51.552257 ], [ -0.087018, 51.552563 ], [ -0.088231, 51.552839 ], [ -0.088655, 51.553351 ], [ -0.089123, 51.553929 ], [ -0.090017, 51.553747 ], [ -0.090542, 51.554026 ], [ -0.090994, 51.554936 ], [ -0.09072, 51.556053 ], [ -0.090691, 51.55707 ], [ -0.090629, 51.557522 ], [ -0.090695, 51.557969 ], [ -0.091256, 51.55908 ], [ -0.091553, 51.559695 ], [ -0.092153, 51.560248 ], [ -0.093686, 51.560426 ], [ -0.094499, 51.560834 ], [ -0.095447, 51.561007 ], [ -0.09664, 51.561023 ], [ -0.098586, 51.560705 ], [ -0.09984, 51.561679 ], [ -0.101155, 51.562587 ], [ -0.102413, 51.563397 ], [ -0.10321, 51.56403 ], [ -0.104126, 51.564552 ], [ -0.103125, 51.565305 ], [ -0.101937, 51.566008 ], [ -0.100734, 51.566789 ], [ -0.099586, 51.567654 ], [ -0.098717, 51.568504 ], [ -0.097599, 51.569284 ], [ -0.096253, 51.570286 ], [ -0.096155, 51.570842 ], [ -0.096687, 51.571748 ], [ -0.097283, 51.572942 ], [ -0.097797, 51.573895 ], [ -0.098167, 51.575018 ], [ -0.097457, 51.575341 ], [ -0.096641, 51.575578 ], [ -0.096117, 51.574922 ], [ -0.095804, 51.574499 ], [ -0.094642, 51.574359 ], [ -0.093658, 51.574324 ], [ -0.092572, 51.574425 ], [ -0.091236, 51.574606 ], [ -0.089457, 51.575012 ], [ -0.088345, 51.574916 ], [ -0.087415, 51.574958 ], [ -0.086283, 51.575031 ], [ -0.084803, 51.575177 ], [ -0.083498, 51.575227 ] ] ] } },
{ "type": "Feature", "properties": { "LGB1911Gre": "1780", "LGB1911G_1": 10025837.0, "LGB1911G_2": "ISLINGTON", "LGB1911G_3": "P", "LGB1911G_4": "eng", "LGB1911G_5": "LG_DIST", "LGB1911G_6": "MetB", "LGB1911G_7": "ENGLAND", "LGB1911G_8": 1911.0, "LGB1911G_9": "GBHGIS", "LGB1911_10": null, "LGB1911_11": null, "LGB1911_12": null, "1911popGre": 10025837, "1911popG_1": "ISLINGTON", "1911popG_2": "MetB", "1911popG_3": 327403, "F_AREA": 12651562.436000001 }, "geometry": { "type": "Polygon", "coordinates": [ [ [ -0.141988, 51.56956 ], [ -0.140465, 51.569521 ], [ -0.139306, 51.56999 ], [ -0.1383, 51.57056 ], [ -0.136604, 51.571318 ], [ -0.135705, 51.571691 ], [ -0.134196, 51.572419 ], [ -0.133204, 51.573075 ], [ -0.13251, 51.573475 ], [ -0.131422, 51.573722 ], [ -0.130728, 51.573858 ], [ -0.129035, 51.574098 ], [ -0.127561, 51.574279 ], [ -0.126527, 51.574335 ], [ -0.125653, 51.574022 ], [ -0.124492, 51.574313 ], [ -0.123865, 51.574634 ], [ -0.122666, 51.574842 ], [ -0.120854, 51.575221 ], [ -0.119941, 51.575373 ], [ -0.118968, 51.574986 ], [ -0.118103, 51.574587 ], [ -0.117291, 51.574058 ], [ -0.116787, 51.573647 ], [ -0.115954, 51.573025 ], [ -0.115296, 51.572475 ], [ -0.115934, 51.572001 ], [ -0.114418, 51.570739 ], [ -0.113428, 51.569796 ], [ -0.112155, 51.569211 ], [ -0.111002, 51.568683 ], [ -0.109703, 51.567945 ], [ -0.108403, 51.567306 ], [ -0.107413, 51.566576 ], [ -0.106698, 51.565859 ], [ -0.105965, 51.565307 ], [ -0.105157, 51.564861 ], [ -0.104126, 51.564552 ], [ -0.10321, 51.56403 ], [ -0.102413, 51.563397 ], [ -0.101155, 51.562587 ], [ -0.09984, 51.561679 ], [ -0.098586, 51.560705 ], [ -0.09664, 51.561023 ], [ -0.095447, 51.561007 ], [ -0.094499, 51.560834 ], [ -0.093686, 51.560426 ], [ -0.092153, 51.560248 ], [ -0.091553, 51.559695 ], [ -0.091256, 51.55908 ], [ -0.090695, 51.557969 ], [ -0.090629, 51.557522 ], [ -0.090691, 51.55707 ], [ -0.09072, 51.556053 ], [ -0.090994, 51.554936 ], [ -0.090542, 51.554026 ], [ -0.090017, 51.553747 ], [ -0.089123, 51.553929 ], [ -0.088655, 51.553351 ], [ -0.088231, 51.552839 ], [ -0.087018, 51.552563 ], [ -0.086191, 51.552257 ], [ -0.085359, 51.552213 ], [ -0.083753, 51.552313 ], [ -0.082967, 51.552284 ], [ -0.082153, 51.552237 ], [ -0.081112, 51.552193 ], [ -0.0801, 51.552018 ], [ -0.079676, 51.551653 ], [ -0.079099, 51.551145 ], [ -0.078767, 51.550587 ], [ -0.078096, 51.549738 ], [ -0.077359, 51.548509 ], [ -0.077058, 51.547727 ], [ -0.077075, 51.546703 ], [ -0.078008, 51.546596 ], [ -0.079103, 51.546712 ], [ -0.081091, 51.546782 ], [ -0.082634, 51.546824 ], [ -0.083515, 51.54689 ], [ -0.084469, 51.546841 ], [ -0.084528, 51.546349 ], [ -0.084307, 51.545767 ], [ -0.084522, 51.545095 ], [ -0.085232, 51.543105 ], [ -0.086121, 51.540566 ], [ -0.086804, 51.538624 ], [ -0.087142, 51.537308 ], [ -0.087904, 51.537089 ], [ -0.088852, 51.536961 ], [ -0.089465, 51.536103 ], [ -0.090265, 51.536004 ], [ -0.091783, 51.535156 ], [ -0.092162, 51.534326 ], [ -0.093216, 51.533723 ], [ -0.094195, 51.53332 ], [ -0.095286, 51.532812 ], [ -0.096033, 51.532485 ], [ -0.097397, 51.532171 ], [ -0.098781, 51.532108 ], [ -0.098567, 51.53165 ], [ -0.097784, 51.531063 ], [ -0.097328, 51.53031 ], [ -0.097205, 51.529265 ], [ -0.097904, 51.529471 ], [ -0.09906, 51.529666 ], [ -0.100849, 51.530151 ], [ -0.102498, 51.530508 ], [ -0.10522, 51.531103 ], [ -0.105158, 51.531949 ], [ -0.105566, 51.532771 ], [ -0.10611, 51.533543 ], [ -0.106191, 51.534042 ], [ -0.107392, 51.533951 ], [ -0.107995, 51.533558 ], [ -0.108898, 51.533413 ], [ -0.109793, 51.533166 ], [ -0.111138, 51.533103 ], [ -0.113167, 51.533464 ], [ -0.114621, 51.533785 ], [ -0.116903, 51.534229 ], [ -0.117951, 51.534299 ], [ -0.118207, 51.533412 ], [ -0.119354, 51.533234 ], [ -0.119193, 51.53213 ], [ -0.120398, 51.532139 ], [ -0.120131, 51.531038 ], [ -0.121128, 51.530998 ], [ -0.122562, 51.530929 ], [ -0.123351, 51.531242 ], [ -0.123325, 51.53186 ], [ -0.123314, 51.532845 ], [ -0.123188, 51.533768 ], [ -0.123148, 51.534614 ], [ -0.123136, 51.535537 ], [ -0.123158, 51.536403 ], [ -0.12326, 51.53705 ], [ -0.123378, 51.537768 ], [ -0.12361, 51.538424 ], [ -0.124281, 51.539062 ], [ -0.124905, 51.539736 ], [ -0.125589, 51.540454 ], [ -0.125871, 51.541354 ], [ -0.126398, 51.542183 ], [ -0.126483, 51.543161 ], [ -0.126708, 51.544062 ], [ -0.127049, 51.544887 ], [ -0.127208, 51.546046 ], [ -0.127406, 51.546996 ], [ -0.127734, 51.547669 ], [ -0.128477, 51.548111 ], [ -0.129551, 51.548615 ], [ -0.130257, 51.549102 ], [ -0.130821, 51.549866 ], [ -0.131145, 51.55047 ], [ -0.13199, 51.55141 ], [ -0.132734, 51.551808 ], [ -0.133567, 51.552262 ], [ -0.134183, 51.552737 ], [ -0.134827, 51.553246 ], [ -0.135467, 51.553742 ], [ -0.135708, 51.554162 ], [ -0.136669, 51.554661 ], [ -0.137673, 51.555067 ], [ -0.1381, 51.555601 ], [ -0.138747, 51.556577 ], [ -0.139438, 51.557512 ], [ -0.139844, 51.558388 ], [ -0.140946, 51.560151 ], [ -0.140997, 51.560784 ], [ -0.140866, 51.561418 ], [ -0.140601, 51.562138 ], [ -0.140505, 51.562636 ], [ -0.140519, 51.56321 ], [ -0.140446, 51.564075 ], [ -0.140519, 51.564729 ], [ -0.140825, 51.565616 ], [ -0.140974, 51.566311 ], [ -0.141107, 51.567009 ], [ -0.141174, 51.567653 ], [ -0.141351, 51.568184 ], [ -0.141988, 51.56956 ] ] ] } },
{ "type": "Feature", "properties": { "LGB1911Gre": "1783", "LGB1911G_1": 10186330.0, "LGB1911G_2": "DARTFORD", "LGB1911G_3": "P", "LGB1911G_4": "eng", "LGB1911G_5": "LG_DIST", "LGB1911G_6": "UD", "LGB1911G_7": "ENGLAND", "LGB1911G_8": 1911.0, "LGB1911G_9": "GBHGIS", "LGB1911_10": null, "LGB1911_11": null, "LGB1911_12": null, "1911popGre": 10186330, "1911popG_1": "DARTFORD", "1911popG_2": "UD", "1911popG_3": 0, "F_AREA": 17857493.988299999 }, "geometry": { "type": "Polygon", "coordinates": [ [ [ 0.223617, 51.481166 ], [ 0.241485, 51.471182 ], [ 0.240751, 51.469781 ], [ 0.236569, 51.46564 ], [ 0.234924, 51.463345 ], [ 0.23476, 51.46164 ], [ 0.234202, 51.458985 ], [ 0.233288, 51.456637 ], [ 0.233414, 51.453429 ], [ 0.233086, 51.451051 ], [ 0.236749, 51.446602 ], [ 0.237641, 51.444135 ], [ 0.239574, 51.440986 ], [ 0.241686, 51.440381 ], [ 0.244455, 51.439914 ], [ 0.247632, 51.439181 ], [ 0.250444, 51.438627 ], [ 0.253954, 51.438093 ], [ 0.254325, 51.438089 ], [ 0.252105, 51.435656 ], [ 0.247427, 51.434584 ], [ 0.243046, 51.434057 ], [ 0.236529, 51.433498 ], [ 0.232603, 51.432706 ], [ 0.230216, 51.432127 ], [ 0.227948, 51.430938 ], [ 0.226524, 51.43 ], [ 0.224519, 51.431094 ], [ 0.224615, 51.4339 ], [ 0.2229, 51.435309 ], [ 0.218259, 51.435334 ], [ 0.2159, 51.434204 ], [ 0.213425, 51.432382 ], [ 0.209981, 51.432104 ], [ 0.204901, 51.431468 ], [ 0.202968, 51.430565 ], [ 0.200018, 51.429818 ], [ 0.195697, 51.429636 ], [ 0.189565, 51.430835 ], [ 0.187702, 51.432014 ], [ 0.185116, 51.43103 ], [ 0.18243, 51.429788 ], [ 0.180232, 51.427904 ], [ 0.176975, 51.427623 ], [ 0.173626, 51.4274 ], [ 0.171414, 51.426442 ], [ 0.168019, 51.424831 ], [ 0.16681, 51.42334 ], [ 0.164049, 51.422619 ], [ 0.15969, 51.419862 ], [ 0.157174, 51.41529 ], [ 0.15918, 51.414226 ], [ 0.160029, 51.411815 ], [ 0.161334, 51.410556 ], [ 0.159881, 51.408721 ], [ 0.159516, 51.407452 ], [ 0.153003, 51.408306 ], [ 0.152598, 51.408687 ], [ 0.152577, 51.410886 ], [ 0.149668, 51.411294 ], [ 0.150014, 51.413373 ], [ 0.150481, 51.414901 ], [ 0.15046, 51.417129 ], [ 0.150109, 51.419158 ], [ 0.152337, 51.420609 ], [ 0.152244, 51.423445 ], [ 0.152718, 51.426594 ], [ 0.154357, 51.428456 ], [ 0.155014, 51.430127 ], [ 0.15641, 51.430227 ], [ 0.158806, 51.429679 ], [ 0.16044, 51.42859 ], [ 0.163052, 51.427606 ], [ 0.165952, 51.431103 ], [ 0.166031, 51.433504 ], [ 0.166834, 51.435346 ], [ 0.168021, 51.437532 ], [ 0.168954, 51.439084 ], [ 0.170362, 51.440948 ], [ 0.171328, 51.441762 ], [ 0.170787, 51.441772 ], [ 0.171225, 51.442694 ], [ 0.171754, 51.443586 ], [ 0.173823, 51.445043 ], [ 0.173864, 51.445024 ], [ 0.175749, 51.444942 ], [ 0.175812, 51.444939 ], [ 0.177358, 51.443739 ], [ 0.178591, 51.442947 ], [ 0.180127, 51.443338 ], [ 0.181939, 51.443641 ], [ 0.183598, 51.443308 ], [ 0.184605, 51.444861 ], [ 0.184947, 51.445668 ], [ 0.186967, 51.447083 ], [ 0.187496, 51.448102 ], [ 0.190101, 51.448245 ], [ 0.191666, 51.4506 ], [ 0.195377, 51.450528 ], [ 0.198035, 51.450845 ], [ 0.200927, 51.452634 ], [ 0.20296, 51.45371 ], [ 0.204334, 51.455893 ], [ 0.20271, 51.4573 ], [ 0.204703, 51.458579 ], [ 0.205469, 51.460624 ], [ 0.206645, 51.462433 ], [ 0.208295, 51.462093 ], [ 0.208108, 51.464292 ], [ 0.209046, 51.464805 ], [ 0.209842, 51.465173 ], [ 0.20991, 51.466003 ], [ 0.211295, 51.46586 ], [ 0.212617, 51.466233 ], [ 0.212673, 51.467158 ], [ 0.212175, 51.467343 ], [ 0.21098, 51.467517 ], [ 0.211008, 51.46798 ], [ 0.211889, 51.468739 ], [ 0.211664, 51.468832 ], [ 0.21078, 51.468795 ], [ 0.208964, 51.468628 ], [ 0.208999, 51.468857 ], [ 0.208893, 51.470124 ], [ 0.208801, 51.471232 ], [ 0.210787, 51.472279 ], [ 0.214043, 51.475554 ], [ 0.219312, 51.479077 ], [ 0.222696, 51.480426 ], [ 0.223617, 51.481166 ] ] ] } },
{ "type": "Feature", "properties": { "LGB1911Gre": "1785", "LGB1911G_1": 10025618.0, "LGB1911G_2": "RICHMOND", "LGB1911G_3": "P", "LGB1911G_4": "eng", "LGB1911G_5": "LG_DIST", "LGB1911G_6": "MB", "LGB1911G_7": "ENGLAND", "LGB1911G_8": 1911.0, "LGB1911G_9": "GBHGIS", "LGB1911_10": null, "LGB1911_11": null, "LGB1911_12": "y", "1911popGre": 10025618, "1911popG_1": "RICHMOND", "1911popG_2": "MB", "1911popG_3": 33221, "F_AREA": 11333438.819599999 }, "geometry": { "type": "Polygon", "coordinates": [ [ [ -0.279589, 51.481774 ], [ -0.281855, 51.481409 ], [ -0.282484, 51.481413 ], [ -0.284089, 51.481121 ], [ -0.28232, 51.477171 ], [ -0.280073, 51.476042 ], [ -0.279491, 51.4742 ], [ -0.279319, 51.471968 ], [ -0.284163, 51.458257 ], [ -0.288995, 51.455899 ], [ -0.28928, 51.454553 ], [ -0.289059, 51.452604 ], [ -0.291346, 51.44829 ], [ -0.283466, 51.448948 ], [ -0.275469, 51.444914 ], [ -0.276065, 51.444927 ], [ -0.279159, 51.443488 ], [ -0.283391, 51.440499 ], [ -0.288824, 51.43861 ], [ -0.293204, 51.437577 ], [ -0.300812, 51.437585 ], [ -0.309918, 51.438262 ], [ -0.316787, 51.439873 ], [ -0.319746, 51.445968 ], [ -0.313225, 51.447252 ], [ -0.30517, 51.451244 ], [ -0.304487, 51.452589 ], [ -0.304396, 51.453038 ], [ -0.3072, 51.458632 ], [ -0.309119, 51.458657 ], [ -0.310466, 51.459061 ], [ -0.310865, 51.459176 ], [ -0.314617, 51.46022 ], [ -0.317305, 51.460721 ], [ -0.321459, 51.463054 ], [ -0.3223, 51.466095 ], [ -0.319554, 51.466788 ], [ -0.32013, 51.46792 ], [ -0.320629, 51.469513 ], [ -0.320613, 51.469939 ], [ -0.318946, 51.471332 ], [ -0.316502, 51.472485 ], [ -0.31432, 51.473483 ], [ -0.314554, 51.473994 ], [ -0.308053, 51.47923 ], [ -0.306591, 51.480454 ], [ -0.301574, 51.486435 ], [ -0.298324, 51.488294 ], [ -0.294874, 51.489139 ], [ -0.290932, 51.488783 ], [ -0.288434, 51.48799 ], [ -0.285738, 51.486596 ], [ -0.284213, 51.485807 ], [ -0.279589, 51.481774 ] ] ] } },
{ "type": "Feature", "properties": { "LGB1911Gre": "1786", "LGB1911G_1": 10135539.0, "LGB1911G_2": "BATTERSEA", "LGB1911G_3": "P", "LGB1911G_4": "eng", "LGB1911G_5": "LG_DIST", "LGB1911G_6": "MetB", "LGB1911G_7": "ENGLAND", "LGB1911G_8": 1911.0, "LGB1911G_9": "GBHGIS", "LGB1911_10": null, "LGB1911_11": null, "LGB1911_12": null, "1911popGre": 10135539, "1911popG_1": "BATTERSEA", "1911popG_2": "MetB", "1911popG_3": 167743, "F_AREA": 9712938.2002000008 }, "geometry": { "type": "Polygon", "coordinates": [ [ [ -0.129818, 51.485974 ], [ -0.128673, 51.484932 ], [ -0.128509, 51.484148 ], [ -0.129083, 51.483613 ], [ -0.129347, 51.482787 ], [ -0.12909, 51.482324 ], [ -0.128827, 51.481899 ], [ -0.129124, 51.481434 ], [ -0.129694, 51.480614 ], [ -0.130193, 51.479905 ], [ -0.130603, 51.479482 ], [ -0.131045, 51.478847 ], [ -0.131489, 51.478257 ], [ -0.131987, 51.477603 ], [ -0.132956, 51.476339 ], [ -0.133517, 51.475651 ], [ -0.134303, 51.47503 ], [ -0.134796, 51.474375 ], [ -0.135774, 51.473558 ], [ -0.136834, 51.472795 ], [ -0.13757, 51.472155 ], [ -0.13832, 51.471636 ], [ -0.139999, 51.470995 ], [ -0.141005, 51.471064 ], [ -0.141987, 51.470644 ], [ -0.141947, 51.470013 ], [ -0.143135, 51.469533 ], [ -0.144168, 51.469796 ], [ -0.145346, 51.469294 ], [ -0.146943, 51.468657 ], [ -0.149431, 51.467701 ], [ -0.151682, 51.466867 ], [ -0.151566, 51.465577 ], [ -0.152415, 51.46549 ], [ -0.152329, 51.46485 ], [ -0.152082, 51.463941 ], [ -0.152058, 51.46307 ], [ -0.151862, 51.462143 ], [ -0.151467, 51.461301 ], [ -0.15074, 51.460327 ], [ -0.15065, 51.459426 ], [ -0.150535, 51.458567 ], [ -0.150358, 51.457882 ], [ -0.14986, 51.457256 ], [ -0.149562, 51.456692 ], [ -0.149336, 51.455781 ], [ -0.149355, 51.454923 ], [ -0.14929, 51.453795 ], [ -0.149007, 51.452513 ], [ -0.150323, 51.452439 ], [ -0.151993, 51.452393 ], [ -0.152747, 51.452313 ], [ -0.153835, 51.452145 ], [ -0.15449, 51.451829 ], [ -0.155057, 51.451509 ], [ -0.155324, 51.4511 ], [ -0.156615, 51.450536 ], [ -0.157981, 51.450247 ], [ -0.158942, 51.450016 ], [ -0.16018, 51.449664 ], [ -0.161425, 51.449406 ], [ -0.162199, 51.449202 ], [ -0.165377, 51.448019 ], [ -0.162674, 51.445321 ], [ -0.162163, 51.44477 ], [ -0.161805, 51.444227 ], [ -0.161576, 51.44368 ], [ -0.16183, 51.443253 ], [ -0.161307, 51.442597 ], [ -0.160995, 51.44159 ], [ -0.162145, 51.441147 ], [ -0.163501, 51.44104 ], [ -0.163578, 51.439471 ], [ -0.164885, 51.439426 ], [ -0.166249, 51.443389 ], [ -0.167444, 51.442923 ], [ -0.168615, 51.443792 ], [ -0.168969, 51.444349 ], [ -0.169395, 51.445003 ], [ -0.170342, 51.446689 ], [ -0.170823, 51.447682 ], [ -0.171318, 51.44862 ], [ -0.172173, 51.449379 ], [ -0.172712, 51.449893 ], [ -0.173181, 51.450642 ], [ -0.173421, 51.45118 ], [ -0.171735, 51.451501 ], [ -0.172264, 51.452054 ], [ -0.173353, 51.453158 ], [ -0.174133, 51.454116 ], [ -0.175131, 51.454077 ], [ -0.176282, 51.454377 ], [ -0.177333, 51.455115 ], [ -0.176763, 51.456662 ], [ -0.177834, 51.457929 ], [ -0.182067, 51.457652 ], [ -0.182706, 51.459211 ], [ -0.183513, 51.46047 ], [ -0.184598, 51.461407 ], [ -0.186041, 51.462913 ], [ -0.184551, 51.463572 ], [ -0.187009, 51.465725 ], [ -0.18591, 51.466352 ], [ -0.184479, 51.467576 ], [ -0.182907, 51.469191 ], [ -0.181701, 51.470399 ], [ -0.180815, 51.47149 ], [ -0.179824, 51.472382 ], [ -0.179321, 51.473171 ], [ -0.179004, 51.473935 ], [ -0.178344, 51.474986 ], [ -0.177945, 51.47574 ], [ -0.177557, 51.476649 ], [ -0.177044, 51.47754 ], [ -0.176464, 51.478057 ], [ -0.176247, 51.478557 ], [ -0.175517, 51.479075 ], [ -0.175028, 51.479521 ], [ -0.174328, 51.479988 ], [ -0.173308, 51.480547 ], [ -0.171764, 51.481113 ], [ -0.170738, 51.481433 ], [ -0.168879, 51.481922 ], [ -0.166431, 51.482369 ], [ -0.164838, 51.482509 ], [ -0.162604, 51.48289 ], [ -0.161279, 51.483005 ], [ -0.160202, 51.483069 ], [ -0.15939, 51.483208 ], [ -0.157922, 51.483355 ], [ -0.157216, 51.483469 ], [ -0.155779, 51.483547 ], [ -0.154752, 51.48374 ], [ -0.153476, 51.48399 ], [ -0.152368, 51.484252 ], [ -0.150863, 51.484548 ], [ -0.149586, 51.484732 ], [ -0.148121, 51.484755 ], [ -0.146945, 51.484675 ], [ -0.145505, 51.484548 ], [ -0.143497, 51.484321 ], [ -0.141261, 51.484035 ], [ -0.139776, 51.483906 ], [ -0.13805, 51.483927 ], [ -0.136374, 51.484161 ], [ -0.134932, 51.484358 ], [ -0.132989, 51.48473 ], [ -0.13177, 51.485167 ], [ -0.130597, 51.485619 ], [ -0.129818, 51.485974 ] ] ] } },
{ "type": "Feature", "properties": { "LGB1911Gre": "1795", "LGB1911G_1": 10081490.0, "LGB1911G_2": "SOUTHGATE", "LGB1911G_3": "P", "LGB1911G_4": "eng", "LGB1911G_5": "LG_DIST", "LGB1911G_6": "UD", "LGB1911G_7": "ENGLAND", "LGB1911G_8": 1911.0, "LGB1911G_9": "GBHGIS", "LGB1911_10": null, "LGB1911_11": null, "LGB1911_12": "y", "1911popGre": 10081490, "1911popG_1": "SOUTHGATE", "1911popG_2": "UD", "1911popG_3": 0, "F_AREA": 14578023.0298 }, "geometry": { "type": "Polygon", "coordinates": [ [ [ -0.088267, 51.645049 ], [ -0.088216, 51.644955 ], [ -0.088006, 51.644399 ], [ -0.08789, 51.643815 ], [ -0.088165, 51.642817 ], [ -0.088476, 51.641327 ], [ -0.088951, 51.640365 ], [ -0.089898, 51.639327 ], [ -0.091081, 51.638991 ], [ -0.092224, 51.638466 ], [ -0.092252, 51.63776 ], [ -0.091439, 51.637151 ], [ -0.091802, 51.636215 ], [ -0.092461, 51.636006 ], [ -0.092851, 51.635561 ], [ -0.091753, 51.635099 ], [ -0.090736, 51.634967 ], [ -0.090066, 51.634237 ], [ -0.089856, 51.633664 ], [ -0.089763, 51.632515 ], [ -0.090251, 51.631948 ], [ -0.091154, 51.631456 ], [ -0.091803, 51.630337 ], [ -0.091412, 51.629642 ], [ -0.090923, 51.629094 ], [ -0.090662, 51.628639 ], [ -0.091854, 51.626727 ], [ -0.091721, 51.625384 ], [ -0.092134, 51.623209 ], [ -0.092822, 51.621104 ], [ -0.093983, 51.621153 ], [ -0.095231, 51.621326 ], [ -0.096359, 51.621015 ], [ -0.097132, 51.620304 ], [ -0.097653, 51.618888 ], [ -0.099864, 51.617066 ], [ -0.099611, 51.616415 ], [ -0.098612, 51.615811 ], [ -0.09742, 51.615389 ], [ -0.096271, 51.615061 ], [ -0.096301, 51.61429 ], [ -0.09643, 51.613395 ], [ -0.096395, 51.611856 ], [ -0.096512, 51.611241 ], [ -0.096496, 51.610571 ], [ -0.096489, 51.610286 ], [ -0.097585, 51.610005 ], [ -0.099049, 51.609577 ], [ -0.100182, 51.609211 ], [ -0.102153, 51.608998 ], [ -0.105005, 51.608833 ], [ -0.107798, 51.608566 ], [ -0.111364, 51.6083 ], [ -0.11543, 51.608328 ], [ -0.118979, 51.608475 ], [ -0.123066, 51.608726 ], [ -0.126177, 51.609113 ], [ -0.129146, 51.609667 ], [ -0.132106, 51.610402 ], [ -0.134065, 51.610895 ], [ -0.134185, 51.610908 ], [ -0.135677, 51.611079 ], [ -0.138057, 51.610914 ], [ -0.139005, 51.610552 ], [ -0.139915, 51.610681 ], [ -0.143441, 51.611157 ], [ -0.143422, 51.615015 ], [ -0.143216, 51.61694 ], [ -0.142564, 51.617567 ], [ -0.142326, 51.617801 ], [ -0.142575, 51.617978 ], [ -0.14071, 51.620079 ], [ -0.138755, 51.62059 ], [ -0.136872, 51.621342 ], [ -0.135961, 51.621878 ], [ -0.134995, 51.622496 ], [ -0.133938, 51.623786 ], [ -0.132975, 51.625016 ], [ -0.132485, 51.625783 ], [ -0.131464, 51.626513 ], [ -0.128673, 51.630063 ], [ -0.128489, 51.630772 ], [ -0.129067, 51.631973 ], [ -0.130889, 51.632221 ], [ -0.132266, 51.632773 ], [ -0.132783, 51.633496 ], [ -0.133903, 51.634386 ], [ -0.135125, 51.635132 ], [ -0.13593, 51.635772 ], [ -0.137032, 51.636193 ], [ -0.13795, 51.636576 ], [ -0.139537, 51.637503 ], [ -0.140406, 51.637912 ], [ -0.141934, 51.639004 ], [ -0.143023, 51.639647 ], [ -0.144689, 51.640795 ], [ -0.14551, 51.641441 ], [ -0.144043, 51.642374 ], [ -0.143339, 51.643464 ], [ -0.142662, 51.644139 ], [ -0.142683, 51.644773 ], [ -0.14365, 51.646257 ], [ -0.144832, 51.648176 ], [ -0.145474, 51.649639 ], [ -0.146256, 51.651055 ], [ -0.146823, 51.65205 ], [ -0.147308, 51.652772 ], [ -0.148139, 51.654139 ], [ -0.148667, 51.654932 ], [ -0.149011, 51.655614 ], [ -0.149143, 51.65588 ], [ -0.144479, 51.657327 ], [ -0.143352, 51.657582 ], [ -0.14072, 51.658257 ], [ -0.138985, 51.658602 ], [ -0.136836, 51.658828 ], [ -0.132982, 51.659798 ], [ -0.131102, 51.660263 ], [ -0.128851, 51.66071 ], [ -0.127581, 51.661039 ], [ -0.127481, 51.660016 ], [ -0.127411, 51.659421 ], [ -0.127281, 51.657991 ], [ -0.127029, 51.657284 ], [ -0.126662, 51.65598 ], [ -0.126476, 51.654764 ], [ -0.126281, 51.653794 ], [ -0.126973, 51.65277 ], [ -0.129247, 51.65173 ], [ -0.13034, 51.651125 ], [ -0.128512, 51.650293 ], [ -0.126966, 51.649378 ], [ -0.126248, 51.648676 ], [ -0.126089, 51.647977 ], [ -0.125791, 51.647271 ], [ -0.12475, 51.64653 ], [ -0.123778, 51.646407 ], [ -0.121808, 51.646813 ], [ -0.12073, 51.647017 ], [ -0.119744, 51.647248 ], [ -0.118614, 51.647591 ], [ -0.117531, 51.647916 ], [ -0.116546, 51.64811 ], [ -0.114942, 51.648679 ], [ -0.114683, 51.648172 ], [ -0.114518, 51.647635 ], [ -0.114127, 51.646923 ], [ -0.113591, 51.646359 ], [ -0.112998, 51.646061 ], [ -0.111876, 51.646179 ], [ -0.111658, 51.646459 ], [ -0.111337, 51.64687 ], [ -0.112134, 51.647914 ], [ -0.111316, 51.648591 ], [ -0.110974, 51.649011 ], [ -0.111033, 51.649888 ], [ -0.11072, 51.650737 ], [ -0.111786, 51.65317 ], [ -0.112508, 51.653755 ], [ -0.113232, 51.654286 ], [ -0.114132, 51.655041 ], [ -0.11349, 51.655737 ], [ -0.112543, 51.655839 ], [ -0.110936, 51.654289 ], [ -0.107816, 51.652008 ], [ -0.108518, 51.651065 ], [ -0.108827, 51.650367 ], [ -0.109041, 51.649636 ], [ -0.109211, 51.648881 ], [ -0.109811, 51.646634 ], [ -0.109707, 51.645679 ], [ -0.109675, 51.645377 ], [ -0.109046, 51.644809 ], [ -0.101075, 51.641678 ], [ -0.100335, 51.641555 ], [ -0.098073, 51.642305 ], [ -0.097019, 51.641898 ], [ -0.096147, 51.641577 ], [ -0.088333, 51.645167 ], [ -0.088267, 51.645049 ] ] ] } },
{ "type": "Feature", "properties": { "LGB1911Gre": "1798", "LGB1911G_1": 10173267.0, "LGB1911G_2": "ST PANCRAS", "LGB1911G_3": "P", "LGB1911G_4": "eng", "LGB1911G_5": "LG_DIST", "LGB1911G_6": "MetB", "LGB1911G_7": "ENGLAND", "LGB1911G_8": 1911.0, "LGB1911G_9": "GBHGIS", "LGB1911_10": null, "LGB1911_11": null, "LGB1911_12": null, "1911popGre": 10173267, "1911popG_1": "ST PANCRAS", "1911popG_2": "MetB", "1911popG_3": 218387, "F_AREA": 10889080.8335 }, "geometry": { "type": "Polygon", "coordinates": [ [ [ -0.173049, 51.571707 ], [ -0.170015, 51.571712 ], [ -0.169101, 51.571847 ], [ -0.167843, 51.57208 ], [ -0.166367, 51.572467 ], [ -0.165439, 51.572538 ], [ -0.165182, 51.572368 ], [ -0.163602, 51.572332 ], [ -0.161025, 51.572444 ], [ -0.159049, 51.57239 ], [ -0.156368, 51.572043 ], [ -0.153968, 51.571859 ], [ -0.15094, 51.571743 ], [ -0.149108, 51.571646 ], [ -0.145308, 51.570563 ], [ -0.143729, 51.570196 ], [ -0.142834, 51.569877 ], [ -0.141988, 51.56956 ], [ -0.141351, 51.568184 ], [ -0.141174, 51.567653 ], [ -0.141107, 51.567009 ], [ -0.140974, 51.566311 ], [ -0.140825, 51.565616 ], [ -0.140519, 51.564729 ], [ -0.140446, 51.564075 ], [ -0.140519, 51.56321 ], [ -0.140505, 51.562636 ], [ -0.140601, 51.562138 ], [ -0.140866, 51.561418 ], [ -0.140997, 51.560784 ], [ -0.140946, 51.560151 ], [ -0.139844, 51.558388 ], [ -0.139438, 51.557512 ], [ -0.138747, 51.556577 ], [ -0.1381, 51.555601 ], [ -0.137673, 51.555067 ], [ -0.136669, 51.554661 ], [ -0.135708, 51.554162 ], [ -0.135467, 51.553742 ], [ -0.134827, 51.553246 ], [ -0.134183, 51.552737 ], [ -0.133567, 51.552262 ], [ -0.132734, 51.551808 ], [ -0.13199, 51.55141 ], [ -0.131145, 51.55047 ], [ -0.130821, 51.549866 ], [ -0.130257, 51.549102 ], [ -0.129551, 51.548615 ], [ -0.128477, 51.548111 ], [ -0.127734, 51.547669 ], [ -0.127406, 51.546996 ], [ -0.127208, 51.546046 ], [ -0.127049, 51.544887 ], [ -0.126708, 51.544062 ], [ -0.126483, 51.543161 ], [ -0.126398, 51.542183 ], [ -0.125871, 51.541354 ], [ -0.125589, 51.540454 ], [ -0.124905, 51.539736 ], [ -0.124281, 51.539062 ], [ -0.12361, 51.538424 ], [ -0.123378, 51.537768 ], [ -0.12326, 51.53705 ], [ -0.123158, 51.536403 ], [ -0.123136, 51.535537 ], [ -0.123148, 51.534614 ], [ -0.123188, 51.533768 ], [ -0.123314, 51.532845 ], [ -0.123325, 51.53186 ], [ -0.123351, 51.531242 ], [ -0.122562, 51.530929 ], [ -0.121128, 51.530998 ], [ -0.120131, 51.531038 ], [ -0.119248, 51.530749 ], [ -0.118046, 51.530422 ], [ -0.117353, 51.530198 ], [ -0.116681, 51.52987 ], [ -0.116545, 51.529328 ], [ -0.116418, 51.528152 ], [ -0.11548, 51.527421 ], [ -0.114716, 51.526966 ], [ -0.113671, 51.526438 ], [ -0.114351, 51.526091 ], [ -0.114963, 51.52556 ], [ -0.114158, 51.524441 ], [ -0.11353, 51.524073 ], [ -0.11286, 51.523724 ], [ -0.113493, 51.523173 ], [ -0.114787, 51.52279 ], [ -0.115903, 51.522986 ], [ -0.116929, 51.523011 ], [ -0.118146, 51.523732 ], [ -0.119766, 51.523808 ], [ -0.121701, 51.523389 ], [ -0.123263, 51.523058 ], [ -0.125106, 51.522581 ], [ -0.12587, 51.522709 ], [ -0.126362, 51.523092 ], [ -0.125373, 51.523326 ], [ -0.124439, 51.523501 ], [ -0.125075, 51.52465 ], [ -0.125826, 51.524521 ], [ -0.126392, 51.525491 ], [ -0.127462, 51.525424 ], [ -0.128906, 51.524884 ], [ -0.130638, 51.524093 ], [ -0.131786, 51.523765 ], [ -0.132257, 51.523187 ], [ -0.133415, 51.52279 ], [ -0.134592, 51.52222 ], [ -0.135724, 51.521858 ], [ -0.136214, 51.521587 ], [ -0.135625, 51.520969 ], [ -0.134543, 51.520056 ], [ -0.133636, 51.519204 ], [ -0.132425, 51.518066 ], [ -0.131606, 51.517241 ], [ -0.132061, 51.517139 ], [ -0.132635, 51.516975 ], [ -0.133359, 51.516809 ], [ -0.13325, 51.517274 ], [ -0.13377, 51.517467 ], [ -0.134362, 51.517858 ], [ -0.134847, 51.517715 ], [ -0.135318, 51.518008 ], [ -0.135109, 51.518108 ], [ -0.135435, 51.518458 ], [ -0.136129, 51.519083 ], [ -0.136682, 51.518832 ], [ -0.137216, 51.519343 ], [ -0.137865, 51.519001 ], [ -0.138132, 51.519203 ], [ -0.138589, 51.519595 ], [ -0.139287, 51.520146 ], [ -0.139688, 51.520572 ], [ -0.140539, 51.521115 ], [ -0.141912, 51.52231 ], [ -0.143149, 51.523338 ], [ -0.143969, 51.524022 ], [ -0.144583, 51.524031 ], [ -0.144373, 51.524811 ], [ -0.145096, 51.524926 ], [ -0.145305, 51.524208 ], [ -0.146271, 51.524116 ], [ -0.146942, 51.525378 ], [ -0.14824, 51.525183 ], [ -0.148378, 51.525664 ], [ -0.148925, 51.526692 ], [ -0.149505, 51.528054 ], [ -0.150084, 51.529257 ], [ -0.15052, 51.530297 ], [ -0.150878, 51.53106 ], [ -0.151219, 51.531913 ], [ -0.151544, 51.532852 ], [ -0.151901, 51.533758 ], [ -0.152389, 51.534815 ], [ -0.152836, 51.535593 ], [ -0.153254, 51.536711 ], [ -0.153497, 51.537428 ], [ -0.154044, 51.537333 ], [ -0.15498, 51.537286 ], [ -0.156679, 51.537084 ], [ -0.158477, 51.536651 ], [ -0.159942, 51.536293 ], [ -0.160897, 51.537266 ], [ -0.161265, 51.53773 ], [ -0.161834, 51.538554 ], [ -0.161058, 51.539474 ], [ -0.160246, 51.54024 ], [ -0.15923, 51.541175 ], [ -0.158217, 51.541922 ], [ -0.157804, 51.542363 ], [ -0.157233, 51.54274 ], [ -0.156173, 51.542631 ], [ -0.155468, 51.543003 ], [ -0.154646, 51.543199 ], [ -0.153562, 51.543458 ], [ -0.154261, 51.544183 ], [ -0.155393, 51.544905 ], [ -0.156071, 51.545428 ], [ -0.156199, 51.545964 ], [ -0.156957, 51.546442 ], [ -0.157763, 51.546784 ], [ -0.157871, 51.547838 ], [ -0.157669, 51.548432 ], [ -0.15783, 51.548928 ], [ -0.157518, 51.549911 ], [ -0.15753, 51.550537 ], [ -0.157754, 51.55097 ], [ -0.158138, 51.551364 ], [ -0.158067, 51.552615 ], [ -0.158208, 51.553809 ], [ -0.158554, 51.555247 ], [ -0.158855, 51.556327 ], [ -0.15923, 51.55727 ], [ -0.159694, 51.557897 ], [ -0.160385, 51.558576 ], [ -0.160806, 51.559069 ], [ -0.161642, 51.559132 ], [ -0.161992, 51.559694 ], [ -0.162318, 51.560212 ], [ -0.162524, 51.560813 ], [ -0.163351, 51.561151 ], [ -0.163733, 51.561975 ], [ -0.164612, 51.562733 ], [ -0.165316, 51.563093 ], [ -0.165834, 51.563474 ], [ -0.167112, 51.563881 ], [ -0.168518, 51.564512 ], [ -0.169426, 51.565028 ], [ -0.170364, 51.565837 ], [ -0.171144, 51.566241 ], [ -0.171807, 51.566602 ], [ -0.172482, 51.567145 ], [ -0.172824, 51.568151 ], [ -0.172995, 51.56896 ], [ -0.173187, 51.570039 ], [ -0.173149, 51.570585 ], [ -0.173044, 51.571369 ], [ -0.173049, 51.571707 ] ] ] } },
{ "type": "Feature", "properties": { "LGB1911Gre": "1799", "LGB1911G_1": 10213344.0, "LGB1911G_2": "WILLESDEN", "LGB1911G_3": "P", "LGB1911G_4": "eng", "LGB1911G_5": "LG_DIST", "LGB1911G_6": "UD", "LGB1911G_7": "ENGLAND", "LGB1911G_8": 1911.0, "LGB1911G_9": "GBHGIS", "LGB1911_10": null, "LGB1911_11": null, "LGB1911_12": "y", "1911popGre": 10213344, "1911popG_1": "WILLESDEN", "1911popG_2": "UD", "1911popG_3": 0, "F_AREA": 18110340.626499999 }, "geometry": { "type": "Polygon", "coordinates": [ [ [ -0.267022, 51.55913 ], [ -0.262889, 51.562577 ], [ -0.263441, 51.56388 ], [ -0.261762, 51.564672 ], [ -0.259558, 51.565575 ], [ -0.259502, 51.566814 ], [ -0.258441, 51.567382 ], [ -0.254214, 51.568182 ], [ -0.252943, 51.568172 ], [ -0.251738, 51.568795 ], [ -0.250971, 51.569106 ], [ -0.250545, 51.56916 ], [ -0.247649, 51.569739 ], [ -0.247482, 51.570342 ], [ -0.24712, 51.572267 ], [ -0.246325, 51.572173 ], [ -0.244351, 51.572211 ], [ -0.243294, 51.572833 ], [ -0.242304, 51.572966 ], [ -0.241423, 51.572726 ], [ -0.239986, 51.572336 ], [ -0.238384, 51.572633 ], [ -0.236598, 51.572898 ], [ -0.234953, 51.571927 ], [ -0.233771, 51.571105 ], [ -0.232237, 51.56973 ], [ -0.229295, 51.567468 ], [ -0.227482, 51.566229 ], [ -0.224893, 51.564714 ], [ -0.223324, 51.5633 ], [ -0.222542, 51.561958 ], [ -0.221429, 51.56081 ], [ -0.217435, 51.557721 ], [ -0.216908, 51.557045 ], [ -0.216067, 51.556129 ], [ -0.215309, 51.555476 ], [ -0.214541, 51.555053 ], [ -0.214413, 51.55479 ], [ -0.212724, 51.553281 ], [ -0.211027, 51.551918 ], [ -0.209686, 51.550911 ], [ -0.20574, 51.547776 ], [ -0.199619, 51.543988 ], [ -0.194972, 51.540368 ], [ -0.192933, 51.538429 ], [ -0.191575, 51.537215 ], [ -0.190313, 51.536014 ], [ -0.189706, 51.535606 ], [ -0.191457, 51.534526 ], [ -0.191631, 51.533579 ], [ -0.191856, 51.532985 ], [ -0.192587, 51.53186 ], [ -0.193899, 51.530256 ], [ -0.195395, 51.528569 ], [ -0.195964, 51.527905 ], [ -0.196774, 51.527967 ], [ -0.197544, 51.52853 ], [ -0.197456, 51.529182 ], [ -0.197499, 51.530134 ], [ -0.197899, 51.530614 ], [ -0.1986, 51.531125 ], [ -0.199863, 51.531646 ], [ -0.200378, 51.532066 ], [ -0.200996, 51.532593 ], [ -0.202214, 51.533046 ], [ -0.203334, 51.533121 ], [ -0.204719, 51.533111 ], [ -0.205619, 51.533084 ], [ -0.206816, 51.533042 ], [ -0.207661, 51.532795 ], [ -0.208434, 51.532606 ], [ -0.209492, 51.532278 ], [ -0.210471, 51.531958 ], [ -0.211581, 51.53182 ], [ -0.212646, 51.531589 ], [ -0.213617, 51.531472 ], [ -0.215106, 51.531033 ], [ -0.215036, 51.530208 ], [ -0.215614, 51.529354 ], [ -0.215901, 51.528333 ], [ -0.216998, 51.528099 ], [ -0.218248, 51.528325 ], [ -0.219897, 51.528531 ], [ -0.221916, 51.528885 ], [ -0.223031, 51.529202 ], [ -0.22437, 51.52961 ], [ -0.225712, 51.529783 ], [ -0.226774, 51.529752 ], [ -0.227619, 51.529724 ], [ -0.22913, 51.530074 ], [ -0.230432, 51.530382 ], [ -0.231843, 51.530867 ], [ -0.232652, 51.531228 ], [ -0.233949, 51.531699 ], [ -0.23597, 51.532193 ], [ -0.236952, 51.532008 ], [ -0.238445, 51.531717 ], [ -0.240101, 51.531638 ], [ -0.24158, 51.53156 ], [ -0.242858, 51.531495 ], [ -0.243957, 51.531469 ], [ -0.245056, 51.531583 ], [ -0.245801, 51.531801 ], [ -0.246679, 51.532131 ], [ -0.247719, 51.532186 ], [ -0.246618, 51.532523 ], [ -0.247622, 51.533121 ], [ -0.248995, 51.533898 ], [ -0.250008, 51.53429 ], [ -0.251032, 51.53442 ], [ -0.253789, 51.534457 ], [ -0.256131, 51.534284 ], [ -0.258242, 51.534021 ], [ -0.260727, 51.533675 ], [ -0.262231, 51.533287 ], [ -0.263648, 51.532609 ], [ -0.264878, 51.531842 ], [ -0.26644, 51.53079 ], [ -0.268738, 51.529864 ], [ -0.270324, 51.529567 ], [ -0.272414, 51.529334 ], [ -0.274277, 51.528924 ], [ -0.277909, 51.527988 ], [ -0.27995, 51.527989 ], [ -0.281376, 51.528648 ], [ -0.282106, 51.529267 ], [ -0.282375, 51.529735 ], [ -0.282813, 51.530901 ], [ -0.282791, 51.531827 ], [ -0.282579, 51.532924 ], [ -0.281175, 51.53325 ], [ -0.279603, 51.532907 ], [ -0.277622, 51.532416 ], [ -0.275427, 51.533227 ], [ -0.27436, 51.533358 ], [ -0.272748, 51.533048 ], [ -0.2708, 51.533138 ], [ -0.269778, 51.533182 ], [ -0.270164, 51.534491 ], [ -0.271054, 51.53598 ], [ -0.271858, 51.537119 ], [ -0.272836, 51.53852 ], [ -0.273319, 51.539423 ], [ -0.273983, 51.540357 ], [ -0.275553, 51.541791 ], [ -0.275731, 51.541996 ], [ -0.274933, 51.542382 ], [ -0.27024, 51.544648 ], [ -0.270733, 51.545175 ], [ -0.273695, 51.546365 ], [ -0.273925, 51.547002 ], [ -0.274198, 51.547757 ], [ -0.270659, 51.548583 ], [ -0.27016, 51.549558 ], [ -0.270128, 51.550395 ], [ -0.270798, 51.551097 ], [ -0.267586, 51.552298 ], [ -0.267275, 51.553074 ], [ -0.266175, 51.553697 ], [ -0.268246, 51.554442 ], [ -0.268362, 51.55502 ], [ -0.268243, 51.555653 ], [ -0.268123, 51.556316 ], [ -0.269081, 51.556789 ], [ -0.270017, 51.557781 ], [ -0.269579, 51.558237 ], [ -0.269001, 51.558691 ], [ -0.268146, 51.559056 ], [ -0.267162, 51.559131 ], [ -0.267022, 51.55913 ] ] ] } },
{ "type": "Feature", "properties": { "LGB1911Gre": "1804", "LGB1911G_1": 10107970.0, "LGB1911G_2": "BEXLEY", "LGB1911G_3": "P", "LGB1911G_4": "eng", "LGB1911G_5": "LG_DIST", "LGB1911G_6": "UD", "LGB1911G_7": "ENGLAND", "LGB1911G_8": 1911.0, "LGB1911G_9": "GBHGIS", "LGB1911_10": null, "LGB1911_11": null, "LGB1911_12": "y", "1911popGre": 10107970, "1911popG_1": "BEXLEY", "1911popG_2": "UD", "1911popG_3": 0, "F_AREA": 19339740.5757 }, "geometry": { "type": "MultiPolygon", "coordinates": [ [ [ [ 0.101292, 51.414452 ], [ 0.101857, 51.413174 ], [ 0.10158, 51.413261 ], [ 0.099044, 51.413751 ], [ 0.098441, 51.413758 ], [ 0.098887, 51.414653 ], [ 0.101292, 51.414452 ] ] ], [ [ [ 0.121766, 51.477058 ], [ 0.12235, 51.476785 ], [ 0.123152, 51.476865 ], [ 0.123402, 51.475418 ], [ 0.124307, 51.474225 ], [ 0.125608, 51.47308 ], [ 0.125856, 51.472976 ], [ 0.125899, 51.472957 ], [ 0.126979, 51.472569 ], [ 0.129789, 51.471847 ], [ 0.131082, 51.471525 ], [ 0.132701, 51.470935 ], [ 0.135, 51.470472 ], [ 0.135798, 51.470669 ], [ 0.136457, 51.470854 ], [ 0.137421, 51.470787 ], [ 0.138481, 51.470442 ], [ 0.139173, 51.470092 ], [ 0.140927, 51.469411 ], [ 0.141801, 51.469359 ], [ 0.143004, 51.469401 ], [ 0.144084, 51.469663 ], [ 0.144419, 51.469827 ], [ 0.144893, 51.470003 ], [ 0.144969, 51.470088 ], [ 0.148421, 51.470026 ], [ 0.149767, 51.469851 ], [ 0.152551, 51.46979 ], [ 0.155466, 51.469439 ], [ 0.156487, 51.469428 ], [ 0.156602, 51.468674 ], [ 0.156919, 51.466993 ], [ 0.156384, 51.464858 ], [ 0.155315, 51.463394 ], [ 0.153679, 51.461677 ], [ 0.152635, 51.459576 ], [ 0.152964, 51.456853 ], [ 0.152517, 51.454544 ], [ 0.155043, 51.453705 ], [ 0.159343, 51.453136 ], [ 0.163498, 51.452424 ], [ 0.164277, 51.452244 ], [ 0.168352, 51.450789 ], [ 0.175005, 51.450819 ], [ 0.177358, 51.448969 ], [ 0.178793, 51.447449 ], [ 0.176669, 51.446374 ], [ 0.175749, 51.444942 ], [ 0.173864, 51.445024 ], [ 0.173823, 51.445043 ], [ 0.171754, 51.443586 ], [ 0.171225, 51.442694 ], [ 0.170787, 51.441772 ], [ 0.171328, 51.441762 ], [ 0.170362, 51.440948 ], [ 0.168954, 51.439084 ], [ 0.168021, 51.437532 ], [ 0.166834, 51.435346 ], [ 0.166031, 51.433504 ], [ 0.165952, 51.431103 ], [ 0.163052, 51.427606 ], [ 0.16044, 51.42859 ], [ 0.158806, 51.429679 ], [ 0.15641, 51.430227 ], [ 0.155014, 51.430127 ], [ 0.155542, 51.430641 ], [ 0.155794, 51.432664 ], [ 0.153039, 51.43498 ], [ 0.150715, 51.43489 ], [ 0.144869, 51.434955 ], [ 0.142505, 51.435039 ], [ 0.139696, 51.432843 ], [ 0.13663, 51.432761 ], [ 0.134438, 51.433855 ], [ 0.131637, 51.433336 ], [ 0.129731, 51.431795 ], [ 0.126818, 51.432145 ], [ 0.12443, 51.431322 ], [ 0.120677, 51.432919 ], [ 0.118983, 51.433744 ], [ 0.118995, 51.434323 ], [ 0.119711, 51.435388 ], [ 0.120708, 51.436566 ], [ 0.118321, 51.437426 ], [ 0.116961, 51.438741 ], [ 0.116211, 51.440484 ], [ 0.115925, 51.442281 ], [ 0.116494, 51.442913 ], [ 0.119054, 51.443673 ], [ 0.117792, 51.445247 ], [ 0.117414, 51.447045 ], [ 0.11651, 51.448066 ], [ 0.114407, 51.449068 ], [ 0.112066, 51.449957 ], [ 0.109437, 51.450385 ], [ 0.104829, 51.45138 ], [ 0.101832, 51.451927 ], [ 0.095309, 51.45198 ], [ 0.092543, 51.452176 ], [ 0.089693, 51.452603 ], [ 0.088588, 51.452608 ], [ 0.087528, 51.452494 ], [ 0.086827, 51.452344 ], [ 0.08669, 51.453144 ], [ 0.08653, 51.454254 ], [ 0.08644, 51.454821 ], [ 0.086251, 51.455632 ], [ 0.085916, 51.456492 ], [ 0.084998, 51.457459 ], [ 0.084627, 51.458222 ], [ 0.08425, 51.458843 ], [ 0.08372, 51.459583 ], [ 0.083031, 51.460277 ], [ 0.082627, 51.46068 ], [ 0.082346, 51.461488 ], [ 0.082313, 51.462136 ], [ 0.08236, 51.462873 ], [ 0.082612, 51.463447 ], [ 0.082549, 51.463871 ], [ 0.08223, 51.464388 ], [ 0.082079, 51.464817 ], [ 0.082038, 51.465053 ], [ 0.083384, 51.46496 ], [ 0.083717, 51.465107 ], [ 0.084045, 51.465759 ], [ 0.084741, 51.466457 ], [ 0.085181, 51.466859 ], [ 0.085672, 51.467207 ], [ 0.086592, 51.467617 ], [ 0.087927, 51.468065 ], [ 0.088635, 51.468262 ], [ 0.089311, 51.468578 ], [ 0.089802, 51.469027 ], [ 0.090617, 51.469635 ], [ 0.091352, 51.47019 ], [ 0.092346, 51.470719 ], [ 0.092869, 51.471133 ], [ 0.094101, 51.471403 ], [ 0.095201, 51.47146 ], [ 0.09604, 51.471466 ], [ 0.096378, 51.47197 ], [ 0.096679, 51.472685 ], [ 0.097428, 51.473382 ], [ 0.097718, 51.473857 ], [ 0.098035, 51.47437 ], [ 0.099128, 51.474387 ], [ 0.099877, 51.474421 ], [ 0.100798, 51.474402 ], [ 0.101527, 51.474454 ], [ 0.102336, 51.474481 ], [ 0.1031, 51.474425 ], [ 0.10398, 51.474534 ], [ 0.104734, 51.474781 ], [ 0.105321, 51.475088 ], [ 0.106113, 51.475098 ], [ 0.10699, 51.475096 ], [ 0.107649, 51.474724 ], [ 0.108143, 51.474298 ], [ 0.108972, 51.473732 ], [ 0.109484, 51.473234 ], [ 0.110083, 51.473099 ], [ 0.110669, 51.472773 ], [ 0.111311, 51.472964 ], [ 0.111712, 51.473346 ], [ 0.112255, 51.473898 ], [ 0.112691, 51.474418 ], [ 0.113878, 51.475252 ], [ 0.114499, 51.475814 ], [ 0.115119, 51.476549 ], [ 0.115648, 51.477067 ], [ 0.116472, 51.477807 ], [ 0.117231, 51.47837 ], [ 0.118552, 51.478212 ], [ 0.119666, 51.47804 ], [ 0.120425, 51.477687 ], [ 0.12109, 51.477424 ], [ 0.121766, 51.477058 ] ] ] ] } },
{ "type": "Feature", "properties": { "LGB1911Gre": "1806", "LGB1911G_1": 10057991.0, "LGB1911G_2": "LEWISHAM", "LGB1911G_3": "P", "LGB1911G_4": "eng", "LGB1911G_5": "LG_DIST", "LGB1911G_6": "MetB", "LGB1911G_7": "ENGLAND", "LGB1911G_8": 1911.0, "LGB1911G_9": "GBHGIS", "LGB1911_10": null, "LGB1911_11": null, "LGB1911_12": null, "1911popGre": 10057991, "1911popG_1": "LEWISHAM", "1911popG_2": "MetB", "1911popG_3": 160834, "F_AREA": 28561027.340799998 }, "geometry": { "type": "Polygon", "coordinates": [ [ [ -0.018698, 51.468317 ], [ -0.018239, 51.467535 ], [ -0.017395, 51.467349 ], [ -0.017083, 51.467916 ], [ -0.017411, 51.468498 ], [ -0.016236, 51.46905 ], [ -0.015462, 51.468341 ], [ -0.01472, 51.467868 ], [ -0.013998, 51.468198 ], [ -0.013068, 51.468694 ], [ -0.013342, 51.469594 ], [ -0.013728, 51.470008 ], [ -0.013989, 51.470428 ], [ -0.012782, 51.470831 ], [ -0.01351, 51.471655 ], [ -0.013129, 51.472263 ], [ -0.011976, 51.472188 ], [ -0.01049, 51.472331 ], [ -0.009307, 51.472501 ], [ -0.008408, 51.472641 ], [ -0.007029, 51.472698 ], [ -0.005945, 51.472647 ], [ -0.004741, 51.472557 ], [ -0.003989, 51.472455 ], [ -0.00285, 51.472185 ], [ -0.001646, 51.471994 ], [ -0.000301, 51.471887 ], [ 0.001077, 51.471857 ], [ 0.002466, 51.471919 ], [ 0.003595, 51.471806 ], [ 0.004405, 51.471858 ], [ 0.005714, 51.471951 ], [ 0.00691, 51.472047 ], [ 0.00782, 51.472172 ], [ 0.008965, 51.472321 ], [ 0.010532, 51.472473 ], [ 0.012015, 51.472679 ], [ 0.012986, 51.47282 ], [ 0.013199, 51.472295 ], [ 0.013516, 51.471205 ], [ 0.014073, 51.46996 ], [ 0.013328, 51.469874 ], [ 0.012364, 51.469776 ], [ 0.01264, 51.469314 ], [ 0.012734, 51.468788 ], [ 0.012918, 51.468066 ], [ 0.012381, 51.467577 ], [ 0.01284, 51.46715 ], [ 0.012762, 51.466508 ], [ 0.012133, 51.466273 ], [ 0.01068, 51.466063 ], [ 0.009552, 51.466019 ], [ 0.008913, 51.465619 ], [ 0.00889, 51.464866 ], [ 0.009094, 51.464313 ], [ 0.009352, 51.463794 ], [ 0.009576, 51.463183 ], [ 0.009956, 51.462208 ], [ 0.009998, 51.46155 ], [ 0.009931, 51.46092 ], [ 0.009991, 51.460405 ], [ 0.009995, 51.459879 ], [ 0.010399, 51.458785 ], [ 0.010907, 51.457903 ], [ 0.01183, 51.457296 ], [ 0.012115, 51.456273 ], [ 0.012971, 51.455917 ], [ 0.013853, 51.455608 ], [ 0.014806, 51.455406 ], [ 0.015676, 51.455186 ], [ 0.016987, 51.454948 ], [ 0.018062, 51.454422 ], [ 0.018214, 51.453627 ], [ 0.018761, 51.452893 ], [ 0.019583, 51.452042 ], [ 0.020272, 51.451325 ], [ 0.020797, 51.450693 ], [ 0.021493, 51.450087 ], [ 0.022156, 51.449499 ], [ 0.023101, 51.448715 ], [ 0.023443, 51.448289 ], [ 0.02388, 51.447803 ], [ 0.024424, 51.447101 ], [ 0.023456, 51.446816 ], [ 0.022835, 51.446285 ], [ 0.022974, 51.445641 ], [ 0.023178, 51.445033 ], [ 0.023546, 51.444598 ], [ 0.022983, 51.443859 ], [ 0.023415, 51.443387 ], [ 0.023927, 51.442797 ], [ 0.024637, 51.44266 ], [ 0.025603, 51.442421 ], [ 0.026406, 51.442226 ], [ 0.027266, 51.442098 ], [ 0.028168, 51.441976 ], [ 0.02977, 51.441773 ], [ 0.027402, 51.440475 ], [ 0.025308, 51.439493 ], [ 0.025862, 51.437381 ], [ 0.026452, 51.435699 ], [ 0.028849, 51.434985 ], [ 0.030798, 51.434061 ], [ 0.032923, 51.432729 ], [ 0.03532, 51.431106 ], [ 0.037688, 51.431047 ], [ 0.038021, 51.429591 ], [ 0.038451, 51.427377 ], [ 0.039008, 51.425713 ], [ 0.039213, 51.424691 ], [ 0.037853, 51.424741 ], [ 0.036394, 51.424799 ], [ 0.034803, 51.424969 ], [ 0.033533, 51.425392 ], [ 0.032096, 51.425594 ], [ 0.031307, 51.425787 ], [ 0.030341, 51.425801 ], [ 0.029577, 51.426037 ], [ 0.02887, 51.426179 ], [ 0.028477, 51.426721 ], [ 0.027716, 51.427276 ], [ 0.026771, 51.427454 ], [ 0.026436, 51.428205 ], [ 0.026119, 51.428677 ], [ 0.025158, 51.428227 ], [ 0.024119, 51.427615 ], [ 0.023282, 51.427265 ], [ 0.022186, 51.426836 ], [ 0.020514, 51.426926 ], [ 0.019831, 51.427038 ], [ 0.018905, 51.42684 ], [ 0.018014, 51.426687 ], [ 0.017095, 51.42644 ], [ 0.015757, 51.426011 ], [ 0.014988, 51.425981 ], [ 0.014073, 51.426012 ], [ 0.014021, 51.42541 ], [ 0.012588, 51.424577 ], [ 0.01092, 51.42379 ], [ 0.010416, 51.423238 ], [ 0.009462, 51.422845 ], [ 0.008895, 51.422449 ], [ 0.008161, 51.421975 ], [ 0.007288, 51.421424 ], [ 0.006622, 51.42102 ], [ 0.006073, 51.420627 ], [ 0.005787, 51.42008 ], [ 0.005528, 51.419547 ], [ 0.005046, 51.419108 ], [ 0.005118, 51.418462 ], [ 0.005131, 51.417875 ], [ 0.00466, 51.417201 ], [ 0.004295, 51.416646 ], [ 0.00387, 51.416008 ], [ 0.003575, 51.415177 ], [ 0.002069, 51.414471 ], [ 0.000573, 51.414092 ], [ -0.00064, 51.413973 ], [ -0.001618, 51.413846 ], [ -0.003221, 51.413529 ], [ -0.004018, 51.413236 ], [ -0.00615, 51.413235 ], [ -0.0068, 51.413455 ], [ -0.007356, 51.413853 ], [ -0.008816, 51.414224 ], [ -0.010552, 51.414713 ], [ -0.011546, 51.415143 ], [ -0.012437, 51.415513 ], [ -0.01364, 51.416177 ], [ -0.014586, 51.416704 ], [ -0.015695, 51.41718 ], [ -0.01653, 51.417545 ], [ -0.017591, 51.417915 ], [ -0.018148, 51.418354 ], [ -0.018763, 51.418595 ], [ -0.019101, 51.419097 ], [ -0.019666, 51.419483 ], [ -0.020438, 51.419796 ], [ -0.021135, 51.420101 ], [ -0.021724, 51.420441 ], [ -0.022133, 51.421076 ], [ -0.022331, 51.421601 ], [ -0.022854, 51.422127 ], [ -0.023561, 51.422802 ], [ -0.024278, 51.423156 ], [ -0.024992, 51.423415 ], [ -0.025796, 51.423566 ], [ -0.026533, 51.423965 ], [ -0.027303, 51.424392 ], [ -0.028046, 51.424846 ], [ -0.02867, 51.425201 ], [ -0.029534, 51.425545 ], [ -0.030448, 51.425503 ], [ -0.031417, 51.425463 ], [ -0.032742, 51.425253 ], [ -0.033551, 51.425066 ], [ -0.034386, 51.424829 ], [ -0.035132, 51.42457 ], [ -0.035784, 51.424287 ], [ -0.036635, 51.424026 ], [ -0.037566, 51.42383 ], [ -0.038364, 51.423743 ], [ -0.039342, 51.423999 ], [ -0.040634, 51.424127 ], [ -0.041692, 51.423563 ], [ -0.042875, 51.423159 ], [ -0.044253, 51.422672 ], [ -0.045555, 51.422549 ], [ -0.046506, 51.422473 ], [ -0.048033, 51.422608 ], [ -0.048902, 51.422481 ], [ -0.05007, 51.422393 ], [ -0.050869, 51.422261 ], [ -0.052114, 51.422364 ], [ -0.052815, 51.422507 ], [ -0.053561, 51.422778 ], [ -0.055086, 51.422767 ], [ -0.056111, 51.422776 ], [ -0.057273, 51.422863 ], [ -0.058327, 51.423252 ], [ -0.059253, 51.423522 ], [ -0.06003, 51.423841 ], [ -0.060778, 51.424211 ], [ -0.06165, 51.424452 ], [ -0.063009, 51.424722 ], [ -0.064215, 51.42491 ], [ -0.064996, 51.425141 ], [ -0.066042, 51.425371 ], [ -0.066778, 51.425592 ], [ -0.068049, 51.425763 ], [ -0.069359, 51.426097 ], [ -0.070511, 51.426248 ], [ -0.071246, 51.426201 ], [ -0.072091, 51.426161 ], [ -0.074144, 51.426132 ], [ -0.073713, 51.426707 ], [ -0.074037, 51.427315 ], [ -0.074248, 51.427747 ], [ -0.074773, 51.428379 ], [ -0.074753, 51.429219 ], [ -0.07478, 51.42973 ], [ -0.074442, 51.430232 ], [ -0.073852, 51.430786 ], [ -0.073233, 51.431323 ], [ -0.072509, 51.432157 ], [ -0.071459, 51.432354 ], [ -0.070107, 51.432399 ], [ -0.069337, 51.432536 ], [ -0.068644, 51.432729 ], [ -0.06799, 51.432955 ], [ -0.067029, 51.433468 ], [ -0.066208, 51.433886 ], [ -0.065608, 51.434343 ], [ -0.06513, 51.435043 ], [ -0.064807, 51.435556 ], [ -0.064299, 51.436072 ], [ -0.063882, 51.43673 ], [ -0.06354, 51.437148 ], [ -0.062961, 51.438011 ], [ -0.06309, 51.438669 ], [ -0.063142, 51.439247 ], [ -0.063361, 51.440028 ], [ -0.063533, 51.440602 ], [ -0.064124, 51.440907 ], [ -0.064024, 51.441635 ], [ -0.063638, 51.442192 ], [ -0.063318, 51.442858 ], [ -0.063283, 51.443375 ], [ -0.063433, 51.444255 ], [ -0.063214, 51.445222 ], [ -0.062979, 51.445868 ], [ -0.062797, 51.446397 ], [ -0.06216, 51.447257 ], [ -0.061829, 51.447741 ], [ -0.060997, 51.448411 ], [ -0.060249, 51.448783 ], [ -0.059566, 51.449192 ], [ -0.058927, 51.449499 ], [ -0.058378, 51.449832 ], [ -0.057919, 51.45019 ], [ -0.057043, 51.450082 ], [ -0.056435, 51.449844 ], [ -0.055801, 51.449555 ], [ -0.0549, 51.449152 ], [ -0.054036, 51.448773 ], [ -0.053103, 51.448861 ], [ -0.052227, 51.449118 ], [ -0.05082, 51.449696 ], [ -0.049707, 51.450125 ], [ -0.048752, 51.450386 ], [ -0.048054, 51.450147 ], [ -0.047143, 51.450046 ], [ -0.046151, 51.45002 ], [ -0.04552, 51.450798 ], [ -0.045087, 51.451223 ], [ -0.044788, 51.451691 ], [ -0.04399, 51.452071 ], [ -0.043444, 51.452506 ], [ -0.042741, 51.453009 ], [ -0.04223, 51.453393 ], [ -0.041829, 51.453798 ], [ -0.041363, 51.454574 ], [ -0.041807, 51.455138 ], [ -0.042347, 51.455488 ], [ -0.04312, 51.455875 ], [ -0.043683, 51.456244 ], [ -0.044382, 51.45669 ], [ -0.045285, 51.456926 ], [ -0.045508, 51.457814 ], [ -0.045209, 51.458678 ], [ -0.045065, 51.459471 ], [ -0.043869, 51.459039 ], [ -0.042598, 51.459577 ], [ -0.042119, 51.459935 ], [ -0.041424, 51.460271 ], [ -0.040957, 51.460661 ], [ -0.040151, 51.461258 ], [ -0.039552, 51.46154 ], [ -0.038661, 51.461885 ], [ -0.037927, 51.461563 ], [ -0.037288, 51.461264 ], [ -0.036582, 51.461512 ], [ -0.035888, 51.461187 ], [ -0.03516, 51.460895 ], [ -0.034117, 51.460355 ], [ -0.033826, 51.459905 ], [ -0.032509, 51.460054 ], [ -0.031727, 51.460217 ], [ -0.030999, 51.460802 ], [ -0.030335, 51.461341 ], [ -0.029752, 51.461655 ], [ -0.028688, 51.461963 ], [ -0.027741, 51.462244 ], [ -0.026781, 51.462536 ], [ -0.025631, 51.462432 ], [ -0.024866, 51.462339 ], [ -0.024846, 51.463254 ], [ -0.024603, 51.463893 ], [ -0.024331, 51.46457 ], [ -0.024112, 51.465251 ], [ -0.023829, 51.465875 ], [ -0.023654, 51.466396 ], [ -0.0231, 51.46721 ], [ -0.022029, 51.467573 ], [ -0.02102, 51.467707 ], [ -0.018698, 51.468317 ] ] ] } },
{ "type": "Feature", "properties": { "LGB1911Gre": "1816", "LGB1911G_1": 10074149.0, "LGB1911G_2": "HAMPSTEAD", "LGB1911G_3": "P", "LGB1911G_4": "eng", "LGB1911G_5": "LG_DIST", "LGB1911G_6": "MetB", "LGB1911G_7": "ENGLAND", "LGB1911G_8": 1911.0, "LGB1911G_9": "GBHGIS", "LGB1911_10": null, "LGB1911_11": null, "LGB1911_12": null, "1911popGre": 10074149, "1911popG_1": "HAMPSTEAD", "1911popG_2": "MetB", "1911popG_3": 85495, "F_AREA": 9364084.6503899992 }, "geometry": { "type": "Polygon", "coordinates": [ [ [ -0.180943, 51.570842 ], [ -0.179589, 51.570279 ], [ -0.175902, 51.57014 ], [ -0.174869, 51.57 ], [ -0.173149, 51.570585 ], [ -0.173187, 51.570039 ], [ -0.172995, 51.56896 ], [ -0.172824, 51.568151 ], [ -0.172482, 51.567145 ], [ -0.171807, 51.566602 ], [ -0.171144, 51.566241 ], [ -0.170364, 51.565837 ], [ -0.169426, 51.565028 ], [ -0.168518, 51.564512 ], [ -0.167112, 51.563881 ], [ -0.165834, 51.563474 ], [ -0.165316, 51.563093 ], [ -0.164612, 51.562733 ], [ -0.163733, 51.561975 ], [ -0.163351, 51.561151 ], [ -0.162524, 51.560813 ], [ -0.162318, 51.560212 ], [ -0.161992, 51.559694 ], [ -0.161642, 51.559132 ], [ -0.160806, 51.559069 ], [ -0.160385, 51.558576 ], [ -0.159694, 51.557897 ], [ -0.15923, 51.55727 ], [ -0.158855, 51.556327 ], [ -0.158554, 51.555247 ], [ -0.158208, 51.553809 ], [ -0.158067, 51.552615 ], [ -0.158138, 51.551364 ], [ -0.157754, 51.55097 ], [ -0.15753, 51.550537 ], [ -0.157518, 51.549911 ], [ -0.15783, 51.548928 ], [ -0.157669, 51.548432 ], [ -0.157871, 51.547838 ], [ -0.157763, 51.546784 ], [ -0.156957, 51.546442 ], [ -0.156199, 51.545964 ], [ -0.156071, 51.545428 ], [ -0.155393, 51.544905 ], [ -0.154261, 51.544183 ], [ -0.153562, 51.543458 ], [ -0.154646, 51.543199 ], [ -0.155468, 51.543003 ], [ -0.156173, 51.542631 ], [ -0.157233, 51.54274 ], [ -0.157804, 51.542363 ], [ -0.158217, 51.541922 ], [ -0.15923, 51.541175 ], [ -0.160246, 51.54024 ], [ -0.161058, 51.539474 ], [ -0.161834, 51.538554 ], [ -0.161265, 51.53773 ], [ -0.160897, 51.537266 ], [ -0.161646, 51.536972 ], [ -0.162364, 51.53689 ], [ -0.163297, 51.536536 ], [ -0.164351, 51.536074 ], [ -0.165905, 51.535908 ], [ -0.166619, 51.536389 ], [ -0.167611, 51.537089 ], [ -0.168315, 51.537702 ], [ -0.169654, 51.538443 ], [ -0.171103, 51.537698 ], [ -0.172036, 51.538331 ], [ -0.173435, 51.537603 ], [ -0.173945, 51.538648 ], [ -0.173805, 51.539451 ], [ -0.175773, 51.539651 ], [ -0.178334, 51.539936 ], [ -0.179597, 51.539678 ], [ -0.181268, 51.539315 ], [ -0.182477, 51.538956 ], [ -0.183779, 51.538392 ], [ -0.184493, 51.537786 ], [ -0.185149, 51.53709 ], [ -0.185924, 51.536491 ], [ -0.186644, 51.535873 ], [ -0.187473, 51.5351 ], [ -0.188312, 51.53467 ], [ -0.189706, 51.535606 ], [ -0.190313, 51.536014 ], [ -0.191575, 51.537215 ], [ -0.192933, 51.538429 ], [ -0.194972, 51.540368 ], [ -0.199619, 51.543988 ], [ -0.20574, 51.547776 ], [ -0.209686, 51.550911 ], [ -0.211027, 51.551918 ], [ -0.212724, 51.553281 ], [ -0.214413, 51.55479 ], [ -0.213523, 51.555387 ], [ -0.21227, 51.555939 ], [ -0.21112, 51.556362 ], [ -0.210285, 51.555636 ], [ -0.209759, 51.555313 ], [ -0.208413, 51.555748 ], [ -0.206935, 51.556031 ], [ -0.206757, 51.554889 ], [ -0.205129, 51.555201 ], [ -0.203627, 51.555448 ], [ -0.201576, 51.555819 ], [ -0.200167, 51.555951 ], [ -0.200337, 51.556473 ], [ -0.200255, 51.557001 ], [ -0.199887, 51.557436 ], [ -0.199457, 51.557844 ], [ -0.199284, 51.558361 ], [ -0.198276, 51.559412 ], [ -0.197325, 51.559806 ], [ -0.197458, 51.560423 ], [ -0.196484, 51.56055 ], [ -0.195634, 51.560493 ], [ -0.194701, 51.560883 ], [ -0.193854, 51.561033 ], [ -0.193167, 51.561354 ], [ -0.192019, 51.561786 ], [ -0.191149, 51.561909 ], [ -0.190736, 51.562417 ], [ -0.190286, 51.56342 ], [ -0.191469, 51.564399 ], [ -0.193704, 51.564871 ], [ -0.192694, 51.56542 ], [ -0.192426, 51.565654 ], [ -0.191701, 51.566032 ], [ -0.190411, 51.566591 ], [ -0.189636, 51.567132 ], [ -0.187921, 51.56781 ], [ -0.187151, 51.568064 ], [ -0.186775, 51.568275 ], [ -0.185724, 51.568689 ], [ -0.184678, 51.569216 ], [ -0.183962, 51.569486 ], [ -0.183077, 51.569795 ], [ -0.180889, 51.569767 ], [ -0.180943, 51.570842 ] ] ] } },
{ "type": "Feature", "properties": { "LGB1911Gre": "1818", "LGB1911G_1": 10034449.0, "LGB1911G_2": "EAST HAM", "LGB1911G_3": "P", "LGB1911G_4": "eng", "LGB1911G_5": "LG_DIST", "LGB1911G_6": "MB", "LGB1911G_7": "ENGLAND", "LGB1911G_8": 1911.0, "LGB1911G_9": "GBHGIS", "LGB1911_10": null, "LGB1911_11": null, "LGB1911_12": "y", "1911popGre": 10034449, "1911popG_1": "EAST HAM", "1911popG_2": "MB", "1911popG_3": 133487, "F_AREA": 13027433.1831 }, "geometry": { "type": "Polygon", "coordinates": [ [ [ 0.036462, 51.554763 ], [ 0.036272, 51.557608 ], [ 0.036709, 51.558906 ], [ 0.043506, 51.561616 ], [ 0.047231, 51.563101 ], [ 0.048664, 51.563564 ], [ 0.049993, 51.563856 ], [ 0.050112, 51.563581 ], [ 0.050544, 51.562573 ], [ 0.053925, 51.561556 ], [ 0.057643, 51.557146 ], [ 0.061593, 51.555362 ], [ 0.064877, 51.555315 ], [ 0.068564, 51.55208 ], [ 0.069354, 51.550124 ], [ 0.069529, 51.547169 ], [ 0.070482, 51.544864 ], [ 0.069948, 51.543632 ], [ 0.066679, 51.541302 ], [ 0.067033, 51.540652 ], [ 0.067443, 51.539899 ], [ 0.066566, 51.537722 ], [ 0.067562, 51.535534 ], [ 0.069524, 51.534624 ], [ 0.07099, 51.533293 ], [ 0.071261, 51.531612 ], [ 0.072208, 51.530263 ], [ 0.073812, 51.527456 ], [ 0.073181, 51.524901 ], [ 0.071923, 51.523543 ], [ 0.069687, 51.522323 ], [ 0.066571, 51.522017 ], [ 0.067655, 51.51856 ], [ 0.068977, 51.516598 ], [ 0.070575, 51.513216 ], [ 0.071756, 51.511315 ], [ 0.071157, 51.510601 ], [ 0.070537, 51.509961 ], [ 0.069979, 51.508993 ], [ 0.06962, 51.508264 ], [ 0.069126, 51.507706 ], [ 0.068934, 51.507175 ], [ 0.068822, 51.506191 ], [ 0.068731, 51.505255 ], [ 0.069233, 51.504657 ], [ 0.069634, 51.503962 ], [ 0.070016, 51.5032 ], [ 0.069741, 51.50243 ], [ 0.069291, 51.501425 ], [ 0.068765, 51.500747 ], [ 0.06856, 51.499998 ], [ 0.068358, 51.499503 ], [ 0.068981, 51.497544 ], [ 0.069079, 51.496797 ], [ 0.06652, 51.496821 ], [ 0.064624, 51.496959 ], [ 0.06411, 51.499305 ], [ 0.063338, 51.500559 ], [ 0.062317, 51.501217 ], [ 0.061184, 51.502091 ], [ 0.060146, 51.502802 ], [ 0.059237, 51.503349 ], [ 0.05795, 51.503596 ], [ 0.056325, 51.5039 ], [ 0.055419, 51.503936 ], [ 0.054737, 51.503697 ], [ 0.054136, 51.503071 ], [ 0.053865, 51.502732 ], [ 0.053788, 51.502872 ], [ 0.05184, 51.50528 ], [ 0.05115, 51.507149 ], [ 0.050043, 51.508435 ], [ 0.049132, 51.508711 ], [ 0.047846, 51.512228 ], [ 0.045964, 51.514704 ], [ 0.045105, 51.516246 ], [ 0.04398, 51.517493 ], [ 0.043566, 51.517558 ], [ 0.042872, 51.517274 ], [ 0.042083, 51.519013 ], [ 0.041517, 51.520733 ], [ 0.041218, 51.523364 ], [ 0.041092, 51.525039 ], [ 0.040175, 51.526964 ], [ 0.039177, 51.529122 ], [ 0.038097, 51.532232 ], [ 0.036875, 51.534626 ], [ 0.035663, 51.53722 ], [ 0.033346, 51.53949 ], [ 0.032998, 51.541456 ], [ 0.032746, 51.543418 ], [ 0.032482, 51.544879 ], [ 0.032138, 51.546483 ], [ 0.035559, 51.550354 ], [ 0.036222, 51.550428 ], [ 0.037185, 51.550786 ], [ 0.037222, 51.551451 ], [ 0.037204, 51.552781 ], [ 0.036462, 51.554763 ] ] ] } },
{ "type": "Feature", "properties": { "LGB1911Gre": "1821", "LGB1911G_1": 10135163.0, "LGB1911G_2": "WANDSWORTH", "LGB1911G_3": "P", "LGB1911G_4": "eng", "LGB1911G_5": "LG_DIST", "LGB1911G_6": "MetB", "LGB1911G_7": "ENGLAND", "LGB1911G_8": 1911.0, "LGB1911G_9": "GBHGIS", "LGB1911_10": null, "LGB1911_11": null, "LGB1911_12": null, "1911popGre": 10135163, "1911popG_1": "WANDSWORTH", "1911popG_2": "MetB", "1911popG_3": 311360, "F_AREA": 36295749.178000003 }, "geometry": { "type": "Polygon", "coordinates": [ [ [ -0.187009, 51.465725 ], [ -0.184551, 51.463572 ], [ -0.186041, 51.462913 ], [ -0.184598, 51.461407 ], [ -0.183513, 51.46047 ], [ -0.182706, 51.459211 ], [ -0.182067, 51.457652 ], [ -0.177834, 51.457929 ], [ -0.176763, 51.456662 ], [ -0.177333, 51.455115 ], [ -0.176282, 51.454377 ], [ -0.175131, 51.454077 ], [ -0.174133, 51.454116 ], [ -0.173353, 51.453158 ], [ -0.172264, 51.452054 ], [ -0.171735, 51.451501 ], [ -0.173421, 51.45118 ], [ -0.173181, 51.450642 ], [ -0.172712, 51.449893 ], [ -0.172173, 51.449379 ], [ -0.171318, 51.44862 ], [ -0.170823, 51.447682 ], [ -0.170342, 51.446689 ], [ -0.169395, 51.445003 ], [ -0.168969, 51.444349 ], [ -0.168615, 51.443792 ], [ -0.167444, 51.442923 ], [ -0.166249, 51.443389 ], [ -0.164885, 51.439426 ], [ -0.163578, 51.439471 ], [ -0.163501, 51.44104 ], [ -0.162145, 51.441147 ], [ -0.160995, 51.44159 ], [ -0.161307, 51.442597 ], [ -0.16183, 51.443253 ], [ -0.161576, 51.44368 ], [ -0.161805, 51.444227 ], [ -0.162163, 51.44477 ], [ -0.162674, 51.445321 ], [ -0.165377, 51.448019 ], [ -0.162199, 51.449202 ], [ -0.161425, 51.449406 ], [ -0.16018, 51.449664 ], [ -0.158942, 51.450016 ], [ -0.157981, 51.450247 ], [ -0.156615, 51.450536 ], [ -0.155324, 51.4511 ], [ -0.155057, 51.451509 ], [ -0.15449, 51.451829 ], [ -0.153835, 51.452145 ], [ -0.152747, 51.452313 ], [ -0.151993, 51.452393 ], [ -0.150323, 51.452439 ], [ -0.149007, 51.452513 ], [ -0.14929, 51.453795 ], [ -0.149355, 51.454923 ], [ -0.149336, 51.455781 ], [ -0.149562, 51.456692 ], [ -0.14986, 51.457256 ], [ -0.150358, 51.457882 ], [ -0.150535, 51.458567 ], [ -0.15065, 51.459426 ], [ -0.15074, 51.460327 ], [ -0.151467, 51.461301 ], [ -0.151862, 51.462143 ], [ -0.152058, 51.46307 ], [ -0.152082, 51.463941 ], [ -0.152329, 51.46485 ], [ -0.152415, 51.46549 ], [ -0.151566, 51.465577 ], [ -0.151682, 51.466867 ], [ -0.149431, 51.467701 ], [ -0.146943, 51.468657 ], [ -0.145346, 51.469294 ], [ -0.144168, 51.469796 ], [ -0.143135, 51.469533 ], [ -0.141947, 51.470013 ], [ -0.141987, 51.470644 ], [ -0.141005, 51.471064 ], [ -0.139999, 51.470995 ], [ -0.13832, 51.471636 ], [ -0.13757, 51.472155 ], [ -0.136834, 51.472795 ], [ -0.135774, 51.473558 ], [ -0.134796, 51.474375 ], [ -0.134303, 51.47503 ], [ -0.13217, 51.474209 ], [ -0.130891, 51.474638 ], [ -0.130375, 51.474176 ], [ -0.129621, 51.473299 ], [ -0.128858, 51.472225 ], [ -0.129349, 51.471755 ], [ -0.128154, 51.470578 ], [ -0.128701, 51.470149 ], [ -0.128339, 51.469666 ], [ -0.128438, 51.469141 ], [ -0.127648, 51.468991 ], [ -0.126821, 51.468596 ], [ -0.127455, 51.468089 ], [ -0.128136, 51.467327 ], [ -0.128723, 51.466402 ], [ -0.12926, 51.464992 ], [ -0.129234, 51.464022 ], [ -0.129203, 51.462797 ], [ -0.129254, 51.46167 ], [ -0.129088, 51.460384 ], [ -0.129063, 51.458973 ], [ -0.128938, 51.458372 ], [ -0.128648, 51.457957 ], [ -0.128331, 51.457337 ], [ -0.128093, 51.456403 ], [ -0.12784, 51.455166 ], [ -0.127669, 51.45413 ], [ -0.12718, 51.453774 ], [ -0.126809, 51.453349 ], [ -0.126786, 51.452674 ], [ -0.126591, 51.451625 ], [ -0.12647, 51.450665 ], [ -0.126357, 51.449724 ], [ -0.12619, 51.448949 ], [ -0.126059, 51.448082 ], [ -0.126592, 51.447169 ], [ -0.125837, 51.44671 ], [ -0.125182, 51.446359 ], [ -0.124539, 51.4473 ], [ -0.124195, 51.447989 ], [ -0.123935, 51.44857 ], [ -0.122862, 51.449686 ], [ -0.121269, 51.449292 ], [ -0.12039, 51.448726 ], [ -0.119954, 51.44814 ], [ -0.119587, 51.447625 ], [ -0.11899, 51.446847 ], [ -0.118437, 51.445991 ], [ -0.118213, 51.445396 ], [ -0.117511, 51.444859 ], [ -0.118449, 51.44428 ], [ -0.119286, 51.443684 ], [ -0.118588, 51.443603 ], [ -0.117875, 51.443401 ], [ -0.116821, 51.443019 ], [ -0.116015, 51.442556 ], [ -0.115158, 51.442097 ], [ -0.114423, 51.441537 ], [ -0.114012, 51.440948 ], [ -0.114776, 51.440325 ], [ -0.115402, 51.439857 ], [ -0.11449, 51.439536 ], [ -0.113287, 51.439248 ], [ -0.111417, 51.438897 ], [ -0.110754, 51.438521 ], [ -0.110992, 51.438044 ], [ -0.110922, 51.437434 ], [ -0.111588, 51.437087 ], [ -0.11232, 51.436553 ], [ -0.113193, 51.436158 ], [ -0.114098, 51.435835 ], [ -0.114965, 51.435691 ], [ -0.115969, 51.435346 ], [ -0.117466, 51.434793 ], [ -0.119319, 51.433839 ], [ -0.11856, 51.433357 ], [ -0.118173, 51.43275 ], [ -0.117396, 51.432422 ], [ -0.116029, 51.431662 ], [ -0.1153, 51.431055 ], [ -0.114994, 51.430311 ], [ -0.114869, 51.429608 ], [ -0.114867, 51.428523 ], [ -0.114929, 51.427675 ], [ -0.114756, 51.426897 ], [ -0.114061, 51.425269 ], [ -0.114787, 51.423413 ], [ -0.112692, 51.423356 ], [ -0.113519, 51.422699 ], [ -0.114701, 51.422153 ], [ -0.115721, 51.421494 ], [ -0.116747, 51.421052 ], [ -0.118025, 51.420707 ], [ -0.11891, 51.420403 ], [ -0.119835, 51.419928 ], [ -0.120812, 51.419556 ], [ -0.121148, 51.419105 ], [ -0.121776, 51.418258 ], [ -0.122126, 51.417631 ], [ -0.122677, 51.417067 ], [ -0.12388, 51.415723 ], [ -0.124637, 51.414852 ], [ -0.125732, 51.41398 ], [ -0.126551, 51.413866 ], [ -0.127343, 51.413587 ], [ -0.127905, 51.413186 ], [ -0.127999, 51.412562 ], [ -0.128905, 51.411488 ], [ -0.130562, 51.41177 ], [ -0.131479, 51.411523 ], [ -0.132538, 51.411318 ], [ -0.132652, 51.411325 ], [ -0.133722, 51.411394 ], [ -0.135159, 51.411652 ], [ -0.137839, 51.411983 ], [ -0.139476, 51.41234 ], [ -0.141732, 51.412954 ], [ -0.14328, 51.413439 ], [ -0.14391, 51.413007 ], [ -0.143955, 51.412485 ], [ -0.144835, 51.412243 ], [ -0.146228, 51.412243 ], [ -0.147194, 51.41259 ], [ -0.146856, 51.413045 ], [ -0.146698, 51.413916 ], [ -0.146182, 51.414979 ], [ -0.145503, 51.416327 ], [ -0.144656, 51.417387 ], [ -0.1454, 51.417873 ], [ -0.146697, 51.418257 ], [ -0.14752, 51.418733 ], [ -0.148498, 51.419329 ], [ -0.149327, 51.4196 ], [ -0.150017, 51.42 ], [ -0.150803, 51.420296 ], [ -0.151632, 51.420469 ], [ -0.152206, 51.420124 ], [ -0.15291, 51.420326 ], [ -0.154241, 51.420845 ], [ -0.155989, 51.421421 ], [ -0.157604, 51.421843 ], [ -0.159126, 51.422357 ], [ -0.160137, 51.422734 ], [ -0.160521, 51.422243 ], [ -0.161314, 51.421392 ], [ -0.161595, 51.420992 ], [ -0.162081, 51.420579 ], [ -0.163348, 51.420556 ], [ -0.164347, 51.420615 ], [ -0.165241, 51.420708 ], [ -0.166249, 51.420816 ], [ -0.167306, 51.420996 ], [ -0.16881, 51.421406 ], [ -0.170164, 51.421845 ], [ -0.171654, 51.422504 ], [ -0.172663, 51.422967 ], [ -0.173424, 51.423398 ], [ -0.174507, 51.423704 ], [ -0.175141, 51.423916 ], [ -0.175935, 51.424141 ], [ -0.176876, 51.424304 ], [ -0.178143, 51.424532 ], [ -0.179416, 51.424743 ], [ -0.181688, 51.425148 ], [ -0.18221, 51.425446 ], [ -0.183012, 51.426196 ], [ -0.183096, 51.426275 ], [ -0.183703, 51.42732 ], [ -0.184098, 51.428143 ], [ -0.184675, 51.428728 ], [ -0.185429, 51.429107 ], [ -0.183986, 51.429742 ], [ -0.183823, 51.430384 ], [ -0.183674, 51.431011 ], [ -0.183855, 51.431703 ], [ -0.184627, 51.431673 ], [ -0.184674, 51.432143 ], [ -0.185423, 51.432953 ], [ -0.18611, 51.433135 ], [ -0.186728, 51.433566 ], [ -0.187712, 51.433468 ], [ -0.18839, 51.433204 ], [ -0.189503, 51.433018 ], [ -0.189612, 51.433902 ], [ -0.18963, 51.434349 ], [ -0.189473, 51.434845 ], [ -0.189242, 51.435399 ], [ -0.189081, 51.435969 ], [ -0.188674, 51.436324 ], [ -0.188595, 51.436945 ], [ -0.188751, 51.43762 ], [ -0.188581, 51.438729 ], [ -0.189659, 51.439328 ], [ -0.189588, 51.440362 ], [ -0.189265, 51.441759 ], [ -0.191419, 51.441611 ], [ -0.19452, 51.441164 ], [ -0.19657, 51.440777 ], [ -0.199638, 51.440221 ], [ -0.201974, 51.439907 ], [ -0.204914, 51.439747 ], [ -0.207438, 51.439435 ], [ -0.209618, 51.439155 ], [ -0.211569, 51.439056 ], [ -0.215508, 51.439396 ], [ -0.216493, 51.439918 ], [ -0.21785, 51.440089 ], [ -0.219029, 51.440113 ], [ -0.220175, 51.440256 ], [ -0.222277, 51.440588 ], [ -0.223319, 51.440594 ], [ -0.224979, 51.440621 ], [ -0.226596, 51.44061 ], [ -0.229818, 51.44043 ], [ -0.2311, 51.440277 ], [ -0.234032, 51.439497 ], [ -0.236567, 51.438289 ], [ -0.239143, 51.436669 ], [ -0.240068, 51.435875 ], [ -0.241112, 51.435305 ], [ -0.242842, 51.434559 ], [ -0.245513, 51.433741 ], [ -0.247638, 51.433358 ], [ -0.249076, 51.433034 ], [ -0.250369, 51.432968 ], [ -0.250273, 51.43355 ], [ -0.250344, 51.434341 ], [ -0.251244, 51.435452 ], [ -0.252447, 51.436605 ], [ -0.253193, 51.437537 ], [ -0.253416, 51.438475 ], [ -0.253736, 51.439213 ], [ -0.254149, 51.439652 ], [ -0.253636, 51.440499 ], [ -0.25403, 51.441167 ], [ -0.253867, 51.441795 ], [ -0.25372, 51.4423 ], [ -0.253906, 51.443047 ], [ -0.254538, 51.443721 ], [ -0.254065, 51.444525 ], [ -0.253488, 51.445859 ], [ -0.253018, 51.446775 ], [ -0.25268, 51.44749 ], [ -0.252591, 51.447955 ], [ -0.252716, 51.449136 ], [ -0.252801, 51.450286 ], [ -0.252737, 51.450952 ], [ -0.252926, 51.45155 ], [ -0.253491, 51.451939 ], [ -0.254405, 51.452354 ], [ -0.255556, 51.452957 ], [ -0.256801, 51.453633 ], [ -0.257816, 51.454296 ], [ -0.258596, 51.455233 ], [ -0.259737, 51.456942 ], [ -0.259609, 51.4588 ], [ -0.259435, 51.460029 ], [ -0.258815, 51.461752 ], [ -0.258584, 51.462737 ], [ -0.259659, 51.463148 ], [ -0.258723, 51.464892 ], [ -0.256741, 51.466854 ], [ -0.255458, 51.467928 ], [ -0.254398, 51.468383 ], [ -0.253151, 51.46792 ], [ -0.252448, 51.467736 ], [ -0.250989, 51.467706 ], [ -0.247288, 51.467809 ], [ -0.245044, 51.467603 ], [ -0.242451, 51.46702 ], [ -0.239794, 51.466659 ], [ -0.237063, 51.466268 ], [ -0.235547, 51.465875 ], [ -0.235118, 51.466196 ], [ -0.234979, 51.467497 ], [ -0.234214, 51.467875 ], [ -0.234477, 51.468367 ], [ -0.234723, 51.468908 ], [ -0.234594, 51.469558 ], [ -0.234124, 51.470355 ], [ -0.233768, 51.471383 ], [ -0.233611, 51.47236 ], [ -0.2333, 51.472808 ], [ -0.232445, 51.473041 ], [ -0.231311, 51.472891 ], [ -0.230574, 51.472707 ], [ -0.22988, 51.472274 ], [ -0.228731, 51.472031 ], [ -0.228574, 51.471598 ], [ -0.227325, 51.471355 ], [ -0.226887, 51.470995 ], [ -0.227257, 51.470543 ], [ -0.225767, 51.470277 ], [ -0.225237, 51.470562 ], [ -0.224477, 51.470697 ], [ -0.224059, 51.471334 ], [ -0.223405, 51.471626 ], [ -0.222714, 51.471956 ], [ -0.222121, 51.472196 ], [ -0.221132, 51.471183 ], [ -0.219924, 51.469991 ], [ -0.219206, 51.469482 ], [ -0.217933, 51.468823 ], [ -0.216143, 51.467567 ], [ -0.214842, 51.466775 ], [ -0.213671, 51.466357 ], [ -0.212157, 51.465859 ], [ -0.210572, 51.465326 ], [ -0.208608, 51.464805 ], [ -0.207465, 51.464565 ], [ -0.205745, 51.464254 ], [ -0.203771, 51.463867 ], [ -0.2015, 51.463561 ], [ -0.198855, 51.463496 ], [ -0.196928, 51.463414 ], [ -0.194128, 51.463454 ], [ -0.192699, 51.463722 ], [ -0.191645, 51.464001 ], [ -0.190269, 51.464333 ], [ -0.188927, 51.464674 ], [ -0.187727, 51.465299 ], [ -0.187009, 51.465725 ] ] ] } },
{ "type": "Feature", "properties": { "LGB1911Gre": "1828", "LGB1911G_1": 10054977.0, "LGB1911G_2": "FOOTS CRAY", "LGB1911G_3": "P", "LGB1911G_4": "eng", "LGB1911G_5": "LG_DIST", "LGB1911G_6": "UD", "LGB1911G_7": "ENGLAND", "LGB1911G_8": 1911.0, "LGB1911G_9": "GBHGIS", "LGB1911_10": null, "LGB1911_11": null, "LGB1911_12": "y", "1911popGre": 10054977, "1911popG_1": "FOOTS CRAY", "1911popG_2": "UD", "1911popG_3": 0, "F_AREA": 8267705.0146500003 }, "geometry": { "type": "MultiPolygon", "coordinates": [ [ [ [ 0.117442, 51.411675 ], [ 0.115143, 51.410859 ], [ 0.112435, 51.411583 ], [ 0.11174, 51.411591 ], [ 0.112512, 51.412684 ], [ 0.113678, 51.414437 ], [ 0.115073, 51.415984 ], [ 0.117573, 51.415842 ], [ 0.119383, 51.414375 ], [ 0.119163, 51.413307 ], [ 0.117442, 51.411675 ] ] ], [ [ [ 0.092543, 51.452176 ], [ 0.095309, 51.45198 ], [ 0.101832, 51.451927 ], [ 0.104829, 51.45138 ], [ 0.109437, 51.450385 ], [ 0.112066, 51.449957 ], [ 0.114407, 51.449068 ], [ 0.11651, 51.448066 ], [ 0.117414, 51.447045 ], [ 0.117792, 51.445247 ], [ 0.119054, 51.443673 ], [ 0.116494, 51.442913 ], [ 0.115925, 51.442281 ], [ 0.116211, 51.440484 ], [ 0.116961, 51.438741 ], [ 0.118321, 51.437426 ], [ 0.120708, 51.436566 ], [ 0.119711, 51.435388 ], [ 0.118995, 51.434323 ], [ 0.118983, 51.433744 ], [ 0.120677, 51.432919 ], [ 0.12443, 51.431322 ], [ 0.124377, 51.431304 ], [ 0.123089, 51.431607 ], [ 0.121809, 51.429336 ], [ 0.119908, 51.427939 ], [ 0.123782, 51.425756 ], [ 0.126625, 51.424683 ], [ 0.124673, 51.423142 ], [ 0.122872, 51.421947 ], [ 0.119433, 51.417413 ], [ 0.119503, 51.421057 ], [ 0.118009, 51.422231 ], [ 0.115691, 51.423731 ], [ 0.106976, 51.423999 ], [ 0.100694, 51.424906 ], [ 0.097798, 51.424271 ], [ 0.089906, 51.425234 ], [ 0.079392, 51.427415 ], [ 0.07636, 51.428008 ], [ 0.073577, 51.428214 ], [ 0.070882, 51.429462 ], [ 0.071506, 51.43002 ], [ 0.072318, 51.430874 ], [ 0.073059, 51.431488 ], [ 0.073819, 51.432143 ], [ 0.074443, 51.432559 ], [ 0.075261, 51.433095 ], [ 0.075821, 51.43339 ], [ 0.076411, 51.433706 ], [ 0.076405, 51.433945 ], [ 0.076629, 51.434683 ], [ 0.076562, 51.435199 ], [ 0.077065, 51.435729 ], [ 0.077532, 51.4361 ], [ 0.077871, 51.436535 ], [ 0.078276, 51.437195 ], [ 0.07876, 51.437687 ], [ 0.079052, 51.438159 ], [ 0.079489, 51.438734 ], [ 0.080248, 51.439541 ], [ 0.081044, 51.440154 ], [ 0.08182, 51.440829 ], [ 0.082317, 51.441474 ], [ 0.082549, 51.442018 ], [ 0.084015, 51.44154 ], [ 0.084841, 51.441831 ], [ 0.085527, 51.442121 ], [ 0.086318, 51.442288 ], [ 0.086921, 51.442724 ], [ 0.086445, 51.443673 ], [ 0.086568, 51.444609 ], [ 0.087259, 51.444936 ], [ 0.08735, 51.445473 ], [ 0.087505, 51.446238 ], [ 0.088188, 51.447012 ], [ 0.088225, 51.447579 ], [ 0.08804, 51.448039 ], [ 0.087698, 51.448714 ], [ 0.087311, 51.449335 ], [ 0.087061, 51.450001 ], [ 0.087047, 51.450796 ], [ 0.086861, 51.451647 ], [ 0.086828, 51.452334 ], [ 0.086827, 51.452344 ], [ 0.087528, 51.452494 ], [ 0.088588, 51.452608 ], [ 0.089693, 51.452603 ], [ 0.092543, 51.452176 ] ] ] ] } }
]
}
