{
"type": "FeatureCollection",
"name": "GreaterLondon_1851",
"crs": { "type": "name", "properties": { "name": "urn:ogc:def:crs:OGC:1.3:CRS84" } },
"features": [
{ "type": "Feature", "properties": { "_ROWID_": 215, "pk": 215, "g_unit": 10428609.0, "g_name": "HATFIELD", "namestatus": "P", "g_language": "eng", "unittype": "PR_DIST", "g_status": "RegD", "nation": "ENGLAND", "g_year": 1851.0, "im_auth": "GBHGIS", "im_note": null, "notes": null }, "geometry": { "type": "Polygon", "coordinates": [ [ [ -0.273104, 51.835094 ], [ -0.27292, 51.835874 ], [ -0.27351, 51.837108 ], [ -0.273129, 51.838057 ], [ -0.27305, 51.839507 ], [ -0.273141, 51.840409 ], [ -0.271908, 51.84061 ], [ -0.270522, 51.84101 ], [ -0.268205, 51.842112 ], [ -0.267089, 51.842722 ], [ -0.266612, 51.842013 ], [ -0.265377, 51.842243 ], [ -0.264214, 51.842851 ], [ -0.263147, 51.843434 ], [ -0.261545, 51.84435 ], [ -0.259955, 51.845035 ], [ -0.259, 51.845301 ], [ -0.257942, 51.844867 ], [ -0.256623, 51.845763 ], [ -0.255557, 51.845474 ], [ -0.254284, 51.844686 ], [ -0.252789, 51.844502 ], [ -0.251161, 51.845041 ], [ -0.249957, 51.845532 ], [ -0.249036, 51.846031 ], [ -0.247507, 51.846456 ], [ -0.246194, 51.845551 ], [ -0.245251, 51.844743 ], [ -0.244303, 51.844021 ], [ -0.242713, 51.843022 ], [ -0.242959, 51.841983 ], [ -0.243423, 51.84124 ], [ -0.244213, 51.839722 ], [ -0.243871, 51.838261 ], [ -0.241952, 51.836411 ], [ -0.241683, 51.836172 ], [ -0.239948, 51.835226 ], [ -0.238423, 51.835593 ], [ -0.23773, 51.836214 ], [ -0.235459, 51.836474 ], [ -0.233859, 51.836491 ], [ -0.232338, 51.83677 ], [ -0.230907, 51.837139 ], [ -0.229986, 51.836796 ], [ -0.22927, 51.836138 ], [ -0.227696, 51.836533 ], [ -0.226828, 51.836917 ], [ -0.227032, 51.835789 ], [ -0.225892, 51.834307 ], [ -0.225267, 51.83371 ], [ -0.224371, 51.833734 ], [ -0.223054, 51.833768 ], [ -0.222859, 51.834722 ], [ -0.222443, 51.835437 ], [ -0.220519, 51.836199 ], [ -0.219506, 51.836667 ], [ -0.219299, 51.837852 ], [ -0.219734, 51.838473 ], [ -0.220883, 51.838968 ], [ -0.222897, 51.839108 ], [ -0.223266, 51.840076 ], [ -0.223345, 51.841182 ], [ -0.223868, 51.841921 ], [ -0.224208, 51.842569 ], [ -0.224867, 51.843399 ], [ -0.225554, 51.844578 ], [ -0.223845, 51.846537 ], [ -0.221871, 51.844831 ], [ -0.21773, 51.846522 ], [ -0.217905, 51.847601 ], [ -0.216148, 51.847903 ], [ -0.216057, 51.848685 ], [ -0.212205, 51.85108 ], [ -0.210125, 51.849603 ], [ -0.21065, 51.84863 ], [ -0.205277, 51.846311 ], [ -0.208489, 51.844421 ], [ -0.209992, 51.843618 ], [ -0.211419, 51.842494 ], [ -0.212693, 51.841599 ], [ -0.214377, 51.840075 ], [ -0.211486, 51.840463 ], [ -0.208472, 51.841371 ], [ -0.207019, 51.842959 ], [ -0.203008, 51.844857 ], [ -0.200085, 51.843299 ], [ -0.198577, 51.844188 ], [ -0.19773, 51.845008 ], [ -0.197446, 51.845872 ], [ -0.197104, 51.846937 ], [ -0.196294, 51.847961 ], [ -0.195392, 51.848924 ], [ -0.197296, 51.850194 ], [ -0.198626, 51.849968 ], [ -0.203493, 51.852912 ], [ -0.202836, 51.853708 ], [ -0.204878, 51.853384 ], [ -0.204232, 51.854819 ], [ -0.202713, 51.854227 ], [ -0.202208, 51.854852 ], [ -0.201181, 51.855522 ], [ -0.200387, 51.856256 ], [ -0.199327, 51.856693 ], [ -0.198067, 51.857327 ], [ -0.197335, 51.857801 ], [ -0.196832, 51.858368 ], [ -0.196268, 51.859195 ], [ -0.19552, 51.85993 ], [ -0.194042, 51.861081 ], [ -0.192976, 51.861633 ], [ -0.19206, 51.862016 ], [ -0.190478, 51.862525 ], [ -0.188764, 51.862886 ], [ -0.187482, 51.863085 ], [ -0.18614, 51.863144 ], [ -0.184431, 51.862946 ], [ -0.182711, 51.862581 ], [ -0.182528, 51.860834 ], [ -0.181801, 51.859567 ], [ -0.17984, 51.859311 ], [ -0.178032, 51.858828 ], [ -0.176512, 51.858265 ], [ -0.175413, 51.857713 ], [ -0.175532, 51.856468 ], [ -0.173295, 51.856089 ], [ -0.171669, 51.855726 ], [ -0.170421, 51.855344 ], [ -0.169042, 51.854785 ], [ -0.168324, 51.854156 ], [ -0.167854, 51.85333 ], [ -0.167723, 51.85234 ], [ -0.166651, 51.850511 ], [ -0.165264, 51.848441 ], [ -0.165483, 51.847082 ], [ -0.165863, 51.846192 ], [ -0.166312, 51.844083 ], [ -0.167008, 51.842621 ], [ -0.16679, 51.841482 ], [ -0.166079, 51.839924 ], [ -0.166689, 51.839127 ], [ -0.167751, 51.839475 ], [ -0.169041, 51.839132 ], [ -0.170432, 51.839489 ], [ -0.171516, 51.840273 ], [ -0.173078, 51.840111 ], [ -0.174806, 51.841145 ], [ -0.175861, 51.841609 ], [ -0.177254, 51.841123 ], [ -0.176991, 51.839954 ], [ -0.175902, 51.838844 ], [ -0.17588, 51.838821 ], [ -0.175201, 51.838338 ], [ -0.173778, 51.838533 ], [ -0.172031, 51.83866 ], [ -0.170702, 51.838043 ], [ -0.169581, 51.837926 ], [ -0.170612, 51.83714 ], [ -0.171844, 51.836999 ], [ -0.172633, 51.836352 ], [ -0.172593, 51.836326 ], [ -0.171817, 51.835808 ], [ -0.17067, 51.835077 ], [ -0.169865, 51.834564 ], [ -0.168559, 51.833541 ], [ -0.168241, 51.832546 ], [ -0.16812, 51.832164 ], [ -0.167295, 51.83095 ], [ -0.167465, 51.830432 ], [ -0.167688, 51.829883 ], [ -0.167793, 51.829627 ], [ -0.168547, 51.828776 ], [ -0.169785, 51.827676 ], [ -0.170632, 51.826827 ], [ -0.171074, 51.826185 ], [ -0.171144, 51.826085 ], [ -0.171515, 51.82534 ], [ -0.17255, 51.824495 ], [ -0.173204, 51.823757 ], [ -0.173205, 51.823729 ], [ -0.174143, 51.82294 ], [ -0.175062, 51.822471 ], [ -0.17628, 51.821718 ], [ -0.177341, 51.821253 ], [ -0.178048, 51.8204 ], [ -0.178575, 51.819368 ], [ -0.179202, 51.818251 ], [ -0.179903, 51.817485 ], [ -0.180412, 51.815958 ], [ -0.179929, 51.815334 ], [ -0.178974, 51.814757 ], [ -0.178153, 51.814298 ], [ -0.177593, 51.813382 ], [ -0.179046, 51.811793 ], [ -0.179983, 51.811004 ], [ -0.181134, 51.810599 ], [ -0.181752, 51.809627 ], [ -0.18466, 51.806361 ], [ -0.1853, 51.805825 ], [ -0.187338, 51.805531 ], [ -0.188581, 51.805157 ], [ -0.189675, 51.804924 ], [ -0.192068, 51.804145 ], [ -0.191612, 51.803057 ], [ -0.190711, 51.802335 ], [ -0.19023, 51.801682 ], [ -0.188385, 51.801051 ], [ -0.187859, 51.800339 ], [ -0.186732, 51.799494 ], [ -0.185325, 51.798583 ], [ -0.183579, 51.797867 ], [ -0.182205, 51.798063 ], [ -0.180421, 51.799731 ], [ -0.179465, 51.798309 ], [ -0.179706, 51.797327 ], [ -0.179221, 51.796761 ], [ -0.17812, 51.796265 ], [ -0.176818, 51.796027 ], [ -0.174816, 51.795682 ], [ -0.173307, 51.794913 ], [ -0.173282, 51.794898 ], [ -0.172036, 51.794093 ], [ -0.170945, 51.793424 ], [ -0.169508, 51.793064 ], [ -0.168785, 51.791677 ], [ -0.16768, 51.791269 ], [ -0.166668, 51.790863 ], [ -0.165545, 51.78993 ], [ -0.164235, 51.788963 ], [ -0.163354, 51.787891 ], [ -0.162588, 51.787288 ], [ -0.160829, 51.786804 ], [ -0.159457, 51.786126 ], [ -0.15856, 51.785344 ], [ -0.153873, 51.781796 ], [ -0.150986, 51.779558 ], [ -0.148388, 51.778057 ], [ -0.146633, 51.776638 ], [ -0.144328, 51.774913 ], [ -0.143508, 51.774424 ], [ -0.143273, 51.773543 ], [ -0.142844, 51.772773 ], [ -0.143154, 51.771382 ], [ -0.143436, 51.770485 ], [ -0.143177, 51.769166 ], [ -0.142876, 51.767758 ], [ -0.142653, 51.766614 ], [ -0.142913, 51.765251 ], [ -0.143198, 51.764295 ], [ -0.142918, 51.763355 ], [ -0.141569, 51.762181 ], [ -0.141369, 51.761505 ], [ -0.14157, 51.760343 ], [ -0.14194, 51.759565 ], [ -0.142546, 51.756926 ], [ -0.142475, 51.755582 ], [ -0.141894, 51.755012 ], [ -0.140528, 51.754159 ], [ -0.13876, 51.752888 ], [ -0.138226, 51.75232 ], [ -0.137578, 51.751195 ], [ -0.137304, 51.750137 ], [ -0.137226, 51.74891 ], [ -0.137365, 51.748009 ], [ -0.13736, 51.746287 ], [ -0.137799, 51.745043 ], [ -0.138106, 51.743621 ], [ -0.137573, 51.742089 ], [ -0.137682, 51.739961 ], [ -0.137549, 51.738878 ], [ -0.137346, 51.73826 ], [ -0.13689, 51.737022 ], [ -0.135955, 51.736941 ], [ -0.13461, 51.73752 ], [ -0.132933, 51.73815 ], [ -0.131426, 51.73823 ], [ -0.129263, 51.738235 ], [ -0.127995, 51.738233 ], [ -0.127358, 51.740609 ], [ -0.126114, 51.741016 ], [ -0.123235, 51.741265 ], [ -0.121685, 51.741256 ], [ -0.119855, 51.741211 ], [ -0.118298, 51.741348 ], [ -0.115922, 51.741843 ], [ -0.114103, 51.741565 ], [ -0.113228, 51.741194 ], [ -0.112206, 51.740965 ], [ -0.110746, 51.741046 ], [ -0.106747, 51.741094 ], [ -0.105574, 51.741066 ], [ -0.104213, 51.741032 ], [ -0.103036, 51.741062 ], [ -0.10154, 51.741812 ], [ -0.100757, 51.742433 ], [ -0.100248, 51.743178 ], [ -0.099832, 51.743983 ], [ -0.098878, 51.743959 ], [ -0.097906, 51.743936 ], [ -0.094824, 51.74354 ], [ -0.093511, 51.743479 ], [ -0.092353, 51.743239 ], [ -0.091279, 51.743017 ], [ -0.092394, 51.742375 ], [ -0.093234, 51.74158 ], [ -0.094205, 51.740964 ], [ -0.094702, 51.740452 ], [ -0.094731, 51.73987 ], [ -0.095454, 51.738607 ], [ -0.095754, 51.737362 ], [ -0.09631, 51.736589 ], [ -0.09749, 51.735569 ], [ -0.098063, 51.734476 ], [ -0.100771, 51.732094 ], [ -0.100261, 51.730129 ], [ -0.101017, 51.729128 ], [ -0.10428, 51.727805 ], [ -0.104656, 51.726881 ], [ -0.105273, 51.725846 ], [ -0.10608, 51.724757 ], [ -0.107652, 51.723423 ], [ -0.11027, 51.721822 ], [ -0.112722, 51.720457 ], [ -0.113055, 51.719444 ], [ -0.111837, 51.717831 ], [ -0.108306, 51.714336 ], [ -0.107443, 51.713761 ], [ -0.106295, 51.713239 ], [ -0.10482, 51.712709 ], [ -0.105425, 51.711906 ], [ -0.105795, 51.710192 ], [ -0.105363, 51.706639 ], [ -0.105868, 51.704161 ], [ -0.105476, 51.701546 ], [ -0.10479, 51.698749 ], [ -0.104217, 51.697392 ], [ -0.104547, 51.696672 ], [ -0.104568, 51.695106 ], [ -0.103644, 51.693127 ], [ -0.104558, 51.691678 ], [ -0.104664, 51.69088 ], [ -0.103738, 51.689264 ], [ -0.103553, 51.688346 ], [ -0.10387, 51.687674 ], [ -0.105676, 51.687976 ], [ -0.11381, 51.690983 ], [ -0.114943, 51.691805 ], [ -0.120549, 51.692774 ], [ -0.122635, 51.692269 ], [ -0.124235, 51.691758 ], [ -0.125815, 51.691776 ], [ -0.126917, 51.691562 ], [ -0.128741, 51.691507 ], [ -0.130801, 51.691606 ], [ -0.132016, 51.69162 ], [ -0.132873, 51.691479 ], [ -0.134326, 51.691571 ], [ -0.136764, 51.691373 ], [ -0.13969, 51.691106 ], [ -0.141881, 51.690981 ], [ -0.145024, 51.691397 ], [ -0.148315, 51.692031 ], [ -0.150649, 51.693158 ], [ -0.152931, 51.694429 ], [ -0.153906, 51.695663 ], [ -0.154314, 51.696492 ], [ -0.154708, 51.697686 ], [ -0.155425, 51.698152 ], [ -0.156592, 51.698442 ], [ -0.157614, 51.698638 ], [ -0.159531, 51.698571 ], [ -0.161515, 51.699131 ], [ -0.163134, 51.699499 ], [ -0.16872, 51.700705 ], [ -0.170041, 51.700814 ], [ -0.171659, 51.700836 ], [ -0.172531, 51.701123 ], [ -0.173243, 51.701335 ], [ -0.175455, 51.70162 ], [ -0.176772, 51.701822 ], [ -0.17852, 51.702304 ], [ -0.17891, 51.703588 ], [ -0.179476, 51.704145 ], [ -0.179862, 51.705094 ], [ -0.180404, 51.705998 ], [ -0.182721, 51.705852 ], [ -0.184743, 51.705906 ], [ -0.18588, 51.706398 ], [ -0.186732, 51.70679 ], [ -0.188769, 51.706637 ], [ -0.190485, 51.70692 ], [ -0.191762, 51.70746 ], [ -0.192466, 51.70791 ], [ -0.193751, 51.70827 ], [ -0.194899, 51.708448 ], [ -0.19692, 51.708439 ], [ -0.198076, 51.708434 ], [ -0.199235, 51.708341 ], [ -0.201541, 51.708433 ], [ -0.202255, 51.708617 ], [ -0.204268, 51.708811 ], [ -0.205852, 51.708917 ], [ -0.207567, 51.709385 ], [ -0.208707, 51.709757 ], [ -0.210572, 51.710047 ], [ -0.211582, 51.710059 ], [ -0.212452, 51.709979 ], [ -0.213149, 51.710616 ], [ -0.21444, 51.710811 ], [ -0.215126, 51.711717 ], [ -0.216242, 51.712719 ], [ -0.218245, 51.713195 ], [ -0.219698, 51.712946 ], [ -0.221296, 51.712701 ], [ -0.223028, 51.712727 ], [ -0.225054, 51.712579 ], [ -0.227521, 51.712259 ], [ -0.22927, 51.711837 ], [ -0.231741, 51.711426 ], [ -0.232765, 51.711083 ], [ -0.23338, 51.710106 ], [ -0.234147, 51.708951 ], [ -0.23478, 51.707527 ], [ -0.235234, 51.706995 ], [ -0.235832, 51.706466 ], [ -0.236588, 51.705581 ], [ -0.237777, 51.707208 ], [ -0.23875, 51.708685 ], [ -0.239303, 51.709607 ], [ -0.239407, 51.710706 ], [ -0.23907, 51.711798 ], [ -0.239641, 51.712263 ], [ -0.240199, 51.712989 ], [ -0.240696, 51.71506 ], [ -0.242358, 51.716878 ], [ -0.244608, 51.718437 ], [ -0.246003, 51.719713 ], [ -0.247376, 51.720681 ], [ -0.248939, 51.722749 ], [ -0.250235, 51.724008 ], [ -0.251562, 51.725682 ], [ -0.253275, 51.727131 ], [ -0.254948, 51.729428 ], [ -0.258666, 51.733094 ], [ -0.254476, 51.737193 ], [ -0.253173, 51.737918 ], [ -0.251739, 51.738435 ], [ -0.250524, 51.739279 ], [ -0.248651, 51.740135 ], [ -0.247103, 51.741058 ], [ -0.244904, 51.741847 ], [ -0.242747, 51.742754 ], [ -0.242313, 51.74394 ], [ -0.241857, 51.7446 ], [ -0.241362, 51.746076 ], [ -0.241643, 51.747019 ], [ -0.241465, 51.747773 ], [ -0.242375, 51.748353 ], [ -0.242987, 51.749245 ], [ -0.243237, 51.749895 ], [ -0.243518, 51.750836 ], [ -0.243702, 51.751863 ], [ -0.24365, 51.752884 ], [ -0.243427, 51.753579 ], [ -0.243376, 51.754599 ], [ -0.242759, 51.755663 ], [ -0.24193, 51.757187 ], [ -0.241193, 51.757839 ], [ -0.2396, 51.758672 ], [ -0.237828, 51.759354 ], [ -0.236441, 51.759843 ], [ -0.23516, 51.7601 ], [ -0.233786, 51.760326 ], [ -0.231015, 51.76034 ], [ -0.230278, 51.760962 ], [ -0.231344, 51.762157 ], [ -0.232219, 51.763406 ], [ -0.232891, 51.764036 ], [ -0.233895, 51.765521 ], [ -0.233324, 51.766555 ], [ -0.232577, 51.767381 ], [ -0.233671, 51.768022 ], [ -0.2347, 51.768108 ], [ -0.236641, 51.768713 ], [ -0.237368, 51.769169 ], [ -0.238426, 51.769606 ], [ -0.239939, 51.770316 ], [ -0.241094, 51.770667 ], [ -0.243541, 51.770586 ], [ -0.245334, 51.770429 ], [ -0.247128, 51.770243 ], [ -0.248772, 51.770257 ], [ -0.250081, 51.77035 ], [ -0.252367, 51.770643 ], [ -0.254867, 51.771349 ], [ -0.257262, 51.771353 ], [ -0.258096, 51.770647 ], [ -0.258749, 51.769848 ], [ -0.259248, 51.769279 ], [ -0.261516, 51.769018 ], [ -0.263378, 51.769328 ], [ -0.264632, 51.769594 ], [ -0.266685, 51.769851 ], [ -0.268818, 51.770373 ], [ -0.270292, 51.770906 ], [ -0.272235, 51.771481 ], [ -0.274269, 51.772087 ], [ -0.275407, 51.772786 ], [ -0.27612, 51.773503 ], [ -0.276582, 51.774563 ], [ -0.277059, 51.775332 ], [ -0.277195, 51.776297 ], [ -0.277055, 51.777196 ], [ -0.276894, 51.778472 ], [ -0.27619, 51.780259 ], [ -0.27529, 51.781283 ], [ -0.27468, 51.78217 ], [ -0.274217, 51.782944 ], [ -0.27394, 51.784625 ], [ -0.273868, 51.785991 ], [ -0.273738, 51.786685 ], [ -0.273254, 51.787837 ], [ -0.272885, 51.788584 ], [ -0.272457, 51.789591 ], [ -0.271927, 51.790712 ], [ -0.271415, 51.791514 ], [ -0.271566, 51.792216 ], [ -0.27368, 51.793986 ], [ -0.274987, 51.795009 ], [ -0.275968, 51.795994 ], [ -0.276423, 51.797169 ], [ -0.276372, 51.798127 ], [ -0.276057, 51.79873 ], [ -0.275361, 51.799468 ], [ -0.274062, 51.800016 ], [ -0.27306, 51.800311 ], [ -0.270841, 51.800515 ], [ -0.268666, 51.800779 ], [ -0.267643, 51.80145 ], [ -0.266146, 51.802197 ], [ -0.264154, 51.802553 ], [ -0.262338, 51.803116 ], [ -0.260634, 51.803334 ], [ -0.258514, 51.803453 ], [ -0.256785, 51.803263 ], [ -0.255711, 51.80402 ], [ -0.254402, 51.804771 ], [ -0.252912, 51.805372 ], [ -0.25151, 51.806092 ], [ -0.250403, 51.806586 ], [ -0.249355, 51.80685 ], [ -0.24784, 51.807043 ], [ -0.246422, 51.80721 ], [ -0.244976, 51.80787 ], [ -0.244268, 51.808782 ], [ -0.242837, 51.80918 ], [ -0.243574, 51.810304 ], [ -0.243525, 51.811204 ], [ -0.243487, 51.8119 ], [ -0.243453, 51.812539 ], [ -0.243416, 51.813207 ], [ -0.244425, 51.813669 ], [ -0.245967, 51.813826 ], [ -0.246922, 51.814432 ], [ -0.247492, 51.815173 ], [ -0.24796, 51.816086 ], [ -0.248533, 51.816769 ], [ -0.249228, 51.817805 ], [ -0.250105, 51.818961 ], [ -0.251355, 51.820185 ], [ -0.252154, 51.821048 ], [ -0.253245, 51.821715 ], [ -0.254393, 51.82221 ], [ -0.255311, 51.822612 ], [ -0.256303, 51.823393 ], [ -0.256652, 51.823895 ], [ -0.257719, 51.824998 ], [ -0.258795, 51.825955 ], [ -0.260493, 51.827568 ], [ -0.260918, 51.828392 ], [ -0.261749, 51.829546 ], [ -0.262566, 51.830932 ], [ -0.263331, 51.831562 ], [ -0.263933, 51.832565 ], [ -0.264572, 51.833772 ], [ -0.265397, 51.834171 ], [ -0.266974, 51.83456 ], [ -0.268885, 51.83487 ], [ -0.271139, 51.834928 ], [ -0.273104, 51.835094 ] ] ] } },
{ "type": "Feature", "properties": { "_ROWID_": 223, "pk": 223, "g_unit": 10139879.0, "g_name": "EPPING", "namestatus": "P", "g_language": "eng", "unittype": "PR_DIST", "g_status": "RegD", "nation": "ENGLAND", "g_year": 1851.0, "im_auth": "GBHGIS", "im_note": null, "notes": null }, "geometry": { "type": "Polygon", "coordinates": [ [ [ 0.095176, 51.78282 ], [ 0.098876, 51.782193 ], [ 0.101137, 51.782475 ], [ 0.102376, 51.783096 ], [ 0.103952, 51.783497 ], [ 0.105699, 51.783895 ], [ 0.106787, 51.784948 ], [ 0.106812, 51.785484 ], [ 0.107375, 51.78644 ], [ 0.108802, 51.78738 ], [ 0.109671, 51.787471 ], [ 0.111059, 51.787553 ], [ 0.115054, 51.787911 ], [ 0.118388, 51.788923 ], [ 0.121524, 51.789403 ], [ 0.124471, 51.793212 ], [ 0.12625, 51.794252 ], [ 0.12868, 51.794423 ], [ 0.131328, 51.795555 ], [ 0.132889, 51.795634 ], [ 0.133885, 51.794758 ], [ 0.135589, 51.79419 ], [ 0.137688, 51.794689 ], [ 0.139096, 51.795199 ], [ 0.140657, 51.795278 ], [ 0.141557, 51.796013 ], [ 0.142269, 51.796429 ], [ 0.143316, 51.796624 ], [ 0.14539, 51.796586 ], [ 0.147271, 51.796123 ], [ 0.148964, 51.795341 ], [ 0.150012, 51.795537 ], [ 0.152534, 51.797636 ], [ 0.151349, 51.798194 ], [ 0.151034, 51.798843 ], [ 0.15019, 51.799288 ], [ 0.149, 51.799739 ], [ 0.148156, 51.800183 ], [ 0.147328, 51.800949 ], [ 0.148054, 51.801687 ], [ 0.148787, 51.802532 ], [ 0.150033, 51.80326 ], [ 0.150541, 51.803036 ], [ 0.150887, 51.80303 ], [ 0.151741, 51.802799 ], [ 0.153108, 51.802453 ], [ 0.154873, 51.803171 ], [ 0.15526, 51.804022 ], [ 0.156018, 51.805403 ], [ 0.15698, 51.807423 ], [ 0.158063, 51.808369 ], [ 0.158826, 51.809857 ], [ 0.160338, 51.812511 ], [ 0.161747, 51.813021 ], [ 0.164382, 51.813831 ], [ 0.165064, 51.813604 ], [ 0.167453, 51.812916 ], [ 0.169843, 51.812229 ], [ 0.17176, 51.812515 ], [ 0.173867, 51.81312 ], [ 0.176852, 51.81403 ], [ 0.179975, 51.814187 ], [ 0.183245, 51.813804 ], [ 0.186342, 51.813425 ], [ 0.190407, 51.813439 ], [ 0.189631, 51.809028 ], [ 0.194203, 51.801609 ], [ 0.193265, 51.798417 ], [ 0.196083, 51.796186 ], [ 0.227056, 51.794242 ], [ 0.23991, 51.787653 ], [ 0.235994, 51.780938 ], [ 0.237457, 51.779575 ], [ 0.234952, 51.77526 ], [ 0.227099, 51.775431 ], [ 0.226962, 51.775492 ], [ 0.223588, 51.776202 ], [ 0.220206, 51.775986 ], [ 0.216179, 51.775176 ], [ 0.213857, 51.774677 ], [ 0.213838, 51.772796 ], [ 0.210834, 51.772659 ], [ 0.208873, 51.773511 ], [ 0.205835, 51.772796 ], [ 0.202623, 51.772286 ], [ 0.200198, 51.771644 ], [ 0.196741, 51.770966 ], [ 0.189965, 51.771112 ], [ 0.18242, 51.770926 ], [ 0.181004, 51.770725 ], [ 0.18113, 51.770491 ], [ 0.179839, 51.769216 ], [ 0.178772, 51.767792 ], [ 0.177279, 51.766261 ], [ 0.175898, 51.765075 ], [ 0.171946, 51.763105 ], [ 0.168615, 51.762163 ], [ 0.166054, 51.761552 ], [ 0.164124, 51.760551 ], [ 0.160858, 51.759115 ], [ 0.159789, 51.757633 ], [ 0.159961, 51.757369 ], [ 0.16094, 51.756509 ], [ 0.163274, 51.757212 ], [ 0.166074, 51.755503 ], [ 0.166443, 51.757 ], [ 0.177388, 51.756969 ], [ 0.180075, 51.756536 ], [ 0.183566, 51.755448 ], [ 0.186095, 51.7547 ], [ 0.189571, 51.755725 ], [ 0.193559, 51.755147 ], [ 0.196188, 51.754512 ], [ 0.199071, 51.754218 ], [ 0.202016, 51.754184 ], [ 0.20124, 51.752146 ], [ 0.203687, 51.751601 ], [ 0.208225, 51.753963 ], [ 0.208783, 51.75233 ], [ 0.20934, 51.750698 ], [ 0.209588, 51.750142 ], [ 0.210416, 51.748276 ], [ 0.21086, 51.747944 ], [ 0.212469, 51.748257 ], [ 0.213497, 51.748235 ], [ 0.213611, 51.747017 ], [ 0.213768, 51.746236 ], [ 0.215394, 51.746313 ], [ 0.216137, 51.746239 ], [ 0.216815, 51.745848 ], [ 0.217162, 51.745377 ], [ 0.217266, 51.744767 ], [ 0.217166, 51.743872 ], [ 0.216091, 51.743114 ], [ 0.215492, 51.742462 ], [ 0.215227, 51.741947 ], [ 0.21435, 51.741358 ], [ 0.213575, 51.740912 ], [ 0.212799, 51.740436 ], [ 0.212135, 51.740277 ], [ 0.210725, 51.740163 ], [ 0.208475, 51.739286 ], [ 0.208131, 51.739004 ], [ 0.20726, 51.739312 ], [ 0.206112, 51.739655 ], [ 0.205022, 51.739418 ], [ 0.204158, 51.739032 ], [ 0.203506, 51.739011 ], [ 0.20257, 51.739066 ], [ 0.201687, 51.739172 ], [ 0.201042, 51.73933 ], [ 0.199866, 51.739211 ], [ 0.199293, 51.739021 ], [ 0.198494, 51.738951 ], [ 0.197137, 51.738922 ], [ 0.195867, 51.738805 ], [ 0.195616, 51.738521 ], [ 0.195591, 51.738087 ], [ 0.195643, 51.737392 ], [ 0.195768, 51.737129 ], [ 0.194927, 51.737147 ], [ 0.193801, 51.737084 ], [ 0.192722, 51.73702 ], [ 0.191642, 51.736957 ], [ 0.189821, 51.736996 ], [ 0.188461, 51.736938 ], [ 0.187806, 51.736924 ], [ 0.186817, 51.7368 ], [ 0.185726, 51.736534 ], [ 0.185092, 51.736085 ], [ 0.18506, 51.735535 ], [ 0.186134, 51.734731 ], [ 0.187579, 51.733861 ], [ 0.187942, 51.732088 ], [ 0.188436, 51.730949 ], [ 0.188388, 51.730139 ], [ 0.188094, 51.729914 ], [ 0.187332, 51.72967 ], [ 0.186514, 51.729282 ], [ 0.185688, 51.72875 ], [ 0.185336, 51.728324 ], [ 0.18458, 51.727385 ], [ 0.183632, 51.726392 ], [ 0.183713, 51.725378 ], [ 0.184224, 51.724528 ], [ 0.184435, 51.724147 ], [ 0.184367, 51.723772 ], [ 0.183465, 51.723531 ], [ 0.182517, 51.72332 ], [ 0.181341, 51.7232 ], [ 0.180494, 51.723103 ], [ 0.17968, 51.722773 ], [ 0.179384, 51.722519 ], [ 0.178908, 51.721574 ], [ 0.178415, 51.72034 ], [ 0.177668, 51.719546 ], [ 0.1767, 51.718988 ], [ 0.176027, 51.718684 ], [ 0.175169, 51.718384 ], [ 0.174218, 51.718115 ], [ 0.173164, 51.717674 ], [ 0.172164, 51.717348 ], [ 0.170897, 51.716478 ], [ 0.162353, 51.711827 ], [ 0.161512, 51.707822 ], [ 0.160129, 51.707881 ], [ 0.156081, 51.700413 ], [ 0.147878, 51.691095 ], [ 0.145467, 51.684953 ], [ 0.134379, 51.682206 ], [ 0.133325, 51.680115 ], [ 0.13389, 51.674547 ], [ 0.136601, 51.674577 ], [ 0.144814, 51.681754 ], [ 0.143202, 51.679705 ], [ 0.145481, 51.676329 ], [ 0.142363, 51.669247 ], [ 0.139378, 51.669309 ], [ 0.135391, 51.662506 ], [ 0.142428, 51.659869 ], [ 0.148761, 51.661211 ], [ 0.148813, 51.657275 ], [ 0.143015, 51.656297 ], [ 0.136229, 51.658408 ], [ 0.132944, 51.65486 ], [ 0.127567, 51.657143 ], [ 0.125734, 51.657731 ], [ 0.121694, 51.656955 ], [ 0.111842, 51.654536 ], [ 0.10618, 51.652474 ], [ 0.10195, 51.651252 ], [ 0.104293, 51.649263 ], [ 0.106585, 51.645252 ], [ 0.113127, 51.641325 ], [ 0.119514, 51.63144 ], [ 0.118223, 51.629267 ], [ 0.128894, 51.620131 ], [ 0.127847, 51.619777 ], [ 0.12544, 51.618467 ], [ 0.122604, 51.616993 ], [ 0.121163, 51.615431 ], [ 0.117906, 51.613936 ], [ 0.115508, 51.612771 ], [ 0.11488, 51.610758 ], [ 0.113176, 51.609492 ], [ 0.110363, 51.609232 ], [ 0.109564, 51.609133 ], [ 0.106699, 51.608758 ], [ 0.104053, 51.608147 ], [ 0.101588, 51.607417 ], [ 0.09725, 51.606552 ], [ 0.093694, 51.605497 ], [ 0.091421, 51.604879 ], [ 0.087407, 51.603081 ], [ 0.085692, 51.604103 ], [ 0.08178, 51.60586 ], [ 0.079186, 51.606173 ], [ 0.075759, 51.604914 ], [ 0.072241, 51.603657 ], [ 0.062514, 51.606543 ], [ 0.054652, 51.611882 ], [ 0.04858, 51.612526 ], [ 0.045387, 51.612967 ], [ 0.027839, 51.626228 ], [ 0.021809, 51.628519 ], [ 0.010091, 51.618972 ], [ -0.009602, 51.608701 ], [ -0.028754, 51.607913 ], [ -0.034814, 51.605276 ], [ -0.034027, 51.606288 ], [ -0.034986, 51.606651 ], [ -0.036675, 51.608398 ], [ -0.037916, 51.607683 ], [ -0.037502, 51.609694 ], [ -0.038706, 51.609798 ], [ -0.03978, 51.609694 ], [ -0.0401, 51.611891 ], [ -0.040993, 51.61275 ], [ -0.039523, 51.614456 ], [ -0.037713, 51.615423 ], [ -0.037803, 51.616535 ], [ -0.038485, 51.616897 ], [ -0.038604, 51.617337 ], [ -0.037536, 51.617319 ], [ -0.034705, 51.618228 ], [ -0.03426, 51.616732 ], [ -0.033244, 51.617614 ], [ -0.031956, 51.618313 ], [ -0.031016, 51.618525 ], [ -0.030941, 51.62021 ], [ -0.030061, 51.620102 ], [ -0.028098, 51.621364 ], [ -0.027981, 51.621884 ], [ -0.026493, 51.621881 ], [ -0.026588, 51.622869 ], [ -0.027489, 51.623528 ], [ -0.028526, 51.625325 ], [ -0.027674, 51.625652 ], [ -0.026752, 51.625455 ], [ -0.025032, 51.626462 ], [ -0.026417, 51.626695 ], [ -0.032281, 51.633188 ], [ -0.034298, 51.635014 ], [ -0.035342, 51.635157 ], [ -0.035086, 51.636909 ], [ -0.034476, 51.638757 ], [ -0.034066, 51.640062 ], [ -0.035584, 51.641323 ], [ -0.034655, 51.642501 ], [ -0.033792, 51.64225 ], [ -0.032662, 51.643962 ], [ -0.031604, 51.644137 ], [ -0.031924, 51.644809 ], [ -0.03137, 51.645443 ], [ -0.019488, 51.645185 ], [ -0.006674, 51.647234 ], [ -0.004971, 51.646224 ], [ -0.000437, 51.646032 ], [ 0.013296, 51.645294 ], [ 0.015616, 51.646343 ], [ 0.018932, 51.64226 ], [ 0.020728, 51.643317 ], [ 0.021636, 51.644063 ], [ 0.023097, 51.645452 ], [ 0.025606, 51.646824 ], [ 0.027222, 51.647775 ], [ 0.029223, 51.649481 ], [ 0.028961, 51.651444 ], [ 0.034544, 51.655047 ], [ 0.037415, 51.656629 ], [ 0.040363, 51.661107 ], [ 0.041435, 51.662763 ], [ 0.043247, 51.664289 ], [ 0.048745, 51.667448 ], [ 0.052357, 51.669317 ], [ 0.053612, 51.669613 ], [ 0.054933, 51.669726 ], [ 0.055527, 51.669943 ], [ 0.056643, 51.670378 ], [ 0.058572, 51.671025 ], [ 0.060724, 51.67176 ], [ 0.061552, 51.672291 ], [ 0.063142, 51.673535 ], [ 0.064362, 51.674649 ], [ 0.065574, 51.675582 ], [ 0.066702, 51.676289 ], [ 0.068322, 51.676578 ], [ 0.069528, 51.677375 ], [ 0.071906, 51.678241 ], [ 0.074075, 51.679339 ], [ 0.079479, 51.681782 ], [ 0.073994, 51.684702 ], [ 0.072274, 51.688991 ], [ 0.066899, 51.691445 ], [ 0.06846, 51.702583 ], [ 0.063163, 51.707264 ], [ 0.058613, 51.706112 ], [ 0.058042, 51.713445 ], [ 0.052203, 51.72184 ], [ 0.048906, 51.722225 ], [ 0.045117, 51.722186 ], [ 0.04258, 51.721948 ], [ 0.039745, 51.721398 ], [ 0.036139, 51.721268 ], [ 0.03557, 51.722813 ], [ 0.032889, 51.725037 ], [ 0.031014, 51.72412 ], [ 0.027113, 51.722028 ], [ 0.024505, 51.721357 ], [ 0.0214, 51.719306 ], [ 0.019179, 51.71802 ], [ 0.015701, 51.716816 ], [ 0.015202, 51.718794 ], [ 0.012181, 51.719881 ], [ 0.009146, 51.720508 ], [ 0.005838, 51.722123 ], [ 0.002019, 51.723095 ], [ -0.000271, 51.72349 ], [ -0.007613, 51.722817 ], [ -0.00851, 51.723461 ], [ -0.010582, 51.72337 ], [ -0.011036, 51.724452 ], [ -0.010508, 51.725112 ], [ -0.012237, 51.726534 ], [ -0.01184, 51.727419 ], [ -0.01183, 51.727642 ], [ -0.011812, 51.728089 ], [ -0.011935, 51.728583 ], [ -0.012267, 51.729216 ], [ -0.012305, 51.730021 ], [ -0.012916, 51.730882 ], [ -0.012757, 51.731236 ], [ -0.012256, 51.732879 ], [ -0.012, 51.733812 ], [ -0.012684, 51.734675 ], [ -0.011902, 51.736134 ], [ -0.011642, 51.737156 ], [ -0.012712, 51.739098 ], [ -0.012387, 51.739985 ], [ -0.011095, 51.741568 ], [ -0.010785, 51.742097 ], [ -0.009271, 51.742245 ], [ -0.008445, 51.741513 ], [ -0.007463, 51.741136 ], [ -0.006899, 51.74099 ], [ -0.005265, 51.740869 ], [ -0.003608, 51.741151 ], [ -0.002879, 51.741406 ], [ -0.001212, 51.743298 ], [ 0.000111, 51.745555 ], [ 0.001633, 51.745709 ], [ 0.002399, 51.746725 ], [ 0.002509, 51.747618 ], [ 0.002755, 51.748458 ], [ 0.001881, 51.749172 ], [ 0.001873, 51.7499 ], [ 0.002115, 51.75061 ], [ 0.002594, 51.751095 ], [ 0.003205, 51.751566 ], [ 0.003556, 51.752404 ], [ 0.003618, 51.753831 ], [ 0.003955, 51.754345 ], [ 0.00451, 51.75505 ], [ 0.005784, 51.755419 ], [ 0.007247, 51.755329 ], [ 0.009433, 51.755091 ], [ 0.011009, 51.755306 ], [ 0.013147, 51.756475 ], [ 0.013927, 51.757558 ], [ 0.014176, 51.758461 ], [ 0.013895, 51.759184 ], [ 0.01309, 51.759858 ], [ 0.012996, 51.762461 ], [ 0.013442, 51.763098 ], [ 0.014303, 51.763659 ], [ 0.01538, 51.764348 ], [ 0.016258, 51.765243 ], [ 0.017049, 51.76653 ], [ 0.017435, 51.768148 ], [ 0.017612, 51.76977 ], [ 0.018075, 51.770737 ], [ 0.018959, 51.771761 ], [ 0.021125, 51.773349 ], [ 0.022201, 51.773981 ], [ 0.023477, 51.774414 ], [ 0.02496, 51.774778 ], [ 0.026321, 51.774754 ], [ 0.027461, 51.774475 ], [ 0.028846, 51.774971 ], [ 0.029698, 51.775281 ], [ 0.030544, 51.775462 ], [ 0.031719, 51.775961 ], [ 0.032568, 51.776207 ], [ 0.033725, 51.776316 ], [ 0.034898, 51.776751 ], [ 0.036262, 51.776793 ], [ 0.037189, 51.776451 ], [ 0.038076, 51.775201 ], [ 0.03914, 51.775573 ], [ 0.039903, 51.776209 ], [ 0.040647, 51.776457 ], [ 0.041909, 51.776565 ], [ 0.044113, 51.776656 ], [ 0.044736, 51.776515 ], [ 0.045451, 51.776113 ], [ 0.046304, 51.776423 ], [ 0.04717, 51.777058 ], [ 0.050004, 51.777139 ], [ 0.054781, 51.779397 ], [ 0.055964, 51.779295 ], [ 0.056471, 51.778877 ], [ 0.057676, 51.779265 ], [ 0.058782, 51.779119 ], [ 0.060148, 51.778567 ], [ 0.062774, 51.778358 ], [ 0.064374, 51.778738 ], [ 0.065724, 51.779451 ], [ 0.066284, 51.780177 ], [ 0.067478, 51.780319 ], [ 0.07092, 51.780667 ], [ 0.071582, 51.780737 ], [ 0.073294, 51.780707 ], [ 0.074883, 51.780843 ], [ 0.076211, 51.781064 ], [ 0.077817, 51.781608 ], [ 0.078894, 51.78208 ], [ 0.079688, 51.782148 ], [ 0.081166, 51.782272 ], [ 0.083138, 51.782266 ], [ 0.084835, 51.782302 ], [ 0.087218, 51.782505 ], [ 0.089784, 51.783229 ], [ 0.09087, 51.782897 ], [ 0.092249, 51.782986 ], [ 0.093396, 51.782994 ], [ 0.094221, 51.783007 ], [ 0.09462, 51.782945 ], [ 0.095176, 51.78282 ] ] ] } },
{ "type": "Feature", "properties": { "_ROWID_": 226, "pk": 226, "g_unit": 10029960.0, "g_name": "ONGAR", "namestatus": "P", "g_language": "eng", "unittype": "PR_DIST", "g_status": "RegD", "nation": "ENGLAND", "g_year": 1851.0, "im_auth": "GBHGIS", "im_note": null, "notes": null }, "geometry": { "type": "Polygon", "coordinates": [ [ [ 0.237457, 51.779575 ], [ 0.240809, 51.780051 ], [ 0.242045, 51.780372 ], [ 0.244024, 51.780589 ], [ 0.245851, 51.780607 ], [ 0.247763, 51.780478 ], [ 0.249258, 51.780445 ], [ 0.251836, 51.780504 ], [ 0.254141, 51.780685 ], [ 0.25602, 51.780788 ], [ 0.257163, 51.781892 ], [ 0.257932, 51.783003 ], [ 0.258828, 51.783881 ], [ 0.261679, 51.783818 ], [ 0.263663, 51.784874 ], [ 0.265637, 51.785004 ], [ 0.271991, 51.787092 ], [ 0.274595, 51.787584 ], [ 0.276218, 51.788097 ], [ 0.278047, 51.788144 ], [ 0.280271, 51.788528 ], [ 0.280796, 51.78869 ], [ 0.28091, 51.790569 ], [ 0.28421, 51.788643 ], [ 0.288336, 51.787973 ], [ 0.291213, 51.788314 ], [ 0.293065, 51.789517 ], [ 0.294976, 51.788606 ], [ 0.294951, 51.788201 ], [ 0.296767, 51.785759 ], [ 0.295112, 51.781686 ], [ 0.296094, 51.779101 ], [ 0.2967, 51.773106 ], [ 0.298464, 51.771483 ], [ 0.307238, 51.769318 ], [ 0.312634, 51.7683 ], [ 0.320483, 51.771856 ], [ 0.324879, 51.768805 ], [ 0.344985, 51.767018 ], [ 0.34236, 51.757504 ], [ 0.340811, 51.75189 ], [ 0.340916, 51.751763 ], [ 0.344159, 51.747821 ], [ 0.344797, 51.742308 ], [ 0.343818, 51.734864 ], [ 0.345833, 51.729696 ], [ 0.339986, 51.723636 ], [ 0.339491, 51.72246 ], [ 0.332451, 51.71825 ], [ 0.333139, 51.716527 ], [ 0.334176, 51.710658 ], [ 0.338254, 51.705588 ], [ 0.337279, 51.701935 ], [ 0.344022, 51.695415 ], [ 0.328773, 51.69362 ], [ 0.321773, 51.6877 ], [ 0.328225, 51.683272 ], [ 0.331901, 51.677024 ], [ 0.332479, 51.669776 ], [ 0.342473, 51.672038 ], [ 0.342917, 51.670928 ], [ 0.343008, 51.667887 ], [ 0.340469, 51.667598 ], [ 0.334397, 51.668315 ], [ 0.331461, 51.66841 ], [ 0.331149, 51.666392 ], [ 0.329263, 51.665334 ], [ 0.330138, 51.664389 ], [ 0.33177, 51.662847 ], [ 0.329933, 51.661847 ], [ 0.327734, 51.658742 ], [ 0.327985, 51.656769 ], [ 0.326922, 51.655432 ], [ 0.323231, 51.653866 ], [ 0.318986, 51.653152 ], [ 0.316498, 51.652919 ], [ 0.31418, 51.653174 ], [ 0.31191, 51.651951 ], [ 0.312976, 51.646515 ], [ 0.305021, 51.646926 ], [ 0.301001, 51.647595 ], [ 0.29653, 51.646972 ], [ 0.29588, 51.64551 ], [ 0.296066, 51.643972 ], [ 0.297477, 51.644143 ], [ 0.294367, 51.642129 ], [ 0.279886, 51.651105 ], [ 0.276709, 51.651031 ], [ 0.274686, 51.654636 ], [ 0.271317, 51.65526 ], [ 0.265129, 51.651751 ], [ 0.261699, 51.647486 ], [ 0.242284, 51.643601 ], [ 0.229625, 51.635572 ], [ 0.22734, 51.63403 ], [ 0.222815, 51.630106 ], [ 0.220756, 51.629225 ], [ 0.210737, 51.626259 ], [ 0.208286, 51.62582 ], [ 0.207142, 51.625411 ], [ 0.205084, 51.624529 ], [ 0.199995, 51.624465 ], [ 0.198786, 51.62452 ], [ 0.1956, 51.625081 ], [ 0.192412, 51.624802 ], [ 0.188641, 51.624131 ], [ 0.186057, 51.624591 ], [ 0.182305, 51.624267 ], [ 0.179641, 51.623369 ], [ 0.152218, 51.622621 ], [ 0.150388, 51.622428 ], [ 0.139957, 51.622706 ], [ 0.138123, 51.622455 ], [ 0.136911, 51.622481 ], [ 0.13399, 51.621963 ], [ 0.130619, 51.620934 ], [ 0.128894, 51.620131 ], [ 0.118223, 51.629267 ], [ 0.119514, 51.63144 ], [ 0.113127, 51.641325 ], [ 0.106585, 51.645252 ], [ 0.104293, 51.649263 ], [ 0.10195, 51.651252 ], [ 0.10618, 51.652474 ], [ 0.111842, 51.654536 ], [ 0.121694, 51.656955 ], [ 0.125734, 51.657731 ], [ 0.127567, 51.657143 ], [ 0.132944, 51.65486 ], [ 0.136229, 51.658408 ], [ 0.143015, 51.656297 ], [ 0.148813, 51.657275 ], [ 0.148761, 51.661211 ], [ 0.142428, 51.659869 ], [ 0.135391, 51.662506 ], [ 0.139378, 51.669309 ], [ 0.142363, 51.669247 ], [ 0.145481, 51.676329 ], [ 0.143202, 51.679705 ], [ 0.144814, 51.681754 ], [ 0.136601, 51.674577 ], [ 0.13389, 51.674547 ], [ 0.133325, 51.680115 ], [ 0.134379, 51.682206 ], [ 0.145467, 51.684953 ], [ 0.147878, 51.691095 ], [ 0.156081, 51.700413 ], [ 0.160129, 51.707881 ], [ 0.161512, 51.707822 ], [ 0.162353, 51.711827 ], [ 0.170897, 51.716478 ], [ 0.172164, 51.717348 ], [ 0.173164, 51.717674 ], [ 0.174218, 51.718115 ], [ 0.175169, 51.718384 ], [ 0.176027, 51.718684 ], [ 0.1767, 51.718988 ], [ 0.177668, 51.719546 ], [ 0.178415, 51.72034 ], [ 0.178908, 51.721574 ], [ 0.179384, 51.722519 ], [ 0.17968, 51.722773 ], [ 0.180494, 51.723103 ], [ 0.181341, 51.7232 ], [ 0.182517, 51.72332 ], [ 0.183465, 51.723531 ], [ 0.184367, 51.723772 ], [ 0.184435, 51.724147 ], [ 0.184224, 51.724528 ], [ 0.183713, 51.725378 ], [ 0.183632, 51.726392 ], [ 0.18458, 51.727385 ], [ 0.185336, 51.728324 ], [ 0.185688, 51.72875 ], [ 0.186514, 51.729282 ], [ 0.187332, 51.72967 ], [ 0.188094, 51.729914 ], [ 0.188388, 51.730139 ], [ 0.188436, 51.730949 ], [ 0.187942, 51.732088 ], [ 0.187579, 51.733861 ], [ 0.186134, 51.734731 ], [ 0.18506, 51.735535 ], [ 0.185092, 51.736085 ], [ 0.185726, 51.736534 ], [ 0.186817, 51.7368 ], [ 0.187806, 51.736924 ], [ 0.188461, 51.736938 ], [ 0.189821, 51.736996 ], [ 0.191642, 51.736957 ], [ 0.192722, 51.73702 ], [ 0.193801, 51.737084 ], [ 0.194927, 51.737147 ], [ 0.195768, 51.737129 ], [ 0.195643, 51.737392 ], [ 0.195591, 51.738087 ], [ 0.195616, 51.738521 ], [ 0.195867, 51.738805 ], [ 0.197137, 51.738922 ], [ 0.198494, 51.738951 ], [ 0.199293, 51.739021 ], [ 0.199866, 51.739211 ], [ 0.201042, 51.73933 ], [ 0.201687, 51.739172 ], [ 0.20257, 51.739066 ], [ 0.203506, 51.739011 ], [ 0.204158, 51.739032 ], [ 0.205022, 51.739418 ], [ 0.206112, 51.739655 ], [ 0.20726, 51.739312 ], [ 0.208131, 51.739004 ], [ 0.208475, 51.739286 ], [ 0.210725, 51.740163 ], [ 0.212135, 51.740277 ], [ 0.212799, 51.740436 ], [ 0.213575, 51.740912 ], [ 0.21435, 51.741358 ], [ 0.215227, 51.741947 ], [ 0.215492, 51.742462 ], [ 0.216091, 51.743114 ], [ 0.217166, 51.743872 ], [ 0.217266, 51.744767 ], [ 0.217162, 51.745377 ], [ 0.216815, 51.745848 ], [ 0.216137, 51.746239 ], [ 0.215394, 51.746313 ], [ 0.213768, 51.746236 ], [ 0.213611, 51.747017 ], [ 0.213497, 51.748235 ], [ 0.212469, 51.748257 ], [ 0.21086, 51.747944 ], [ 0.210416, 51.748276 ], [ 0.209588, 51.750142 ], [ 0.20934, 51.750698 ], [ 0.208783, 51.75233 ], [ 0.208225, 51.753963 ], [ 0.203687, 51.751601 ], [ 0.20124, 51.752146 ], [ 0.202016, 51.754184 ], [ 0.199071, 51.754218 ], [ 0.196188, 51.754512 ], [ 0.193559, 51.755147 ], [ 0.189571, 51.755725 ], [ 0.186095, 51.7547 ], [ 0.183566, 51.755448 ], [ 0.180075, 51.756536 ], [ 0.177388, 51.756969 ], [ 0.166443, 51.757 ], [ 0.166074, 51.755503 ], [ 0.163274, 51.757212 ], [ 0.16094, 51.756509 ], [ 0.159961, 51.757369 ], [ 0.159789, 51.757633 ], [ 0.160858, 51.759115 ], [ 0.164124, 51.760551 ], [ 0.166054, 51.761552 ], [ 0.168615, 51.762163 ], [ 0.171946, 51.763105 ], [ 0.175898, 51.765075 ], [ 0.177279, 51.766261 ], [ 0.178772, 51.767792 ], [ 0.179839, 51.769216 ], [ 0.18113, 51.770491 ], [ 0.181004, 51.770725 ], [ 0.18242, 51.770926 ], [ 0.189965, 51.771112 ], [ 0.196741, 51.770966 ], [ 0.200198, 51.771644 ], [ 0.202623, 51.772286 ], [ 0.205835, 51.772796 ], [ 0.208873, 51.773511 ], [ 0.210834, 51.772659 ], [ 0.213838, 51.772796 ], [ 0.213857, 51.774677 ], [ 0.216179, 51.775176 ], [ 0.220206, 51.775986 ], [ 0.223588, 51.776202 ], [ 0.226962, 51.775492 ], [ 0.227099, 51.775431 ], [ 0.234952, 51.77526 ], [ 0.237457, 51.779575 ] ] ] } },
{ "type": "Feature", "properties": { "_ROWID_": 232, "pk": 232, "g_unit": 10075403.0, "g_name": "UXBRIDGE", "namestatus": "P", "g_language": "eng", "unittype": "PR_DIST", "g_status": "RegD", "nation": "ENGLAND", "g_year": 1851.0, "im_auth": "GBHGIS", "im_note": null, "notes": null }, "geometry": { "type": "Polygon", "coordinates": [ [ [ -0.401967, 51.613105 ], [ -0.404815, 51.612738 ], [ -0.404877, 51.612247 ], [ -0.405092, 51.611384 ], [ -0.405399, 51.610521 ], [ -0.404752, 51.609009 ], [ -0.404092, 51.607874 ], [ -0.40384, 51.605674 ], [ -0.404438, 51.604469 ], [ -0.404711, 51.603231 ], [ -0.404102, 51.60198 ], [ -0.403564, 51.601395 ], [ -0.402256, 51.600165 ], [ -0.400585, 51.598671 ], [ -0.399509, 51.597476 ], [ -0.39857, 51.596229 ], [ -0.396985, 51.594889 ], [ -0.39628, 51.59373 ], [ -0.395637, 51.592112 ], [ -0.394529, 51.590547 ], [ -0.393406, 51.589441 ], [ -0.391873, 51.58813 ], [ -0.39198, 51.58638 ], [ -0.392047, 51.584402 ], [ -0.391978, 51.582365 ], [ -0.391518, 51.580926 ], [ -0.390141, 51.57916 ], [ -0.388973, 51.578054 ], [ -0.388332, 51.576497 ], [ -0.387884, 51.574655 ], [ -0.387917, 51.57371 ], [ -0.386841, 51.572543 ], [ -0.385552, 51.570827 ], [ -0.384909, 51.569296 ], [ -0.382908, 51.565509 ], [ -0.382393, 51.564354 ], [ -0.379788, 51.560645 ], [ -0.376144, 51.556177 ], [ -0.375205, 51.555102 ], [ -0.374716, 51.554406 ], [ -0.371812, 51.553741 ], [ -0.368157, 51.554836 ], [ -0.364615, 51.55527 ], [ -0.362545, 51.557199 ], [ -0.360191, 51.557975 ], [ -0.358349, 51.559046 ], [ -0.357204, 51.560009 ], [ -0.355373, 51.560646 ], [ -0.353585, 51.561398 ], [ -0.352477, 51.562618 ], [ -0.350928, 51.563513 ], [ -0.349826, 51.563666 ], [ -0.348448, 51.563901 ], [ -0.347702, 51.564233 ], [ -0.34529, 51.565693 ], [ -0.344047, 51.565419 ], [ -0.34365, 51.562546 ], [ -0.343529, 51.559702 ], [ -0.341926, 51.559136 ], [ -0.342596, 51.558627 ], [ -0.343352, 51.558263 ], [ -0.344304, 51.557671 ], [ -0.345395, 51.557023 ], [ -0.346492, 51.556144 ], [ -0.346601, 51.555685 ], [ -0.346489, 51.554964 ], [ -0.348245, 51.553405 ], [ -0.349452, 51.552878 ], [ -0.3501, 51.552629 ], [ -0.351864, 51.551794 ], [ -0.353143, 51.55063 ], [ -0.354905, 51.549035 ], [ -0.357464, 51.547274 ], [ -0.358889, 51.546133 ], [ -0.35862, 51.544507 ], [ -0.358835, 51.543611 ], [ -0.358594, 51.542505 ], [ -0.357101, 51.541529 ], [ -0.357529, 51.541185 ], [ -0.358973, 51.540824 ], [ -0.360047, 51.540547 ], [ -0.360848, 51.540207 ], [ -0.362035, 51.539408 ], [ -0.362627, 51.538367 ], [ -0.362463, 51.537666 ], [ -0.362847, 51.537292 ], [ -0.363506, 51.537039 ], [ -0.364398, 51.536788 ], [ -0.365245, 51.536479 ], [ -0.365308, 51.535926 ], [ -0.365374, 51.535314 ], [ -0.36564, 51.534208 ], [ -0.366437, 51.532437 ], [ -0.366835, 51.529986 ], [ -0.367468, 51.528941 ], [ -0.367409, 51.527798 ], [ -0.366778, 51.527144 ], [ -0.36574, 51.526075 ], [ -0.364617, 51.52474 ], [ -0.364634, 51.524125 ], [ -0.365216, 51.523253 ], [ -0.365563, 51.522436 ], [ -0.365669, 51.521938 ], [ -0.364213, 51.520892 ], [ -0.363202, 51.520526 ], [ -0.360993, 51.51988 ], [ -0.359104, 51.519385 ], [ -0.357495, 51.518864 ], [ -0.355652, 51.518339 ], [ -0.354495, 51.518206 ], [ -0.352921, 51.518184 ], [ -0.351949, 51.518171 ], [ -0.350701, 51.518066 ], [ -0.349775, 51.518053 ], [ -0.348897, 51.517865 ], [ -0.349093, 51.517427 ], [ -0.349719, 51.516524 ], [ -0.348805, 51.515924 ], [ -0.346877, 51.51481 ], [ -0.348616, 51.514301 ], [ -0.350803, 51.514123 ], [ -0.350698, 51.512999 ], [ -0.349593, 51.51266 ], [ -0.351375, 51.512151 ], [ -0.342878, 51.510568 ], [ -0.341614, 51.509041 ], [ -0.34193, 51.508213 ], [ -0.342691, 51.508073 ], [ -0.342951, 51.50751 ], [ -0.342067, 51.506159 ], [ -0.341767, 51.505498 ], [ -0.343251, 51.505154 ], [ -0.343948, 51.504472 ], [ -0.343503, 51.503987 ], [ -0.341826, 51.503462 ], [ -0.340972, 51.503454 ], [ -0.339237, 51.503103 ], [ -0.338618, 51.502255 ], [ -0.337551, 51.501893 ], [ -0.336985, 51.501322 ], [ -0.337334, 51.500775 ], [ -0.33718, 51.500171 ], [ -0.336646, 51.499232 ], [ -0.337364, 51.498409 ], [ -0.337326, 51.497649 ], [ -0.336745, 51.497125 ], [ -0.33622, 51.496968 ], [ -0.336388, 51.496472 ], [ -0.336955, 51.495432 ], [ -0.337407, 51.495073 ], [ -0.338928, 51.494671 ], [ -0.339803, 51.494537 ], [ -0.341901, 51.494557 ], [ -0.342831, 51.49482 ], [ -0.342924, 51.49485 ], [ -0.343367, 51.495173 ], [ -0.343462, 51.495244 ], [ -0.344228, 51.495748 ], [ -0.345378, 51.496445 ], [ -0.346748, 51.497507 ], [ -0.348101, 51.498243 ], [ -0.349193, 51.498583 ], [ -0.35559, 51.498115 ], [ -0.36086, 51.496261 ], [ -0.362358, 51.495649 ], [ -0.364345, 51.494613 ], [ -0.366912, 51.492041 ], [ -0.368053, 51.490935 ], [ -0.369278, 51.490189 ], [ -0.372032, 51.490411 ], [ -0.372612, 51.491481 ], [ -0.373933, 51.491336 ], [ -0.375106, 51.49206 ], [ -0.375818, 51.493188 ], [ -0.376488, 51.493966 ], [ -0.377427, 51.494608 ], [ -0.378507, 51.494823 ], [ -0.37953, 51.4947 ], [ -0.38066, 51.49435 ], [ -0.382232, 51.493868 ], [ -0.385449, 51.494117 ], [ -0.387953, 51.494687 ], [ -0.391083, 51.495645 ], [ -0.393304, 51.496493 ], [ -0.394002, 51.496643 ], [ -0.395567, 51.496455 ], [ -0.398977, 51.496835 ], [ -0.399408, 51.497034 ], [ -0.403722, 51.497708 ], [ -0.406961, 51.497911 ], [ -0.408349, 51.497972 ], [ -0.409642, 51.498006 ], [ -0.411959, 51.498187 ], [ -0.413733, 51.498265 ], [ -0.417911, 51.499089 ], [ -0.419314, 51.499592 ], [ -0.421243, 51.500235 ], [ -0.431602, 51.508289 ], [ -0.433017, 51.509774 ], [ -0.434579, 51.510687 ], [ -0.435216, 51.511849 ], [ -0.440314, 51.51701 ], [ -0.440827, 51.516233 ], [ -0.442866, 51.5153 ], [ -0.444964, 51.509299 ], [ -0.446393, 51.507607 ], [ -0.447543, 51.506634 ], [ -0.449695, 51.504021 ], [ -0.44992, 51.503185 ], [ -0.449734, 51.502434 ], [ -0.448588, 51.502313 ], [ -0.447443, 51.502019 ], [ -0.44589, 51.501286 ], [ -0.447883, 51.497481 ], [ -0.449159, 51.497656 ], [ -0.45234, 51.498007 ], [ -0.453737, 51.495881 ], [ -0.460489, 51.493081 ], [ -0.47356, 51.491823 ], [ -0.480716, 51.491216 ], [ -0.491685, 51.493169 ], [ -0.485424, 51.505485 ], [ -0.484583, 51.506597 ], [ -0.491458, 51.525247 ], [ -0.490335, 51.528963 ], [ -0.49033, 51.529895 ], [ -0.490141, 51.530737 ], [ -0.491878, 51.534832 ], [ -0.493496, 51.535986 ], [ -0.493516, 51.541647 ], [ -0.493266, 51.5426 ], [ -0.491335, 51.547672 ], [ -0.490538, 51.547749 ], [ -0.489593, 51.548142 ], [ -0.488916, 51.548972 ], [ -0.488569, 51.54969 ], [ -0.487619, 51.550199 ], [ -0.487141, 51.550597 ], [ -0.486222, 51.551655 ], [ -0.485366, 51.552164 ], [ -0.48458, 51.552038 ], [ -0.483417, 51.55211 ], [ -0.483021, 51.552855 ], [ -0.482339, 51.553799 ], [ -0.481291, 51.554623 ], [ -0.479821, 51.555587 ], [ -0.479237, 51.556387 ], [ -0.485874, 51.567757 ], [ -0.485754, 51.568359 ], [ -0.498652, 51.599882 ], [ -0.499715, 51.60244 ], [ -0.500336, 51.603924 ], [ -0.501421, 51.627884 ], [ -0.494083, 51.630683 ], [ -0.492797, 51.630176 ], [ -0.490213, 51.626505 ], [ -0.472891, 51.618462 ], [ -0.469971, 51.616751 ], [ -0.462271, 51.613275 ], [ -0.46048, 51.612588 ], [ -0.458218, 51.612126 ], [ -0.455071, 51.612577 ], [ -0.419835, 51.616862 ], [ -0.41781, 51.616229 ], [ -0.414888, 51.614603 ], [ -0.41356, 51.613979 ], [ -0.411809, 51.613523 ], [ -0.410281, 51.613329 ], [ -0.408608, 51.613307 ], [ -0.406231, 51.613478 ], [ -0.403825, 51.613158 ], [ -0.401967, 51.613105 ] ] ] } },
{ "type": "Feature", "properties": { "_ROWID_": 234, "pk": 234, "g_unit": 10112151.0, "g_name": "ETON", "namestatus": "P", "g_language": "eng", "unittype": "PR_DIST", "g_status": "RegD", "nation": "ENGLAND", "g_year": 1851.0, "im_auth": "GBHGIS", "im_note": null, "notes": null }, "geometry": { "type": "Polygon", "coordinates": [ [ [ -0.498652, 51.599882 ], [ -0.485754, 51.568359 ], [ -0.485874, 51.567757 ], [ -0.479237, 51.556387 ], [ -0.479821, 51.555587 ], [ -0.481291, 51.554623 ], [ -0.482339, 51.553799 ], [ -0.483021, 51.552855 ], [ -0.483417, 51.55211 ], [ -0.48458, 51.552038 ], [ -0.485366, 51.552164 ], [ -0.486222, 51.551655 ], [ -0.487141, 51.550597 ], [ -0.487619, 51.550199 ], [ -0.488569, 51.54969 ], [ -0.488916, 51.548972 ], [ -0.489593, 51.548142 ], [ -0.490538, 51.547749 ], [ -0.491335, 51.547672 ], [ -0.493266, 51.5426 ], [ -0.493516, 51.541647 ], [ -0.493496, 51.535986 ], [ -0.491878, 51.534832 ], [ -0.490141, 51.530737 ], [ -0.49033, 51.529895 ], [ -0.490335, 51.528963 ], [ -0.491458, 51.525247 ], [ -0.484583, 51.506597 ], [ -0.485424, 51.505485 ], [ -0.491685, 51.493169 ], [ -0.499828, 51.480399 ], [ -0.501233, 51.480482 ], [ -0.502431, 51.48086 ], [ -0.503222, 51.48124 ], [ -0.504308, 51.481238 ], [ -0.505511, 51.480884 ], [ -0.507556, 51.480205 ], [ -0.508827, 51.480205 ], [ -0.511098, 51.480972 ], [ -0.51333, 51.481803 ], [ -0.514672, 51.482161 ], [ -0.51606, 51.482116 ], [ -0.518659, 51.481231 ], [ -0.519914, 51.47998 ], [ -0.520151, 51.479084 ], [ -0.520817, 51.477937 ], [ -0.520872, 51.4778 ], [ -0.521578, 51.476025 ], [ -0.52136, 51.474611 ], [ -0.521004, 51.47317 ], [ -0.520875, 51.472494 ], [ -0.520665, 51.471174 ], [ -0.521084, 51.470443 ], [ -0.522489, 51.469218 ], [ -0.524829, 51.465427 ], [ -0.52604, 51.464703 ], [ -0.527023, 51.463978 ], [ -0.526376, 51.462956 ], [ -0.525974, 51.462227 ], [ -0.526082, 51.4615 ], [ -0.526435, 51.461094 ], [ -0.526096, 51.460744 ], [ -0.526622, 51.46002 ], [ -0.527012, 51.459353 ], [ -0.527585, 51.4586 ], [ -0.52815, 51.457587 ], [ -0.528765, 51.456603 ], [ -0.529274, 51.455128 ], [ -0.529553, 51.453565 ], [ -0.52962, 51.452582 ], [ -0.529079, 51.451395 ], [ -0.527227, 51.449399 ], [ -0.526701, 51.448533 ], [ -0.525422, 51.446695 ], [ -0.524361, 51.444367 ], [ -0.524343, 51.443295 ], [ -0.523962, 51.442238 ], [ -0.522285, 51.441301 ], [ -0.521629, 51.440389 ], [ -0.522544, 51.439524 ], [ -0.522585, 51.439083 ], [ -0.520354, 51.438582 ], [ -0.518732, 51.438303 ], [ -0.518019, 51.437236 ], [ -0.518103, 51.436759 ], [ -0.518598, 51.435642 ], [ -0.518921, 51.434773 ], [ -0.517649, 51.433362 ], [ -0.51729, 51.433013 ], [ -0.52907, 51.436465 ], [ -0.535901, 51.435742 ], [ -0.536762, 51.437185 ], [ -0.54912, 51.442553 ], [ -0.554067, 51.441637 ], [ -0.561668, 51.445185 ], [ -0.566897, 51.450448 ], [ -0.571475, 51.451095 ], [ -0.567653, 51.457467 ], [ -0.568329, 51.459971 ], [ -0.558709, 51.467045 ], [ -0.559461, 51.471586 ], [ -0.561867, 51.472936 ], [ -0.568108, 51.469298 ], [ -0.572332, 51.468707 ], [ -0.57804, 51.468622 ], [ -0.582858, 51.47052 ], [ -0.584085, 51.47326 ], [ -0.577695, 51.479161 ], [ -0.578656, 51.481495 ], [ -0.590053, 51.486977 ], [ -0.590732, 51.488772 ], [ -0.596993, 51.492635 ], [ -0.602321, 51.493208 ], [ -0.604702, 51.491112 ], [ -0.605791, 51.486432 ], [ -0.615925, 51.483797 ], [ -0.626515, 51.487806 ], [ -0.625474, 51.490468 ], [ -0.632345, 51.491713 ], [ -0.644829, 51.487401 ], [ -0.652102, 51.483204 ], [ -0.654585, 51.483734 ], [ -0.654975, 51.484163 ], [ -0.656244, 51.484994 ], [ -0.658137, 51.485079 ], [ -0.660487, 51.485337 ], [ -0.662153, 51.485723 ], [ -0.663265, 51.486065 ], [ -0.664866, 51.486422 ], [ -0.667489, 51.487848 ], [ -0.669428, 51.489132 ], [ -0.671643, 51.490455 ], [ -0.673396, 51.491662 ], [ -0.674985, 51.492555 ], [ -0.677082, 51.494056 ], [ -0.677732, 51.495123 ], [ -0.678892, 51.496742 ], [ -0.679465, 51.498023 ], [ -0.68105, 51.499634 ], [ -0.681912, 51.500642 ], [ -0.682314, 51.501909 ], [ -0.682813, 51.502939 ], [ -0.684361, 51.505121 ], [ -0.685063, 51.506078 ], [ -0.686324, 51.50742 ], [ -0.688058, 51.508333 ], [ -0.689339, 51.508882 ], [ -0.691867, 51.509586 ], [ -0.693253, 51.509246 ], [ -0.695245, 51.508905 ], [ -0.696539, 51.508753 ], [ -0.699974, 51.508596 ], [ -0.701581, 51.509287 ], [ -0.702449, 51.510124 ], [ -0.703218, 51.51132 ], [ -0.70263, 51.516556 ], [ -0.702667, 51.517583 ], [ -0.702915, 51.519325 ], [ -0.703315, 51.521421 ], [ -0.702957, 51.523895 ], [ -0.702531, 51.525746 ], [ -0.701928, 51.527667 ], [ -0.700426, 51.531046 ], [ -0.700232, 51.531833 ], [ -0.700142, 51.533006 ], [ -0.699902, 51.534204 ], [ -0.699819, 51.535096 ], [ -0.699841, 51.536421 ], [ -0.699549, 51.537464 ], [ -0.698161, 51.539168 ], [ -0.69377, 51.542946 ], [ -0.692258, 51.544878 ], [ -0.691788, 51.54625 ], [ -0.691919, 51.54755 ], [ -0.691833, 51.549465 ], [ -0.692317, 51.550568 ], [ -0.692529, 51.551586 ], [ -0.692451, 51.553138 ], [ -0.692132, 51.554499 ], [ -0.692319, 51.556758 ], [ -0.692661, 51.558407 ], [ -0.693882, 51.561119 ], [ -0.692552, 51.563156 ], [ -0.689432, 51.561745 ], [ -0.685283, 51.561611 ], [ -0.684827, 51.562912 ], [ -0.682889, 51.562832 ], [ -0.682177, 51.563603 ], [ -0.679174, 51.563823 ], [ -0.678026, 51.563947 ], [ -0.677398, 51.564836 ], [ -0.67596, 51.566468 ], [ -0.675983, 51.567562 ], [ -0.673984, 51.570789 ], [ -0.680126, 51.576595 ], [ -0.677934, 51.577605 ], [ -0.674389, 51.579055 ], [ -0.672558, 51.579918 ], [ -0.669699, 51.580237 ], [ -0.668946, 51.580236 ], [ -0.669185, 51.581876 ], [ -0.668033, 51.582314 ], [ -0.666639, 51.582926 ], [ -0.666865, 51.58407 ], [ -0.666476, 51.585329 ], [ -0.66423, 51.586313 ], [ -0.661983, 51.586359 ], [ -0.660931, 51.586908 ], [ -0.658729, 51.587011 ], [ -0.656256, 51.586879 ], [ -0.653651, 51.586572 ], [ -0.652181, 51.585977 ], [ -0.650546, 51.584829 ], [ -0.649061, 51.583392 ], [ -0.647436, 51.581954 ], [ -0.647026, 51.581661 ], [ -0.644881, 51.581588 ], [ -0.64295, 51.581925 ], [ -0.641382, 51.582498 ], [ -0.639727, 51.582812 ], [ -0.635041, 51.582959 ], [ -0.633135, 51.582853 ], [ -0.631559, 51.582634 ], [ -0.629613, 51.582099 ], [ -0.628319, 51.581429 ], [ -0.627219, 51.580758 ], [ -0.625394, 51.580198 ], [ -0.622784, 51.580085 ], [ -0.620174, 51.580068 ], [ -0.619018, 51.579907 ], [ -0.617249, 51.579007 ], [ -0.616493, 51.57791 ], [ -0.615191, 51.576145 ], [ -0.613147, 51.576162 ], [ -0.613572, 51.577697 ], [ -0.612862, 51.57941 ], [ -0.612081, 51.58009 ], [ -0.611665, 51.580849 ], [ -0.612243, 51.581544 ], [ -0.61216, 51.582666 ], [ -0.611734, 51.584304 ], [ -0.611376, 51.585337 ], [ -0.609543, 51.58604 ], [ -0.60846, 51.586548 ], [ -0.608662, 51.587471 ], [ -0.606995, 51.588837 ], [ -0.605745, 51.590208 ], [ -0.604057, 51.592294 ], [ -0.601699, 51.595009 ], [ -0.59954, 51.595792 ], [ -0.597013, 51.596456 ], [ -0.595312, 51.596004 ], [ -0.59227, 51.594296 ], [ -0.590718, 51.593731 ], [ -0.588844, 51.593162 ], [ -0.586547, 51.59282 ], [ -0.583452, 51.592814 ], [ -0.58039, 51.593037 ], [ -0.57849, 51.593072 ], [ -0.576829, 51.592937 ], [ -0.575906, 51.590712 ], [ -0.573721, 51.591096 ], [ -0.57328, 51.590255 ], [ -0.569179, 51.590021 ], [ -0.569062, 51.590014 ], [ -0.553101, 51.582287 ], [ -0.552957, 51.58235 ], [ -0.551871, 51.58283 ], [ -0.547653, 51.587396 ], [ -0.546671, 51.588146 ], [ -0.545938, 51.590515 ], [ -0.545248, 51.591456 ], [ -0.545181, 51.592922 ], [ -0.544581, 51.594989 ], [ -0.543776, 51.596451 ], [ -0.542526, 51.597477 ], [ -0.540189, 51.598868 ], [ -0.538867, 51.599856 ], [ -0.538744, 51.599948 ], [ -0.536432, 51.600458 ], [ -0.532759, 51.601083 ], [ -0.529842, 51.60342 ], [ -0.526402, 51.605344 ], [ -0.522393, 51.607057 ], [ -0.52173, 51.604883 ], [ -0.519978, 51.602756 ], [ -0.519746, 51.601745 ], [ -0.517991, 51.60116 ], [ -0.516073, 51.600981 ], [ -0.511964, 51.600754 ], [ -0.507967, 51.600672 ], [ -0.5053, 51.6005 ], [ -0.501966, 51.600521 ], [ -0.499255, 51.600302 ], [ -0.498652, 51.599882 ] ] ] } },
{ "type": "Feature", "properties": { "_ROWID_": 235, "pk": 235, "g_unit": 10154972.0, "g_name": "ORSETT", "namestatus": "P", "g_language": "eng", "unittype": "PR_DIST", "g_status": "RegD", "nation": "ENGLAND", "g_year": 1851.0, "im_auth": "GBHGIS", "im_note": null, "notes": null }, "geometry": { "type": "Polygon", "coordinates": [ [ [ 0.525461, 51.531939 ], [ 0.541576, 51.534121 ], [ 0.543151, 51.546643 ], [ 0.545743, 51.5471 ], [ 0.548256, 51.547067 ], [ 0.549828, 51.5448 ], [ 0.551545, 51.54437 ], [ 0.557044, 51.5441 ], [ 0.559299, 51.543569 ], [ 0.561529, 51.542529 ], [ 0.563424, 51.541776 ], [ 0.566699, 51.540624 ], [ 0.56906, 51.539726 ], [ 0.572842, 51.538503 ], [ 0.574541, 51.538143 ], [ 0.581368, 51.538587 ], [ 0.586446, 51.538362 ], [ 0.589133, 51.537791 ], [ 0.589659, 51.536703 ], [ 0.594853, 51.537065 ], [ 0.600798, 51.534967 ], [ 0.602803, 51.532447 ], [ 0.603752, 51.532073 ], [ 0.605189, 51.530728 ], [ 0.606261, 51.52948 ], [ 0.606843, 51.529174 ], [ 0.608881, 51.529118 ], [ 0.612504, 51.529108 ], [ 0.614324, 51.529205 ], [ 0.616353, 51.530895 ], [ 0.617649, 51.531415 ], [ 0.62018, 51.53092 ], [ 0.621478, 51.530774 ], [ 0.62276, 51.530425 ], [ 0.623583, 51.530175 ], [ 0.624781, 51.529944 ], [ 0.626738, 51.52926 ], [ 0.62886, 51.528948 ], [ 0.636295, 51.528758 ], [ 0.641957, 51.526025 ], [ 0.643805, 51.525861 ], [ 0.645616, 51.525813 ], [ 0.649313, 51.526095 ], [ 0.655832, 51.527463 ], [ 0.658535, 51.527538 ], [ 0.660445, 51.527547 ], [ 0.660768, 51.52751 ], [ 0.662835, 51.527109 ], [ 0.667435, 51.526936 ], [ 0.678905, 51.522666 ], [ 0.679726, 51.521749 ], [ 0.680936, 51.521636 ], [ 0.678941, 51.521216 ], [ 0.677438, 51.519773 ], [ 0.677363, 51.517427 ], [ 0.677471, 51.515656 ], [ 0.678062, 51.513469 ], [ 0.678238, 51.511987 ], [ 0.678615, 51.510067 ], [ 0.678654, 51.507953 ], [ 0.677893, 51.500331 ], [ 0.676461, 51.500034 ], [ 0.675386, 51.499812 ], [ 0.67179, 51.499615 ], [ 0.660011, 51.498955 ], [ 0.654483, 51.499041 ], [ 0.649257, 51.49941 ], [ 0.642623, 51.500278 ], [ 0.638795, 51.500698 ], [ 0.636035, 51.500424 ], [ 0.632812, 51.500189 ], [ 0.629037, 51.499417 ], [ 0.625704, 51.499007 ], [ 0.621574, 51.498613 ], [ 0.616944, 51.498404 ], [ 0.612927, 51.49813 ], [ 0.609379, 51.497876 ], [ 0.606548, 51.497805 ], [ 0.606031, 51.497792 ], [ 0.6014, 51.497973 ], [ 0.59451, 51.49847 ], [ 0.590396, 51.498836 ], [ 0.586545, 51.499323 ], [ 0.584086, 51.49969 ], [ 0.580336, 51.499962 ], [ 0.571648, 51.500553 ], [ 0.566691, 51.500905 ], [ 0.559319, 51.501972 ], [ 0.550524, 51.502728 ], [ 0.525977, 51.50091 ], [ 0.495399, 51.498633 ], [ 0.474526, 51.495285 ], [ 0.464332, 51.489422 ], [ 0.458321, 51.484182 ], [ 0.452432, 51.476479 ], [ 0.44826, 51.463641 ], [ 0.447874, 51.463088 ], [ 0.443552, 51.456894 ], [ 0.437569, 51.45368 ], [ 0.434263, 51.451904 ], [ 0.424978, 51.450774 ], [ 0.40279, 51.44807 ], [ 0.398781, 51.448024 ], [ 0.392228, 51.44795 ], [ 0.372657, 51.447726 ], [ 0.354543, 51.447988 ], [ 0.35394, 51.447997 ], [ 0.353857, 51.447998 ], [ 0.348979, 51.448068 ], [ 0.335775, 51.450221 ], [ 0.325849, 51.460373 ], [ 0.325276, 51.46163 ], [ 0.323895, 51.463369 ], [ 0.322509, 51.465021 ], [ 0.320572, 51.466801 ], [ 0.317426, 51.468551 ], [ 0.315698, 51.468984 ], [ 0.314129, 51.469378 ], [ 0.310467, 51.469547 ], [ 0.307626, 51.469466 ], [ 0.30506, 51.469322 ], [ 0.30221, 51.468315 ], [ 0.28552, 51.457546 ], [ 0.277749, 51.45662 ], [ 0.275997, 51.457265 ], [ 0.247871, 51.467612 ], [ 0.241485, 51.471182 ], [ 0.223617, 51.481166 ], [ 0.219342, 51.483574 ], [ 0.209985, 51.484993 ], [ 0.213224, 51.494965 ], [ 0.239259, 51.501777 ], [ 0.239222, 51.503514 ], [ 0.223582, 51.503364 ], [ 0.230684, 51.506218 ], [ 0.235347, 51.506406 ], [ 0.245329, 51.509168 ], [ 0.244538, 51.510719 ], [ 0.240197, 51.511277 ], [ 0.240798, 51.51355 ], [ 0.23741, 51.5184 ], [ 0.244649, 51.518038 ], [ 0.244948, 51.519942 ], [ 0.241052, 51.522487 ], [ 0.246406, 51.523296 ], [ 0.249575, 51.528811 ], [ 0.253195, 51.517764 ], [ 0.263904, 51.517846 ], [ 0.264342, 51.522032 ], [ 0.266917, 51.522293 ], [ 0.266934, 51.524116 ], [ 0.264891, 51.524972 ], [ 0.264971, 51.533247 ], [ 0.259903, 51.540333 ], [ 0.259469, 51.544742 ], [ 0.262324, 51.544968 ], [ 0.267289, 51.542369 ], [ 0.277447, 51.545559 ], [ 0.280623, 51.544186 ], [ 0.280824, 51.542127 ], [ 0.286265, 51.542005 ], [ 0.28953, 51.548994 ], [ 0.303325, 51.546109 ], [ 0.327932, 51.547927 ], [ 0.333282, 51.542568 ], [ 0.338994, 51.546084 ], [ 0.343988, 51.54626 ], [ 0.345772, 51.547985 ], [ 0.344822, 51.552955 ], [ 0.358444, 51.555537 ], [ 0.363281, 51.556179 ], [ 0.365641, 51.559656 ], [ 0.383868, 51.556167 ], [ 0.384343, 51.551121 ], [ 0.397687, 51.551506 ], [ 0.400255, 51.559694 ], [ 0.3952, 51.563747 ], [ 0.391994, 51.56388 ], [ 0.391519, 51.567422 ], [ 0.409946, 51.570002 ], [ 0.423333, 51.565116 ], [ 0.438779, 51.559688 ], [ 0.444452, 51.560972 ], [ 0.44526, 51.564136 ], [ 0.448792, 51.566165 ], [ 0.447236, 51.570948 ], [ 0.450431, 51.569918 ], [ 0.458217, 51.567099 ], [ 0.457701, 51.557648 ], [ 0.465964, 51.546396 ], [ 0.472704, 51.545483 ], [ 0.481435, 51.547965 ], [ 0.485619, 51.547141 ], [ 0.487122, 51.544472 ], [ 0.48576, 51.54216 ], [ 0.489002, 51.543298 ], [ 0.493368, 51.538851 ], [ 0.500437, 51.537292 ], [ 0.504604, 51.538349 ], [ 0.506691, 51.536793 ], [ 0.512548, 51.533815 ], [ 0.510859, 51.536461 ], [ 0.523585, 51.536673 ], [ 0.52796, 51.535235 ], [ 0.525461, 51.531939 ] ] ] } },
{ "type": "Feature", "properties": { "_ROWID_": 242, "pk": 242, "g_unit": 10085822.0, "g_name": "STAINES", "namestatus": "P", "g_language": "eng", "unittype": "PR_DIST", "g_status": "RegD", "nation": "ENGLAND", "g_year": 1851.0, "im_auth": "GBHGIS", "im_note": null, "notes": null }, "geometry": { "type": "Polygon", "coordinates": [ [ [ -0.399408, 51.497034 ], [ -0.399529, 51.495631 ], [ -0.399645, 51.495164 ], [ -0.400204, 51.49428 ], [ -0.40096, 51.493078 ], [ -0.401409, 51.492256 ], [ -0.401681, 51.491406 ], [ -0.40201, 51.490422 ], [ -0.402734, 51.489151 ], [ -0.403465, 51.487943 ], [ -0.404054, 51.486789 ], [ -0.404786, 51.4855 ], [ -0.40611, 51.484166 ], [ -0.408897, 51.482517 ], [ -0.409455, 51.48211 ], [ -0.410436, 51.48121 ], [ -0.411484, 51.479456 ], [ -0.411788, 51.478302 ], [ -0.411895, 51.477669 ], [ -0.412, 51.47712 ], [ -0.412237, 51.476709 ], [ -0.414626, 51.476806 ], [ -0.415612, 51.477114 ], [ -0.403652, 51.466768 ], [ -0.403349, 51.466052 ], [ -0.401789, 51.464771 ], [ -0.40095, 51.463525 ], [ -0.400294, 51.462034 ], [ -0.401171, 51.460537 ], [ -0.399734, 51.459636 ], [ -0.398883, 51.458523 ], [ -0.397531, 51.457701 ], [ -0.396183, 51.45707 ], [ -0.394637, 51.456873 ], [ -0.39381, 51.45702 ], [ -0.392361, 51.456904 ], [ -0.39147, 51.456276 ], [ -0.39094, 51.455793 ], [ -0.39065, 51.455151 ], [ -0.390488, 51.454705 ], [ -0.388406, 51.452703 ], [ -0.388315, 51.452672 ], [ -0.387534, 51.452734 ], [ -0.386406, 51.451851 ], [ -0.385364, 51.450943 ], [ -0.385095, 51.450065 ], [ -0.378479, 51.444971 ], [ -0.370991, 51.444982 ], [ -0.370349, 51.444776 ], [ -0.368838, 51.443892 ], [ -0.367991, 51.443529 ], [ -0.367191, 51.443483 ], [ -0.366194, 51.443282 ], [ -0.36562, 51.442964 ], [ -0.366083, 51.442546 ], [ -0.36669, 51.442071 ], [ -0.367343, 51.441598 ], [ -0.367901, 51.441204 ], [ -0.369472, 51.44007 ], [ -0.371606, 51.439269 ], [ -0.372528, 51.438859 ], [ -0.374368, 51.438042 ], [ -0.374414, 51.438043 ], [ -0.375004, 51.437622 ], [ -0.375914, 51.437083 ], [ -0.376822, 51.436561 ], [ -0.377861, 51.435871 ], [ -0.380885, 51.434084 ], [ -0.382813, 51.432819 ], [ -0.384011, 51.431783 ], [ -0.38525, 51.430684 ], [ -0.38575, 51.429528 ], [ -0.384815, 51.428112 ], [ -0.382756, 51.425195 ], [ -0.38499, 51.419366 ], [ -0.385451, 51.419358 ], [ -0.385132, 51.418016 ], [ -0.385021, 51.417422 ], [ -0.38485, 51.416249 ], [ -0.379032, 51.41106 ], [ -0.378582, 51.40988 ], [ -0.378376, 51.408899 ], [ -0.38006, 51.408353 ], [ -0.38178, 51.40781 ], [ -0.383854, 51.408092 ], [ -0.385617, 51.408646 ], [ -0.393411, 51.409296 ], [ -0.396816, 51.40871 ], [ -0.404621, 51.40504 ], [ -0.408398, 51.404793 ], [ -0.41157, 51.403584 ], [ -0.41798, 51.397936 ], [ -0.420044, 51.396827 ], [ -0.419938, 51.394642 ], [ -0.421212, 51.392838 ], [ -0.421319, 51.392684 ], [ -0.424177, 51.39207 ], [ -0.426487, 51.391112 ], [ -0.428204, 51.388651 ], [ -0.429656, 51.385177 ], [ -0.432859, 51.383994 ], [ -0.435691, 51.383981 ], [ -0.438606, 51.385311 ], [ -0.442319, 51.389951 ], [ -0.444396, 51.388207 ], [ -0.445356, 51.387794 ], [ -0.448365, 51.387409 ], [ -0.451113, 51.3891 ], [ -0.452548, 51.387586 ], [ -0.450437, 51.385504 ], [ -0.45287, 51.383371 ], [ -0.455747, 51.384016 ], [ -0.459041, 51.381891 ], [ -0.45937, 51.381259 ], [ -0.464117, 51.381302 ], [ -0.463136, 51.383973 ], [ -0.468557, 51.382923 ], [ -0.471111, 51.383711 ], [ -0.472162, 51.38589 ], [ -0.475063, 51.389136 ], [ -0.478025, 51.392462 ], [ -0.481411, 51.388931 ], [ -0.48458, 51.388644 ], [ -0.486196, 51.390541 ], [ -0.483613, 51.39161 ], [ -0.485986, 51.393846 ], [ -0.487489, 51.399116 ], [ -0.491578, 51.406414 ], [ -0.493514, 51.407698 ], [ -0.495008, 51.409343 ], [ -0.495258, 51.4113 ], [ -0.493852, 51.414102 ], [ -0.49391, 51.414112 ], [ -0.498688, 51.414921 ], [ -0.499243, 51.412927 ], [ -0.501158, 51.411391 ], [ -0.502338, 51.41161 ], [ -0.503197, 51.412706 ], [ -0.501253, 51.414082 ], [ -0.501398, 51.416377 ], [ -0.506773, 51.417595 ], [ -0.510002, 51.417069 ], [ -0.511684, 51.418686 ], [ -0.511558, 51.419095 ], [ -0.510921, 51.420784 ], [ -0.511, 51.421174 ], [ -0.511153, 51.421927 ], [ -0.508943, 51.424838 ], [ -0.508191, 51.426726 ], [ -0.511458, 51.431897 ], [ -0.512907, 51.432286 ], [ -0.516328, 51.432705 ], [ -0.51729, 51.433013 ], [ -0.517649, 51.433362 ], [ -0.518921, 51.434773 ], [ -0.518598, 51.435642 ], [ -0.518103, 51.436759 ], [ -0.518019, 51.437236 ], [ -0.518732, 51.438303 ], [ -0.520354, 51.438582 ], [ -0.522585, 51.439083 ], [ -0.522544, 51.439524 ], [ -0.521629, 51.440389 ], [ -0.522285, 51.441301 ], [ -0.523962, 51.442238 ], [ -0.524343, 51.443295 ], [ -0.524361, 51.444367 ], [ -0.525422, 51.446695 ], [ -0.526701, 51.448533 ], [ -0.527227, 51.449399 ], [ -0.529079, 51.451395 ], [ -0.52962, 51.452582 ], [ -0.529553, 51.453565 ], [ -0.529274, 51.455128 ], [ -0.528765, 51.456603 ], [ -0.52815, 51.457587 ], [ -0.527585, 51.4586 ], [ -0.527012, 51.459353 ], [ -0.526622, 51.46002 ], [ -0.526096, 51.460744 ], [ -0.526435, 51.461094 ], [ -0.526082, 51.4615 ], [ -0.525974, 51.462227 ], [ -0.526376, 51.462956 ], [ -0.527023, 51.463978 ], [ -0.52604, 51.464703 ], [ -0.524829, 51.465427 ], [ -0.522489, 51.469218 ], [ -0.521084, 51.470443 ], [ -0.520665, 51.471174 ], [ -0.520875, 51.472494 ], [ -0.521004, 51.47317 ], [ -0.52136, 51.474611 ], [ -0.521578, 51.476025 ], [ -0.520872, 51.4778 ], [ -0.520817, 51.477937 ], [ -0.520151, 51.479084 ], [ -0.519914, 51.47998 ], [ -0.518659, 51.481231 ], [ -0.51606, 51.482116 ], [ -0.514672, 51.482161 ], [ -0.51333, 51.481803 ], [ -0.511098, 51.480972 ], [ -0.508827, 51.480205 ], [ -0.507556, 51.480205 ], [ -0.505511, 51.480884 ], [ -0.504308, 51.481238 ], [ -0.503222, 51.48124 ], [ -0.502431, 51.48086 ], [ -0.501233, 51.480482 ], [ -0.499828, 51.480399 ], [ -0.491685, 51.493169 ], [ -0.480716, 51.491216 ], [ -0.47356, 51.491823 ], [ -0.460489, 51.493081 ], [ -0.453737, 51.495881 ], [ -0.45234, 51.498007 ], [ -0.449159, 51.497656 ], [ -0.447883, 51.497481 ], [ -0.44589, 51.501286 ], [ -0.447443, 51.502019 ], [ -0.448588, 51.502313 ], [ -0.449734, 51.502434 ], [ -0.44992, 51.503185 ], [ -0.449695, 51.504021 ], [ -0.447543, 51.506634 ], [ -0.446393, 51.507607 ], [ -0.444964, 51.509299 ], [ -0.442866, 51.5153 ], [ -0.440827, 51.516233 ], [ -0.440314, 51.51701 ], [ -0.435216, 51.511849 ], [ -0.434579, 51.510687 ], [ -0.433017, 51.509774 ], [ -0.431602, 51.508289 ], [ -0.421243, 51.500235 ], [ -0.419314, 51.499592 ], [ -0.417911, 51.499089 ], [ -0.413733, 51.498265 ], [ -0.411959, 51.498187 ], [ -0.409642, 51.498006 ], [ -0.408349, 51.497972 ], [ -0.406961, 51.497911 ], [ -0.403722, 51.497708 ], [ -0.399408, 51.497034 ] ] ] } },
{ "type": "Feature", "properties": { "_ROWID_": 249, "pk": 249, "g_unit": 10154789.0, "g_name": "WATFORD", "namestatus": "P", "g_language": "eng", "unittype": "PR_DIST", "g_status": "RegD", "nation": "ENGLAND", "g_year": 1851.0, "im_auth": "GBHGIS", "im_note": null, "notes": null }, "geometry": { "type": "Polygon", "coordinates": [ [ [ -0.434689, 51.749552 ], [ -0.431194, 51.747273 ], [ -0.429037, 51.74629 ], [ -0.427662, 51.745645 ], [ -0.425655, 51.744461 ], [ -0.4243, 51.74338 ], [ -0.422404, 51.741848 ], [ -0.42151, 51.740923 ], [ -0.420076, 51.739548 ], [ -0.41842, 51.737875 ], [ -0.418226, 51.737025 ], [ -0.41798, 51.735298 ], [ -0.416927, 51.733756 ], [ -0.416221, 51.732806 ], [ -0.414788, 51.732362 ], [ -0.413703, 51.732512 ], [ -0.412669, 51.732574 ], [ -0.41209, 51.731918 ], [ -0.411442, 51.730735 ], [ -0.411052, 51.730055 ], [ -0.410625, 51.729169 ], [ -0.410584, 51.728029 ], [ -0.410443, 51.727063 ], [ -0.409697, 51.725965 ], [ -0.408168, 51.725193 ], [ -0.408473, 51.724746 ], [ -0.410051, 51.724084 ], [ -0.410707, 51.723078 ], [ -0.410598, 51.722404 ], [ -0.409334, 51.721351 ], [ -0.409491, 51.719982 ], [ -0.40926, 51.718896 ], [ -0.408894, 51.71769 ], [ -0.40862, 51.716515 ], [ -0.408218, 51.715044 ], [ -0.408036, 51.71393 ], [ -0.408305, 51.712932 ], [ -0.408761, 51.711719 ], [ -0.409132, 51.710764 ], [ -0.409272, 51.709774 ], [ -0.408984, 51.70889 ], [ -0.408236, 51.70782 ], [ -0.406137, 51.707563 ], [ -0.405335, 51.70769 ], [ -0.404706, 51.707089 ], [ -0.403, 51.707486 ], [ -0.402039, 51.707988 ], [ -0.401039, 51.708343 ], [ -0.399122, 51.70923 ], [ -0.397499, 51.709862 ], [ -0.395174, 51.709454 ], [ -0.393836, 51.708982 ], [ -0.386336, 51.707888 ], [ -0.384379, 51.707634 ], [ -0.381812, 51.707365 ], [ -0.380372, 51.707066 ], [ -0.38093, 51.706144 ], [ -0.380446, 51.705459 ], [ -0.378751, 51.704569 ], [ -0.37846, 51.703772 ], [ -0.378312, 51.702891 ], [ -0.378356, 51.701927 ], [ -0.37706, 51.701572 ], [ -0.376671, 51.700831 ], [ -0.376577, 51.699805 ], [ -0.376374, 51.699127 ], [ -0.37594, 51.698356 ], [ -0.375906, 51.697038 ], [ -0.37595, 51.696074 ], [ -0.375899, 51.695137 ], [ -0.375856, 51.694024 ], [ -0.375532, 51.692875 ], [ -0.375291, 51.691991 ], [ -0.374456, 51.69077 ], [ -0.373615, 51.689666 ], [ -0.372965, 51.688479 ], [ -0.372095, 51.688018 ], [ -0.370257, 51.688234 ], [ -0.368879, 51.688638 ], [ -0.366881, 51.68926 ], [ -0.365268, 51.689686 ], [ -0.364109, 51.689393 ], [ -0.3631, 51.688899 ], [ -0.360642, 51.689334 ], [ -0.3593, 51.689972 ], [ -0.357791, 51.691192 ], [ -0.355806, 51.691521 ], [ -0.354737, 51.690294 ], [ -0.354642, 51.689296 ], [ -0.354767, 51.688626 ], [ -0.355517, 51.687592 ], [ -0.356155, 51.686965 ], [ -0.357597, 51.686182 ], [ -0.359634, 51.685708 ], [ -0.361107, 51.685277 ], [ -0.360827, 51.684217 ], [ -0.360614, 51.682718 ], [ -0.359271, 51.681308 ], [ -0.358216, 51.680783 ], [ -0.357005, 51.680606 ], [ -0.355791, 51.680516 ], [ -0.346893, 51.680285 ], [ -0.344488, 51.680603 ], [ -0.343164, 51.680833 ], [ -0.342199, 51.681451 ], [ -0.341944, 51.682938 ], [ -0.341821, 51.683579 ], [ -0.34091, 51.684023 ], [ -0.340275, 51.684563 ], [ -0.338711, 51.686981 ], [ -0.337152, 51.685184 ], [ -0.334936, 51.685449 ], [ -0.333419, 51.685819 ], [ -0.33173, 51.685834 ], [ -0.330372, 51.685798 ], [ -0.328733, 51.685756 ], [ -0.327047, 51.685712 ], [ -0.325689, 51.685676 ], [ -0.324655, 51.685737 ], [ -0.322524, 51.686179 ], [ -0.321524, 51.686504 ], [ -0.320567, 51.686918 ], [ -0.319476, 51.687212 ], [ -0.321851, 51.691635 ], [ -0.321973, 51.693043 ], [ -0.320965, 51.693573 ], [ -0.31889, 51.693812 ], [ -0.317729, 51.694572 ], [ -0.316606, 51.695538 ], [ -0.315166, 51.696261 ], [ -0.313828, 51.695787 ], [ -0.312556, 51.6959 ], [ -0.31111, 51.69674 ], [ -0.309724, 51.697289 ], [ -0.307647, 51.697586 ], [ -0.306021, 51.69725 ], [ -0.305002, 51.69699 ], [ -0.303146, 51.696531 ], [ -0.299862, 51.696562 ], [ -0.299065, 51.695545 ], [ -0.29839, 51.693918 ], [ -0.297464, 51.692664 ], [ -0.296415, 51.691026 ], [ -0.295442, 51.689742 ], [ -0.295375, 51.689184 ], [ -0.296128, 51.689116 ], [ -0.29725, 51.689204 ], [ -0.298317, 51.689437 ], [ -0.299819, 51.689418 ], [ -0.300015, 51.688223 ], [ -0.298845, 51.687167 ], [ -0.29796, 51.686031 ], [ -0.297433, 51.685257 ], [ -0.295339, 51.683913 ], [ -0.29343, 51.682604 ], [ -0.29313, 51.681981 ], [ -0.29223, 51.681196 ], [ -0.291176, 51.680671 ], [ -0.289896, 51.679964 ], [ -0.288979, 51.67953 ], [ -0.288072, 51.678862 ], [ -0.287789, 51.677888 ], [ -0.28768, 51.677212 ], [ -0.287626, 51.676361 ], [ -0.286778, 51.675461 ], [ -0.284347, 51.675309 ], [ -0.283055, 51.674865 ], [ -0.281627, 51.674329 ], [ -0.280732, 51.673398 ], [ -0.279842, 51.672409 ], [ -0.278471, 51.671641 ], [ -0.277251, 51.670672 ], [ -0.276497, 51.669774 ], [ -0.275153, 51.66845 ], [ -0.274033, 51.667338 ], [ -0.273057, 51.66617 ], [ -0.272309, 51.665156 ], [ -0.271665, 51.66388 ], [ -0.27121, 51.66261 ], [ -0.271011, 51.661844 ], [ -0.270193, 51.661325 ], [ -0.268876, 51.660412 ], [ -0.269933, 51.659856 ], [ -0.271281, 51.659102 ], [ -0.272402, 51.658137 ], [ -0.273583, 51.657935 ], [ -0.274993, 51.657826 ], [ -0.275274, 51.657767 ], [ -0.275987, 51.657618 ], [ -0.278884, 51.65676 ], [ -0.280597, 51.656163 ], [ -0.281741, 51.655726 ], [ -0.282955, 51.655787 ], [ -0.284531, 51.656179 ], [ -0.285772, 51.655658 ], [ -0.287065, 51.654992 ], [ -0.287899, 51.654139 ], [ -0.28905, 51.653499 ], [ -0.290506, 51.653421 ], [ -0.29231, 51.653963 ], [ -0.29431, 51.654306 ], [ -0.295854, 51.654375 ], [ -0.296948, 51.653995 ], [ -0.298269, 51.653796 ], [ -0.300336, 51.653703 ], [ -0.299912, 51.652671 ], [ -0.2991, 51.651922 ], [ -0.298753, 51.651243 ], [ -0.297949, 51.650347 ], [ -0.297243, 51.649337 ], [ -0.296669, 51.648506 ], [ -0.296628, 51.647337 ], [ -0.296819, 51.646231 ], [ -0.297374, 51.645368 ], [ -0.297553, 51.644525 ], [ -0.297943, 51.643691 ], [ -0.300887, 51.64403 ], [ -0.302274, 51.644251 ], [ -0.304233, 51.644105 ], [ -0.308539, 51.643357 ], [ -0.311787, 51.642275 ], [ -0.313478, 51.641808 ], [ -0.315863, 51.641436 ], [ -0.31926, 51.640068 ], [ -0.320089, 51.638953 ], [ -0.320995, 51.63833 ], [ -0.322165, 51.638115 ], [ -0.324236, 51.637392 ], [ -0.326314, 51.636497 ], [ -0.328229, 51.636263 ], [ -0.331048, 51.635435 ], [ -0.333423, 51.634023 ], [ -0.334968, 51.633698 ], [ -0.338982, 51.631933 ], [ -0.341731, 51.630439 ], [ -0.346646, 51.628138 ], [ -0.348523, 51.627643 ], [ -0.349133, 51.627234 ], [ -0.353488, 51.626101 ], [ -0.355173, 51.625886 ], [ -0.357011, 51.625534 ], [ -0.359223, 51.625227 ], [ -0.360433, 51.624886 ], [ -0.361819, 51.623682 ], [ -0.362402, 51.623452 ], [ -0.363619, 51.622932 ], [ -0.365436, 51.622225 ], [ -0.366395, 51.621674 ], [ -0.367424, 51.621076 ], [ -0.368921, 51.620768 ], [ -0.371241, 51.620204 ], [ -0.401967, 51.613105 ], [ -0.403825, 51.613158 ], [ -0.406231, 51.613478 ], [ -0.408608, 51.613307 ], [ -0.410281, 51.613329 ], [ -0.411809, 51.613523 ], [ -0.41356, 51.613979 ], [ -0.414888, 51.614603 ], [ -0.41781, 51.616229 ], [ -0.419835, 51.616862 ], [ -0.455071, 51.612577 ], [ -0.458218, 51.612126 ], [ -0.46048, 51.612588 ], [ -0.462271, 51.613275 ], [ -0.469971, 51.616751 ], [ -0.472891, 51.618462 ], [ -0.490213, 51.626505 ], [ -0.492797, 51.630176 ], [ -0.494083, 51.630683 ], [ -0.501421, 51.627884 ], [ -0.500336, 51.603924 ], [ -0.499715, 51.60244 ], [ -0.498652, 51.599882 ], [ -0.499255, 51.600302 ], [ -0.501966, 51.600521 ], [ -0.5053, 51.6005 ], [ -0.507967, 51.600672 ], [ -0.511964, 51.600754 ], [ -0.516073, 51.600981 ], [ -0.517991, 51.60116 ], [ -0.519746, 51.601745 ], [ -0.519978, 51.602756 ], [ -0.52173, 51.604883 ], [ -0.522393, 51.607057 ], [ -0.5232, 51.608219 ], [ -0.524422, 51.609755 ], [ -0.526253, 51.614076 ], [ -0.527658, 51.615954 ], [ -0.528867, 51.61657 ], [ -0.529638, 51.617579 ], [ -0.529724, 51.619289 ], [ -0.531731, 51.624728 ], [ -0.533912, 51.629959 ], [ -0.534604, 51.634261 ], [ -0.534445, 51.635592 ], [ -0.533896, 51.636238 ], [ -0.53381, 51.63634 ], [ -0.533273, 51.63766 ], [ -0.535334, 51.638307 ], [ -0.538014, 51.639219 ], [ -0.538251, 51.640245 ], [ -0.537876, 51.641409 ], [ -0.53722, 51.642627 ], [ -0.534453, 51.645632 ], [ -0.528195, 51.651357 ], [ -0.525721, 51.652815 ], [ -0.52343, 51.654391 ], [ -0.521077, 51.65631 ], [ -0.520021, 51.657139 ], [ -0.51687, 51.659192 ], [ -0.515865, 51.659936 ], [ -0.514964, 51.661432 ], [ -0.51453, 51.662368 ], [ -0.514557, 51.663633 ], [ -0.515036, 51.664718 ], [ -0.515132, 51.665879 ], [ -0.514787, 51.667051 ], [ -0.513661, 51.668249 ], [ -0.512369, 51.668892 ], [ -0.508757, 51.670579 ], [ -0.50828, 51.671398 ], [ -0.506434, 51.672366 ], [ -0.504719, 51.673477 ], [ -0.50577, 51.675028 ], [ -0.50678, 51.677176 ], [ -0.507886, 51.678993 ], [ -0.509154, 51.679906 ], [ -0.510019, 51.680391 ], [ -0.511223, 51.68057 ], [ -0.513235, 51.680377 ], [ -0.515047, 51.680504 ], [ -0.516283, 51.681095 ], [ -0.517575, 51.681423 ], [ -0.519862, 51.681294 ], [ -0.521419, 51.680737 ], [ -0.522286, 51.6803 ], [ -0.523546, 51.680195 ], [ -0.525803, 51.680109 ], [ -0.526751, 51.681736 ], [ -0.526457, 51.68313 ], [ -0.525964, 51.684783 ], [ -0.523784, 51.690745 ], [ -0.523415, 51.69167 ], [ -0.523383, 51.692399 ], [ -0.523485, 51.693247 ], [ -0.523699, 51.694769 ], [ -0.523653, 51.695789 ], [ -0.523145, 51.696681 ], [ -0.521961, 51.698023 ], [ -0.52121, 51.699084 ], [ -0.520009, 51.700806 ], [ -0.519324, 51.702088 ], [ -0.51904, 51.703219 ], [ -0.51887, 51.703857 ], [ -0.518121, 51.70489 ], [ -0.517108, 51.705537 ], [ -0.516648, 51.706402 ], [ -0.515377, 51.707568 ], [ -0.514322, 51.707078 ], [ -0.513509, 51.706418 ], [ -0.512428, 51.70546 ], [ -0.511712, 51.704715 ], [ -0.510378, 51.704189 ], [ -0.509005, 51.703486 ], [ -0.507395, 51.702808 ], [ -0.505838, 51.702043 ], [ -0.504463, 51.701369 ], [ -0.502931, 51.701072 ], [ -0.501489, 51.700834 ], [ -0.499819, 51.700474 ], [ -0.497821, 51.700107 ], [ -0.496426, 51.69987 ], [ -0.494847, 51.69957 ], [ -0.493179, 51.699152 ], [ -0.492205, 51.698925 ], [ -0.490053, 51.698874 ], [ -0.488321, 51.698834 ], [ -0.485788, 51.698891 ], [ -0.482541, 51.699193 ], [ -0.480203, 51.699109 ], [ -0.478357, 51.699503 ], [ -0.476434, 51.699544 ], [ -0.47472, 51.699095 ], [ -0.473518, 51.698745 ], [ -0.471571, 51.698261 ], [ -0.470335, 51.697618 ], [ -0.468953, 51.697089 ], [ -0.46635, 51.696617 ], [ -0.465376, 51.696389 ], [ -0.46326, 51.696543 ], [ -0.459958, 51.697018 ], [ -0.454899, 51.698006 ], [ -0.453708, 51.698444 ], [ -0.452348, 51.69844 ], [ -0.450502, 51.698863 ], [ -0.448911, 51.699847 ], [ -0.447481, 51.700367 ], [ -0.446016, 51.700653 ], [ -0.444916, 51.701122 ], [ -0.444092, 51.701716 ], [ -0.442898, 51.702213 ], [ -0.44121, 51.70223 ], [ -0.439456, 51.702655 ], [ -0.439849, 51.703307 ], [ -0.439887, 51.704535 ], [ -0.440131, 51.705329 ], [ -0.440745, 51.706279 ], [ -0.440928, 51.707393 ], [ -0.441169, 51.708275 ], [ -0.442113, 51.709174 ], [ -0.442835, 51.709775 ], [ -0.443555, 51.710435 ], [ -0.444076, 51.711352 ], [ -0.443792, 51.712425 ], [ -0.444069, 51.713541 ], [ -0.445121, 51.714121 ], [ -0.445413, 51.714916 ], [ -0.44605, 51.716333 ], [ -0.4465, 51.717124 ], [ -0.446369, 51.718275 ], [ -0.446703, 51.719158 ], [ -0.447568, 51.719704 ], [ -0.448621, 51.720254 ], [ -0.449013, 51.720905 ], [ -0.44893, 51.721691 ], [ -0.449646, 51.722408 ], [ -0.449937, 51.723232 ], [ -0.450033, 51.724197 ], [ -0.44999, 51.7251 ], [ -0.450659, 51.726158 ], [ -0.451513, 51.726937 ], [ -0.451856, 51.727615 ], [ -0.452289, 51.728384 ], [ -0.453193, 51.729105 ], [ -0.454695, 51.730073 ], [ -0.455633, 51.731057 ], [ -0.456582, 51.731808 ], [ -0.458199, 51.732313 ], [ -0.459438, 51.732866 ], [ -0.460443, 51.733414 ], [ -0.461434, 51.734282 ], [ -0.461916, 51.734993 ], [ -0.462386, 51.735966 ], [ -0.462349, 51.736752 ], [ -0.462315, 51.73748 ], [ -0.461613, 51.738454 ], [ -0.460236, 51.739821 ], [ -0.459213, 51.740643 ], [ -0.457246, 51.741617 ], [ -0.456115, 51.741736 ], [ -0.454851, 51.742698 ], [ -0.453895, 51.743083 ], [ -0.451853, 51.743648 ], [ -0.45048, 51.743936 ], [ -0.449378, 51.744435 ], [ -0.4469, 51.745281 ], [ -0.445564, 51.745774 ], [ -0.444028, 51.746525 ], [ -0.441781, 51.747434 ], [ -0.439964, 51.748178 ], [ -0.438445, 51.748579 ], [ -0.436307, 51.74917 ], [ -0.434981, 51.74943 ], [ -0.434689, 51.749552 ] ] ] } },
{ "type": "Feature", "properties": { "_ROWID_": 253, "pk": 253, "g_unit": 10174806.0, "g_name": "BILLERICAY", "namestatus": "P", "g_language": "eng", "unittype": "PR_DIST", "g_status": "RegD", "nation": "ENGLAND", "g_year": 1851.0, "im_auth": "GBHGIS", "im_note": null, "notes": null }, "geometry": { "type": "Polygon", "coordinates": [ [ [ 0.229625, 51.635572 ], [ 0.242284, 51.643601 ], [ 0.261699, 51.647486 ], [ 0.265129, 51.651751 ], [ 0.271317, 51.65526 ], [ 0.274686, 51.654636 ], [ 0.276709, 51.651031 ], [ 0.279886, 51.651105 ], [ 0.294367, 51.642129 ], [ 0.297477, 51.644143 ], [ 0.296066, 51.643972 ], [ 0.29588, 51.64551 ], [ 0.29653, 51.646972 ], [ 0.301001, 51.647595 ], [ 0.305021, 51.646926 ], [ 0.312976, 51.646515 ], [ 0.31191, 51.651951 ], [ 0.31418, 51.653174 ], [ 0.316498, 51.652919 ], [ 0.318986, 51.653152 ], [ 0.323231, 51.653866 ], [ 0.326922, 51.655432 ], [ 0.327985, 51.656769 ], [ 0.327734, 51.658742 ], [ 0.329933, 51.661847 ], [ 0.33177, 51.662847 ], [ 0.330138, 51.664389 ], [ 0.329263, 51.665334 ], [ 0.331149, 51.666392 ], [ 0.331461, 51.66841 ], [ 0.334397, 51.668315 ], [ 0.340469, 51.667598 ], [ 0.343008, 51.667887 ], [ 0.342917, 51.670928 ], [ 0.342473, 51.672038 ], [ 0.352383, 51.66996 ], [ 0.359894, 51.663132 ], [ 0.370523, 51.659154 ], [ 0.383656, 51.660877 ], [ 0.39328, 51.659497 ], [ 0.400969, 51.661488 ], [ 0.397063, 51.652897 ], [ 0.399459, 51.653131 ], [ 0.402398, 51.650169 ], [ 0.402791, 51.640928 ], [ 0.398377, 51.636082 ], [ 0.411392, 51.630164 ], [ 0.419887, 51.629473 ], [ 0.440569, 51.638392 ], [ 0.446542, 51.642737 ], [ 0.452531, 51.645141 ], [ 0.460151, 51.656855 ], [ 0.478343, 51.653035 ], [ 0.475621, 51.649945 ], [ 0.476902, 51.648844 ], [ 0.502416, 51.653527 ], [ 0.504872, 51.652542 ], [ 0.509566, 51.634514 ], [ 0.515713, 51.623715 ], [ 0.521577, 51.619955 ], [ 0.540033, 51.620402 ], [ 0.543444, 51.619798 ], [ 0.543768, 51.617648 ], [ 0.55346, 51.616803 ], [ 0.562682, 51.617296 ], [ 0.560968, 51.61195 ], [ 0.550033, 51.607365 ], [ 0.548515, 51.601383 ], [ 0.547838, 51.596132 ], [ 0.564341, 51.592919 ], [ 0.562591, 51.588496 ], [ 0.56753, 51.586376 ], [ 0.565089, 51.582753 ], [ 0.554083, 51.576282 ], [ 0.549903, 51.575331 ], [ 0.543756, 51.574006 ], [ 0.543453, 51.566634 ], [ 0.545929, 51.562521 ], [ 0.544047, 51.55102 ], [ 0.545743, 51.5471 ], [ 0.543151, 51.546643 ], [ 0.541576, 51.534121 ], [ 0.525461, 51.531939 ], [ 0.52796, 51.535235 ], [ 0.523585, 51.536673 ], [ 0.510859, 51.536461 ], [ 0.512548, 51.533815 ], [ 0.506691, 51.536793 ], [ 0.504604, 51.538349 ], [ 0.500437, 51.537292 ], [ 0.493368, 51.538851 ], [ 0.489002, 51.543298 ], [ 0.48576, 51.54216 ], [ 0.487122, 51.544472 ], [ 0.485619, 51.547141 ], [ 0.481435, 51.547965 ], [ 0.472704, 51.545483 ], [ 0.465964, 51.546396 ], [ 0.457701, 51.557648 ], [ 0.458217, 51.567099 ], [ 0.450431, 51.569918 ], [ 0.447236, 51.570948 ], [ 0.448792, 51.566165 ], [ 0.44526, 51.564136 ], [ 0.444452, 51.560972 ], [ 0.438779, 51.559688 ], [ 0.423333, 51.565116 ], [ 0.409946, 51.570002 ], [ 0.391519, 51.567422 ], [ 0.391994, 51.56388 ], [ 0.3952, 51.563747 ], [ 0.400255, 51.559694 ], [ 0.397687, 51.551506 ], [ 0.384343, 51.551121 ], [ 0.383868, 51.556167 ], [ 0.365641, 51.559656 ], [ 0.363281, 51.556179 ], [ 0.358444, 51.555537 ], [ 0.344822, 51.552955 ], [ 0.345772, 51.547985 ], [ 0.343988, 51.54626 ], [ 0.338994, 51.546084 ], [ 0.333282, 51.542568 ], [ 0.327932, 51.547927 ], [ 0.327258, 51.550605 ], [ 0.307331, 51.577332 ], [ 0.295126, 51.588863 ], [ 0.293196, 51.599267 ], [ 0.298704, 51.601662 ], [ 0.312955, 51.602152 ], [ 0.322603, 51.605117 ], [ 0.324049, 51.609657 ], [ 0.313203, 51.61378 ], [ 0.308383, 51.60894 ], [ 0.304588, 51.610935 ], [ 0.298931, 51.611467 ], [ 0.291476, 51.599334 ], [ 0.286695, 51.597386 ], [ 0.279528, 51.597604 ], [ 0.253792, 51.600663 ], [ 0.257461, 51.603505 ], [ 0.257556, 51.606657 ], [ 0.253591, 51.61204 ], [ 0.254172, 51.6155 ], [ 0.250992, 51.618464 ], [ 0.239494, 51.620395 ], [ 0.240302, 51.630766 ], [ 0.229625, 51.635572 ] ] ] } },
{ "type": "Feature", "properties": { "_ROWID_": 299, "pk": 299, "g_unit": 10105213.0, "g_name": "EPSOM", "namestatus": "P", "g_language": "eng", "unittype": "PR_DIST", "g_status": "RegD", "nation": "ENGLAND", "g_year": 1851.0, "im_auth": "GBHGIS", "im_note": null, "notes": null }, "geometry": { "type": "Polygon", "coordinates": [ [ [ -0.437183, 51.326877 ], [ -0.434894, 51.327381 ], [ -0.425547, 51.327576 ], [ -0.422047, 51.329682 ], [ -0.423049, 51.331775 ], [ -0.426587, 51.332922 ], [ -0.42554, 51.335475 ], [ -0.42684, 51.337616 ], [ -0.423978, 51.344126 ], [ -0.424361, 51.346312 ], [ -0.419157, 51.350011 ], [ -0.417181, 51.353317 ], [ -0.413021, 51.353137 ], [ -0.410191, 51.354302 ], [ -0.406913, 51.354712 ], [ -0.401268, 51.350943 ], [ -0.398387, 51.350054 ], [ -0.395354, 51.349523 ], [ -0.395248, 51.349666 ], [ -0.394261, 51.348504 ], [ -0.390816, 51.34779 ], [ -0.388451, 51.349396 ], [ -0.380705, 51.346077 ], [ -0.372943, 51.345599 ], [ -0.371651, 51.345569 ], [ -0.366167, 51.345443 ], [ -0.365142, 51.344387 ], [ -0.361917, 51.343355 ], [ -0.35861, 51.343189 ], [ -0.352139, 51.343386 ], [ -0.348105, 51.343923 ], [ -0.342647, 51.348578 ], [ -0.340284, 51.349857 ], [ -0.337955, 51.348667 ], [ -0.33371, 51.348896 ], [ -0.328524, 51.349602 ], [ -0.328347, 51.349304 ], [ -0.328897, 51.348349 ], [ -0.32904, 51.344325 ], [ -0.327977, 51.343913 ], [ -0.327421, 51.343751 ], [ -0.325795, 51.343413 ], [ -0.315981, 51.350871 ], [ -0.311651, 51.358551 ], [ -0.30886, 51.360652 ], [ -0.303795, 51.366029 ], [ -0.300918, 51.366171 ], [ -0.297657, 51.366941 ], [ -0.289061, 51.366835 ], [ -0.284721, 51.364945 ], [ -0.281896, 51.365334 ], [ -0.281078, 51.365447 ], [ -0.276114, 51.368272 ], [ -0.273103, 51.368415 ], [ -0.270976, 51.369708 ], [ -0.268127, 51.370302 ], [ -0.266043, 51.372143 ], [ -0.262865, 51.373784 ], [ -0.260217, 51.373692 ], [ -0.261189, 51.376021 ], [ -0.259973, 51.378225 ], [ -0.259901, 51.378356 ], [ -0.258982, 51.378328 ], [ -0.257446, 51.378279 ], [ -0.243282, 51.378515 ], [ -0.241926, 51.379293 ], [ -0.241232, 51.379698 ], [ -0.240226, 51.381967 ], [ -0.234377, 51.386073 ], [ -0.232754, 51.386636 ], [ -0.231495, 51.385371 ], [ -0.222561, 51.382107 ], [ -0.219593, 51.380668 ], [ -0.21754, 51.381247 ], [ -0.209983, 51.387811 ], [ -0.206847, 51.386796 ], [ -0.204654, 51.385766 ], [ -0.201886, 51.386173 ], [ -0.200668, 51.385443 ], [ -0.194206, 51.388029 ], [ -0.190991, 51.386701 ], [ -0.188046, 51.38597 ], [ -0.185491, 51.387425 ], [ -0.182736, 51.388206 ], [ -0.179651, 51.389839 ], [ -0.177231, 51.391508 ], [ -0.175446, 51.393256 ], [ -0.172266, 51.393166 ], [ -0.168811, 51.3916 ], [ -0.168611, 51.391156 ], [ -0.166437, 51.389638 ], [ -0.165914, 51.388931 ], [ -0.164962, 51.387715 ], [ -0.163895, 51.386345 ], [ -0.163951, 51.383904 ], [ -0.163356, 51.382082 ], [ -0.161151, 51.380938 ], [ -0.160028, 51.378799 ], [ -0.158012, 51.377375 ], [ -0.157381, 51.37575 ], [ -0.158536, 51.373395 ], [ -0.158638, 51.371228 ], [ -0.156059, 51.369628 ], [ -0.155797, 51.367271 ], [ -0.157957, 51.36584 ], [ -0.157034, 51.361088 ], [ -0.158484, 51.353028 ], [ -0.158393, 51.350432 ], [ -0.15628, 51.348254 ], [ -0.157014, 51.346293 ], [ -0.157364, 51.343149 ], [ -0.156139, 51.340286 ], [ -0.154703, 51.33853 ], [ -0.153266, 51.338003 ], [ -0.153136, 51.337955 ], [ -0.151546, 51.337683 ], [ -0.148118, 51.337818 ], [ -0.147091, 51.335377 ], [ -0.145931, 51.332473 ], [ -0.144642, 51.330643 ], [ -0.140864, 51.329379 ], [ -0.138974, 51.327271 ], [ -0.142471, 51.325479 ], [ -0.145368, 51.32387 ], [ -0.146576, 51.32332 ], [ -0.152453, 51.322705 ], [ -0.162712, 51.333361 ], [ -0.163155, 51.337472 ], [ -0.173251, 51.34568 ], [ -0.17511, 51.344177 ], [ -0.177739, 51.342786 ], [ -0.180755, 51.342137 ], [ -0.182727, 51.340302 ], [ -0.184472, 51.339447 ], [ -0.184725, 51.338409 ], [ -0.182839, 51.335938 ], [ -0.182274, 51.333781 ], [ -0.182199, 51.328244 ], [ -0.18248, 51.324757 ], [ -0.180097, 51.322417 ], [ -0.176898, 51.319885 ], [ -0.176926, 51.31803 ], [ -0.179075, 51.316605 ], [ -0.176471, 51.315747 ], [ -0.172799, 51.315107 ], [ -0.173363, 51.312522 ], [ -0.174648, 51.309589 ], [ -0.175468, 51.307916 ], [ -0.17607, 51.3061 ], [ -0.178958, 51.306148 ], [ -0.181573, 51.304935 ], [ -0.189129, 51.302296 ], [ -0.191231, 51.301072 ], [ -0.193807, 51.300102 ], [ -0.197989, 51.299356 ], [ -0.204065, 51.297484 ], [ -0.208723, 51.296277 ], [ -0.211422, 51.295296 ], [ -0.214417, 51.295066 ], [ -0.217526, 51.296623 ], [ -0.221233, 51.295029 ], [ -0.22019, 51.285639 ], [ -0.225619, 51.256809 ], [ -0.226712, 51.257866 ], [ -0.227585, 51.259552 ], [ -0.228024, 51.261514 ], [ -0.235523, 51.276903 ], [ -0.242528, 51.284974 ], [ -0.243656, 51.287717 ], [ -0.242933, 51.291686 ], [ -0.246704, 51.298446 ], [ -0.246279, 51.300958 ], [ -0.242049, 51.309123 ], [ -0.244755, 51.307574 ], [ -0.253319, 51.303954 ], [ -0.25707, 51.303264 ], [ -0.258632, 51.301514 ], [ -0.274965, 51.299624 ], [ -0.276838, 51.299624 ], [ -0.275408, 51.296464 ], [ -0.273568, 51.294072 ], [ -0.27299, 51.292716 ], [ -0.278794, 51.291503 ], [ -0.285768, 51.289135 ], [ -0.286668, 51.288375 ], [ -0.289715, 51.286635 ], [ -0.292635, 51.284515 ], [ -0.2955, 51.28396 ], [ -0.300665, 51.282455 ], [ -0.302584, 51.280394 ], [ -0.303587, 51.277493 ], [ -0.303108, 51.274741 ], [ -0.308342, 51.274501 ], [ -0.312705, 51.275116 ], [ -0.316272, 51.27508 ], [ -0.320435, 51.27603 ], [ -0.323111, 51.27748 ], [ -0.325834, 51.276648 ], [ -0.328624, 51.277432 ], [ -0.331078, 51.278816 ], [ -0.335236, 51.282141 ], [ -0.342878, 51.278111 ], [ -0.34423, 51.274613 ], [ -0.344713, 51.271951 ], [ -0.347146, 51.270599 ], [ -0.347747, 51.268397 ], [ -0.347306, 51.265773 ], [ -0.344688, 51.264473 ], [ -0.343336, 51.262252 ], [ -0.344564, 51.260649 ], [ -0.347066, 51.261771 ], [ -0.350712, 51.265837 ], [ -0.350881, 51.268552 ], [ -0.353952, 51.271306 ], [ -0.354747, 51.269344 ], [ -0.352871, 51.267793 ], [ -0.352657, 51.265815 ], [ -0.354914, 51.266917 ], [ -0.358737, 51.266005 ], [ -0.357575, 51.260434 ], [ -0.35457, 51.25751 ], [ -0.354189, 51.257556 ], [ -0.353943, 51.255561 ], [ -0.354523, 51.253127 ], [ -0.357575, 51.249265 ], [ -0.358819, 51.246327 ], [ -0.359198, 51.242799 ], [ -0.360779, 51.240307 ], [ -0.366776, 51.240286 ], [ -0.377512, 51.238628 ], [ -0.380419, 51.238769 ], [ -0.383242, 51.23724 ], [ -0.387891, 51.235495 ], [ -0.389666, 51.23513 ], [ -0.394926, 51.237002 ], [ -0.395045, 51.237759 ], [ -0.39305, 51.244282 ], [ -0.391283, 51.248484 ], [ -0.390579, 51.25181 ], [ -0.3869, 51.255321 ], [ -0.390809, 51.258976 ], [ -0.391192, 51.261468 ], [ -0.391264, 51.264203 ], [ -0.390783, 51.26601 ], [ -0.388117, 51.267294 ], [ -0.393342, 51.27531 ], [ -0.394061, 51.277045 ], [ -0.396908, 51.276308 ], [ -0.398184, 51.279006 ], [ -0.398402, 51.281683 ], [ -0.39729, 51.284481 ], [ -0.394732, 51.289205 ], [ -0.3963, 51.294158 ], [ -0.395422, 51.296949 ], [ -0.394616, 51.298067 ], [ -0.397808, 51.297896 ], [ -0.403223, 51.295838 ], [ -0.405467, 51.294663 ], [ -0.405213, 51.294921 ], [ -0.407916, 51.301988 ], [ -0.409024, 51.30292 ], [ -0.411485, 51.303642 ], [ -0.413791, 51.304087 ], [ -0.417508, 51.304052 ], [ -0.421474, 51.30448 ], [ -0.429729, 51.304167 ], [ -0.436714, 51.304281 ], [ -0.439859, 51.305429 ], [ -0.442478, 51.308649 ], [ -0.443863, 51.315134 ], [ -0.446058, 51.318257 ], [ -0.445662, 51.32446 ], [ -0.443278, 51.3246 ], [ -0.440636, 51.326036 ], [ -0.437183, 51.326877 ] ] ] } },
{ "type": "Feature", "properties": { "_ROWID_": 309, "pk": 309, "g_unit": 10029703.0, "g_name": "SEVENOAKS", "namestatus": "P", "g_language": "eng", "unittype": "PR_DIST", "g_status": "RegD", "nation": "ENGLAND", "g_year": 1851.0, "im_auth": "GBHGIS", "im_note": null, "notes": null }, "geometry": { "type": "MultiPolygon", "coordinates": [ [ [ [ 0.234456, 51.184682 ], [ 0.238961, 51.182236 ], [ 0.242003, 51.18263 ], [ 0.244048, 51.182019 ], [ 0.242129, 51.180882 ], [ 0.240202, 51.179396 ], [ 0.238563, 51.178372 ], [ 0.23583, 51.177453 ], [ 0.233523, 51.178445 ], [ 0.230728, 51.179936 ], [ 0.231117, 51.182081 ], [ 0.234078, 51.184338 ], [ 0.234456, 51.184682 ] ] ], [ [ [ 0.291148, 51.347641 ], [ 0.28969, 51.345794 ], [ 0.287541, 51.346869 ], [ 0.285194, 51.347862 ], [ 0.28429, 51.348443 ], [ 0.287738, 51.350997 ], [ 0.288821, 51.351691 ], [ 0.292253, 51.349911 ], [ 0.291943, 51.349098 ], [ 0.291148, 51.347641 ] ] ], [ [ [ 0.163442, 51.355078 ], [ 0.166517, 51.354117 ], [ 0.170335, 51.354445 ], [ 0.174123, 51.354054 ], [ 0.177186, 51.352833 ], [ 0.18167, 51.352492 ], [ 0.186288, 51.352063 ], [ 0.189881, 51.351444 ], [ 0.192618, 51.351557 ], [ 0.195296, 51.351237 ], [ 0.1985, 51.350217 ], [ 0.19924, 51.347925 ], [ 0.199294, 51.345641 ], [ 0.202545, 51.344766 ], [ 0.204866, 51.345261 ], [ 0.207332, 51.344191 ], [ 0.210231, 51.343113 ], [ 0.212287, 51.342017 ], [ 0.218684, 51.339913 ], [ 0.221833, 51.338953 ], [ 0.224133, 51.336907 ], [ 0.224692, 51.335315 ], [ 0.227194, 51.335926 ], [ 0.228919, 51.334842 ], [ 0.229843, 51.334083 ], [ 0.23029, 51.333848 ], [ 0.231446, 51.332533 ], [ 0.232945, 51.331225 ], [ 0.235239, 51.331057 ], [ 0.238193, 51.329516 ], [ 0.239736, 51.329183 ], [ 0.237432, 51.327815 ], [ 0.23606, 51.327018 ], [ 0.234596, 51.326253 ], [ 0.233646, 51.325685 ], [ 0.232453, 51.32489 ], [ 0.232982, 51.323762 ], [ 0.23596, 51.321245 ], [ 0.23684, 51.320167 ], [ 0.241186, 51.316531 ], [ 0.253458, 51.31671 ], [ 0.253908, 51.316716 ], [ 0.257036, 51.310194 ], [ 0.257419, 51.309465 ], [ 0.256741, 51.308454 ], [ 0.255487, 51.306146 ], [ 0.254968, 51.304964 ], [ 0.25463, 51.303608 ], [ 0.254904, 51.30222 ], [ 0.255496, 51.300622 ], [ 0.256514, 51.298974 ], [ 0.257331, 51.298558 ], [ 0.258231, 51.29771 ], [ 0.258668, 51.296784 ], [ 0.259554, 51.295588 ], [ 0.260789, 51.293922 ], [ 0.260242, 51.292604 ], [ 0.260572, 51.29147 ], [ 0.262138, 51.288829 ], [ 0.262224, 51.287522 ], [ 0.261507, 51.286583 ], [ 0.260238, 51.285484 ], [ 0.259399, 51.284953 ], [ 0.258845, 51.279749 ], [ 0.260212, 51.278099 ], [ 0.259484, 51.277237 ], [ 0.258037, 51.275772 ], [ 0.257897, 51.274808 ], [ 0.259092, 51.273993 ], [ 0.261029, 51.27232 ], [ 0.261121, 51.270988 ], [ 0.261477, 51.270239 ], [ 0.262653, 51.268731 ], [ 0.264667, 51.267926 ], [ 0.265294, 51.267395 ], [ 0.26521, 51.264544 ], [ 0.264303, 51.263293 ], [ 0.264175, 51.260924 ], [ 0.264667, 51.260132 ], [ 0.264571, 51.25764 ], [ 0.264547, 51.256051 ], [ 0.264126, 51.255491 ], [ 0.263437, 51.254799 ], [ 0.262439, 51.254378 ], [ 0.260889, 51.253231 ], [ 0.246325, 51.253028 ], [ 0.245183, 51.25161 ], [ 0.246354, 51.250636 ], [ 0.247189, 51.249801 ], [ 0.248669, 51.238273 ], [ 0.24874, 51.23773 ], [ 0.248586, 51.235734 ], [ 0.248637, 51.235573 ], [ 0.249171, 51.235061 ], [ 0.249673, 51.233734 ], [ 0.249348, 51.233295 ], [ 0.249761, 51.232712 ], [ 0.250215, 51.231792 ], [ 0.250585, 51.231006 ], [ 0.250112, 51.230776 ], [ 0.253495, 51.224506 ], [ 0.252407, 51.221878 ], [ 0.250695, 51.221035 ], [ 0.246902, 51.219831 ], [ 0.244654, 51.219462 ], [ 0.238514, 51.220731 ], [ 0.237012, 51.221226 ], [ 0.235692, 51.221685 ], [ 0.233466, 51.222997 ], [ 0.232534, 51.223809 ], [ 0.23181, 51.224429 ], [ 0.230847, 51.225357 ], [ 0.229931, 51.226129 ], [ 0.229396, 51.226461 ], [ 0.22779, 51.227463 ], [ 0.227516, 51.2289 ], [ 0.228076, 51.23012 ], [ 0.228736, 51.230637 ], [ 0.230909, 51.231485 ], [ 0.23146, 51.232351 ], [ 0.225802, 51.242827 ], [ 0.22382, 51.243931 ], [ 0.216401, 51.240448 ], [ 0.208974, 51.235789 ], [ 0.205002, 51.234334 ], [ 0.202886, 51.232818 ], [ 0.200781, 51.231311 ], [ 0.209413, 51.226625 ], [ 0.212568, 51.223288 ], [ 0.206406, 51.222155 ], [ 0.204707, 51.22099 ], [ 0.202125, 51.220583 ], [ 0.200643, 51.218715 ], [ 0.203837, 51.215966 ], [ 0.204346, 51.213915 ], [ 0.214126, 51.208088 ], [ 0.222538, 51.20646 ], [ 0.231464, 51.201593 ], [ 0.237736, 51.199578 ], [ 0.244202, 51.199293 ], [ 0.249326, 51.201773 ], [ 0.248302, 51.195929 ], [ 0.244115, 51.194531 ], [ 0.244191, 51.192844 ], [ 0.241243, 51.193842 ], [ 0.238505, 51.193005 ], [ 0.233538, 51.193997 ], [ 0.231103, 51.19391 ], [ 0.228815, 51.192747 ], [ 0.228248, 51.186885 ], [ 0.226723, 51.185103 ], [ 0.222925, 51.182365 ], [ 0.216297, 51.179698 ], [ 0.217194, 51.17757 ], [ 0.214006, 51.176247 ], [ 0.206474, 51.175937 ], [ 0.202628, 51.172826 ], [ 0.198648, 51.174923 ], [ 0.198579, 51.176072 ], [ 0.195571, 51.174538 ], [ 0.190726, 51.17133 ], [ 0.19078, 51.167393 ], [ 0.197959, 51.161538 ], [ 0.200574, 51.160205 ], [ 0.202729, 51.161598 ], [ 0.20527, 51.160791 ], [ 0.205926, 51.158498 ], [ 0.208598, 51.158817 ], [ 0.209779, 51.157122 ], [ 0.21548, 51.154483 ], [ 0.211758, 51.151758 ], [ 0.20474, 51.150989 ], [ 0.202758, 51.149567 ], [ 0.201041, 51.147228 ], [ 0.196104, 51.146743 ], [ 0.191648, 51.140019 ], [ 0.189779, 51.139964 ], [ 0.186947, 51.1384 ], [ 0.186284, 51.136275 ], [ 0.184257, 51.135675 ], [ 0.175621, 51.127453 ], [ 0.173395, 51.127547 ], [ 0.171032, 51.133208 ], [ 0.164565, 51.135388 ], [ 0.160951, 51.139584 ], [ 0.162649, 51.140736 ], [ 0.156132, 51.141612 ], [ 0.155157, 51.142256 ], [ 0.15383, 51.142483 ], [ 0.15114, 51.143322 ], [ 0.148683, 51.142439 ], [ 0.145974, 51.142969 ], [ 0.141635, 51.145639 ], [ 0.139214, 51.146811 ], [ 0.136577, 51.146887 ], [ 0.12596, 51.147237 ], [ 0.106817, 51.146152 ], [ 0.104328, 51.14399 ], [ 0.083957, 51.143749 ], [ 0.078208, 51.141496 ], [ 0.063938, 51.141267 ], [ 0.060592, 51.14107 ], [ 0.05251, 51.145039 ], [ 0.052234, 51.145172 ], [ 0.056774, 51.151319 ], [ 0.05418, 51.159184 ], [ 0.053614, 51.160773 ], [ 0.051428, 51.162293 ], [ 0.050471, 51.1645 ], [ 0.050353, 51.166279 ], [ 0.048387, 51.167728 ], [ 0.047109, 51.172676 ], [ 0.047395, 51.174717 ], [ 0.050421, 51.176613 ], [ 0.052905, 51.179913 ], [ 0.052843, 51.182056 ], [ 0.050978, 51.183292 ], [ 0.046834, 51.187776 ], [ 0.046839, 51.18934 ], [ 0.046842, 51.189712 ], [ 0.048332, 51.191898 ], [ 0.045244, 51.192149 ], [ 0.042599, 51.193289 ], [ 0.040876, 51.195472 ], [ 0.040208, 51.197568 ], [ 0.040204, 51.197586 ], [ 0.037605, 51.200892 ], [ 0.037003, 51.203072 ], [ 0.035292, 51.205256 ], [ 0.035904, 51.208059 ], [ 0.033848, 51.209894 ], [ 0.033165, 51.21193 ], [ 0.034422, 51.216097 ], [ 0.037549, 51.217558 ], [ 0.042085, 51.218103 ], [ 0.04441, 51.220739 ], [ 0.044892, 51.22382 ], [ 0.045023, 51.22525 ], [ 0.045731, 51.227228 ], [ 0.044053, 51.229095 ], [ 0.044545, 51.232522 ], [ 0.050931, 51.237096 ], [ 0.052403, 51.24028 ], [ 0.054595, 51.243443 ], [ 0.055659, 51.245752 ], [ 0.056324, 51.248072 ], [ 0.056095, 51.250047 ], [ 0.054929, 51.252817 ], [ 0.053341, 51.255092 ], [ 0.053244, 51.259028 ], [ 0.051762, 51.262101 ], [ 0.051052, 51.263297 ], [ 0.049499, 51.285939 ], [ 0.048326, 51.288702 ], [ 0.045933, 51.291378 ], [ 0.044575, 51.293824 ], [ 0.045237, 51.297786 ], [ 0.047423, 51.297807 ], [ 0.051861, 51.295121 ], [ 0.053458, 51.29323 ], [ 0.055813, 51.28944 ], [ 0.057077, 51.288381 ], [ 0.059064, 51.28924 ], [ 0.062001, 51.289544 ], [ 0.064327, 51.289048 ], [ 0.072257, 51.290982 ], [ 0.075632, 51.291028 ], [ 0.07804, 51.291074 ], [ 0.080851, 51.290973 ], [ 0.082037, 51.291377 ], [ 0.085737, 51.292439 ], [ 0.08735, 51.293833 ], [ 0.091185, 51.296435 ], [ 0.094063, 51.297813 ], [ 0.095319, 51.298297 ], [ 0.098364, 51.299101 ], [ 0.104177, 51.302391 ], [ 0.106781, 51.303711 ], [ 0.108752, 51.304859 ], [ 0.110788, 51.306225 ], [ 0.112771, 51.307304 ], [ 0.115483, 51.308487 ], [ 0.116184, 51.308603 ], [ 0.117631, 51.30902 ], [ 0.121906, 51.310251 ], [ 0.127415, 51.311015 ], [ 0.130042, 51.311068 ], [ 0.132825, 51.311553 ], [ 0.133923, 51.315128 ], [ 0.132473, 51.317386 ], [ 0.130237, 51.31936 ], [ 0.129315, 51.320695 ], [ 0.126524, 51.325818 ], [ 0.12486, 51.327543 ], [ 0.124618, 51.327949 ], [ 0.122982, 51.330436 ], [ 0.119567, 51.33454 ], [ 0.117773, 51.33706 ], [ 0.116138, 51.340982 ], [ 0.11842, 51.343873 ], [ 0.123504, 51.345359 ], [ 0.126982, 51.345939 ], [ 0.130012, 51.345659 ], [ 0.135587, 51.344467 ], [ 0.137814, 51.343938 ], [ 0.137721, 51.346656 ], [ 0.139494, 51.348164 ], [ 0.141589, 51.349405 ], [ 0.141757, 51.35157 ], [ 0.143475, 51.353377 ], [ 0.145881, 51.355273 ], [ 0.1494, 51.358338 ], [ 0.147861, 51.359915 ], [ 0.150885, 51.358083 ], [ 0.15291, 51.357214 ], [ 0.158423, 51.356385 ], [ 0.160858, 51.355573 ], [ 0.163442, 51.355078 ] ] ] ] } },
{ "type": "Feature", "properties": { "_ROWID_": 317, "pk": 317, "g_unit": 10081786.0, "g_name": "REIGATE", "namestatus": "P", "g_language": "eng", "unittype": "PR_DIST", "g_status": "RegD", "nation": "ENGLAND", "g_year": 1851.0, "im_auth": "GBHGIS", "im_note": null, "notes": null }, "geometry": { "type": "MultiPolygon", "coordinates": [ [ [ [ -0.275297, 51.13037 ], [ -0.278747, 51.130357 ], [ -0.278923, 51.141312 ], [ -0.28239, 51.142879 ], [ -0.283989, 51.144352 ], [ -0.285463, 51.146792 ], [ -0.286686, 51.148379 ], [ -0.287697, 51.150288 ], [ -0.283234, 51.152042 ], [ -0.278982, 51.154102 ], [ -0.276873, 51.155182 ], [ -0.27379, 51.157194 ], [ -0.272558, 51.157133 ], [ -0.273061, 51.154196 ], [ -0.273799, 51.151673 ], [ -0.272554, 51.146985 ], [ -0.272784, 51.14485 ], [ -0.272208, 51.143174 ], [ -0.270135, 51.141391 ], [ -0.267405, 51.139453 ], [ -0.26018, 51.136729 ], [ -0.275297, 51.13037 ] ] ], [ [ [ -0.226712, 51.257866 ], [ -0.225619, 51.256809 ], [ -0.22019, 51.285639 ], [ -0.221233, 51.295029 ], [ -0.217526, 51.296623 ], [ -0.214417, 51.295066 ], [ -0.211422, 51.295296 ], [ -0.208723, 51.296277 ], [ -0.204065, 51.297484 ], [ -0.197989, 51.299356 ], [ -0.193807, 51.300102 ], [ -0.191231, 51.301072 ], [ -0.189129, 51.302296 ], [ -0.181573, 51.304935 ], [ -0.178958, 51.306148 ], [ -0.17607, 51.3061 ], [ -0.1726, 51.305079 ], [ -0.168674, 51.304527 ], [ -0.1638, 51.3074 ], [ -0.159568, 51.306913 ], [ -0.157501, 51.306959 ], [ -0.156698, 51.306686 ], [ -0.154613, 51.30485 ], [ -0.151916, 51.303776 ], [ -0.151202, 51.302061 ], [ -0.154641, 51.296802 ], [ -0.153158, 51.294436 ], [ -0.143499, 51.295703 ], [ -0.137564, 51.295104 ], [ -0.137657, 51.295301 ], [ -0.134194, 51.295622 ], [ -0.130344, 51.295363 ], [ -0.127516, 51.2947 ], [ -0.124721, 51.294937 ], [ -0.122155, 51.294416 ], [ -0.11949, 51.293153 ], [ -0.116654, 51.292305 ], [ -0.110814, 51.292371 ], [ -0.110827, 51.291241 ], [ -0.110062, 51.289457 ], [ -0.107256, 51.287463 ], [ -0.104535, 51.286181 ], [ -0.102941, 51.283944 ], [ -0.093424, 51.279317 ], [ -0.098777, 51.279655 ], [ -0.10133, 51.277857 ], [ -0.103384, 51.275749 ], [ -0.100351, 51.27015 ], [ -0.100854, 51.267992 ], [ -0.093413, 51.262022 ], [ -0.103308, 51.263532 ], [ -0.106184, 51.264152 ], [ -0.109242, 51.26448 ], [ -0.119904, 51.264903 ], [ -0.125018, 51.264865 ], [ -0.126935, 51.264587 ], [ -0.127591, 51.262388 ], [ -0.130842, 51.259772 ], [ -0.132295, 51.257391 ], [ -0.13245, 51.255317 ], [ -0.127327, 51.252634 ], [ -0.125704, 51.25054 ], [ -0.123004, 51.249881 ], [ -0.119875, 51.245716 ], [ -0.117642, 51.244579 ], [ -0.116575, 51.242582 ], [ -0.113119, 51.241153 ], [ -0.113744, 51.239274 ], [ -0.11381, 51.23233 ], [ -0.116257, 51.224456 ], [ -0.116282, 51.222025 ], [ -0.115828, 51.220901 ], [ -0.115187, 51.220827 ], [ -0.109725, 51.222302 ], [ -0.098594, 51.221575 ], [ -0.097606, 51.219456 ], [ -0.100487, 51.212848 ], [ -0.09823, 51.206503 ], [ -0.099435, 51.203446 ], [ -0.099031, 51.201406 ], [ -0.100429, 51.196527 ], [ -0.100131, 51.192628 ], [ -0.098744, 51.180921 ], [ -0.102747, 51.170678 ], [ -0.094102, 51.164214 ], [ -0.097111, 51.158017 ], [ -0.093146, 51.139185 ], [ -0.099579, 51.137871 ], [ -0.112525, 51.139701 ], [ -0.126464, 51.138122 ], [ -0.133288, 51.141235 ], [ -0.146081, 51.143364 ], [ -0.153174, 51.142464 ], [ -0.164502, 51.138623 ], [ -0.181469, 51.135869 ], [ -0.182815, 51.135737 ], [ -0.187224, 51.13638 ], [ -0.217372, 51.141557 ], [ -0.243276, 51.141923 ], [ -0.250245, 51.14075 ], [ -0.256766, 51.148653 ], [ -0.255391, 51.153903 ], [ -0.259667, 51.163188 ], [ -0.255501, 51.166312 ], [ -0.258735, 51.169548 ], [ -0.255617, 51.173884 ], [ -0.248046, 51.175713 ], [ -0.244261, 51.181374 ], [ -0.246028, 51.186342 ], [ -0.246417, 51.186717 ], [ -0.248996, 51.18625 ], [ -0.250396, 51.18475 ], [ -0.25386, 51.184222 ], [ -0.255901, 51.18277 ], [ -0.256291, 51.178431 ], [ -0.259665, 51.1765 ], [ -0.263353, 51.17595 ], [ -0.264687, 51.177956 ], [ -0.264332, 51.180543 ], [ -0.263656, 51.182426 ], [ -0.264008, 51.185089 ], [ -0.262587, 51.187295 ], [ -0.263883, 51.1915 ], [ -0.269615, 51.193486 ], [ -0.275197, 51.192227 ], [ -0.284554, 51.188808 ], [ -0.286177, 51.190712 ], [ -0.288948, 51.191695 ], [ -0.290156, 51.194966 ], [ -0.290302, 51.195457 ], [ -0.291814, 51.200248 ], [ -0.292981, 51.202929 ], [ -0.295807, 51.206674 ], [ -0.295937, 51.2095 ], [ -0.295233, 51.215847 ], [ -0.2943, 51.219102 ], [ -0.292842, 51.221934 ], [ -0.292425, 51.224408 ], [ -0.293017, 51.227608 ], [ -0.293723, 51.229385 ], [ -0.292998, 51.231848 ], [ -0.293375, 51.23439 ], [ -0.292748, 51.236375 ], [ -0.292983, 51.238667 ], [ -0.292284, 51.240804 ], [ -0.294325, 51.242655 ], [ -0.294197, 51.247072 ], [ -0.296272, 51.24842 ], [ -0.293255, 51.24984 ], [ -0.289894, 51.250727 ], [ -0.28762, 51.252131 ], [ -0.287378, 51.254721 ], [ -0.288593, 51.256734 ], [ -0.289813, 51.258602 ], [ -0.290547, 51.260899 ], [ -0.303108, 51.274741 ], [ -0.303587, 51.277493 ], [ -0.302584, 51.280394 ], [ -0.300665, 51.282455 ], [ -0.2955, 51.28396 ], [ -0.292635, 51.284515 ], [ -0.289715, 51.286635 ], [ -0.286668, 51.288375 ], [ -0.285768, 51.289135 ], [ -0.278794, 51.291503 ], [ -0.27299, 51.292716 ], [ -0.273568, 51.294072 ], [ -0.275408, 51.296464 ], [ -0.276838, 51.299624 ], [ -0.274965, 51.299624 ], [ -0.258632, 51.301514 ], [ -0.25707, 51.303264 ], [ -0.253319, 51.303954 ], [ -0.244755, 51.307574 ], [ -0.242049, 51.309123 ], [ -0.246279, 51.300958 ], [ -0.246704, 51.298446 ], [ -0.242933, 51.291686 ], [ -0.243656, 51.287717 ], [ -0.242528, 51.284974 ], [ -0.235523, 51.276903 ], [ -0.228024, 51.261514 ], [ -0.227585, 51.259552 ], [ -0.226712, 51.257866 ] ] ] ] } },
{ "type": "Feature", "properties": { "_ROWID_": 452, "pk": 452, "g_unit": 10005607.0, "g_name": "BARNET", "namestatus": "P", "g_language": "eng", "unittype": "PR_DIST", "g_status": "RegD", "nation": "ENGLAND", "g_year": 1851.0, "im_auth": "GBHGIS", "im_note": null, "notes": null }, "geometry": { "type": "Polygon", "coordinates": [ [ [ -0.254476, 51.737193 ], [ -0.258666, 51.733094 ], [ -0.254948, 51.729428 ], [ -0.253275, 51.727131 ], [ -0.251562, 51.725682 ], [ -0.250235, 51.724008 ], [ -0.248939, 51.722749 ], [ -0.247376, 51.720681 ], [ -0.246003, 51.719713 ], [ -0.244608, 51.718437 ], [ -0.242358, 51.716878 ], [ -0.240696, 51.71506 ], [ -0.240199, 51.712989 ], [ -0.239641, 51.712263 ], [ -0.23907, 51.711798 ], [ -0.239407, 51.710706 ], [ -0.239303, 51.709607 ], [ -0.23875, 51.708685 ], [ -0.237777, 51.707208 ], [ -0.236588, 51.705581 ], [ -0.235832, 51.706466 ], [ -0.235234, 51.706995 ], [ -0.23478, 51.707527 ], [ -0.234147, 51.708951 ], [ -0.23338, 51.710106 ], [ -0.232765, 51.711083 ], [ -0.231741, 51.711426 ], [ -0.22927, 51.711837 ], [ -0.227521, 51.712259 ], [ -0.225054, 51.712579 ], [ -0.223028, 51.712727 ], [ -0.221296, 51.712701 ], [ -0.219698, 51.712946 ], [ -0.218245, 51.713195 ], [ -0.216242, 51.712719 ], [ -0.215126, 51.711717 ], [ -0.21444, 51.710811 ], [ -0.213149, 51.710616 ], [ -0.212452, 51.709979 ], [ -0.211582, 51.710059 ], [ -0.210572, 51.710047 ], [ -0.208707, 51.709757 ], [ -0.207567, 51.709385 ], [ -0.205852, 51.708917 ], [ -0.204268, 51.708811 ], [ -0.202255, 51.708617 ], [ -0.201541, 51.708433 ], [ -0.199235, 51.708341 ], [ -0.198076, 51.708434 ], [ -0.19692, 51.708439 ], [ -0.194899, 51.708448 ], [ -0.193751, 51.70827 ], [ -0.192466, 51.70791 ], [ -0.191762, 51.70746 ], [ -0.190485, 51.70692 ], [ -0.188769, 51.706637 ], [ -0.186732, 51.70679 ], [ -0.18588, 51.706398 ], [ -0.184743, 51.705906 ], [ -0.182721, 51.705852 ], [ -0.180404, 51.705998 ], [ -0.179862, 51.705094 ], [ -0.179476, 51.704145 ], [ -0.17891, 51.703588 ], [ -0.17852, 51.702304 ], [ -0.176772, 51.701822 ], [ -0.175455, 51.70162 ], [ -0.173243, 51.701335 ], [ -0.173621, 51.700763 ], [ -0.168313, 51.699363 ], [ -0.167321, 51.699697 ], [ -0.16625, 51.699683 ], [ -0.165234, 51.69941 ], [ -0.164476, 51.698505 ], [ -0.164145, 51.697431 ], [ -0.164328, 51.696249 ], [ -0.164394, 51.694544 ], [ -0.164396, 51.693244 ], [ -0.164599, 51.691872 ], [ -0.164699, 51.690841 ], [ -0.164801, 51.689417 ], [ -0.164846, 51.688227 ], [ -0.164873, 51.686327 ], [ -0.164567, 51.684576 ], [ -0.164663, 51.682047 ], [ -0.165806, 51.681404 ], [ -0.167459, 51.680771 ], [ -0.169581, 51.678333 ], [ -0.170253, 51.676817 ], [ -0.171661, 51.675271 ], [ -0.173618, 51.673428 ], [ -0.174329, 51.672168 ], [ -0.175749, 51.672096 ], [ -0.17679, 51.67203 ], [ -0.180323, 51.671059 ], [ -0.181004, 51.67057 ], [ -0.181396, 51.670221 ], [ -0.182088, 51.669445 ], [ -0.182863, 51.668954 ], [ -0.184135, 51.667849 ], [ -0.185292, 51.664207 ], [ -0.185723, 51.663054 ], [ -0.184609, 51.66256 ], [ -0.182941, 51.662274 ], [ -0.181134, 51.661919 ], [ -0.177654, 51.661228 ], [ -0.176, 51.660592 ], [ -0.174054, 51.66037 ], [ -0.171883, 51.659932 ], [ -0.169743, 51.659163 ], [ -0.167927, 51.658735 ], [ -0.165139, 51.658177 ], [ -0.161498, 51.657544 ], [ -0.159934, 51.656942 ], [ -0.158981, 51.656336 ], [ -0.157652, 51.655954 ], [ -0.156676, 51.655934 ], [ -0.155703, 51.65583 ], [ -0.154642, 51.654861 ], [ -0.153687, 51.654324 ], [ -0.152669, 51.652306 ], [ -0.15112, 51.648325 ], [ -0.149858, 51.646308 ], [ -0.148449, 51.644192 ], [ -0.147524, 51.643141 ], [ -0.146459, 51.642376 ], [ -0.145784, 51.641416 ], [ -0.145648, 51.641355 ], [ -0.145632, 51.641348 ], [ -0.144783, 51.640853 ], [ -0.143512, 51.640084 ], [ -0.14211, 51.63914 ], [ -0.140577, 51.63799 ], [ -0.13871, 51.636968 ], [ -0.136315, 51.636183 ], [ -0.134025, 51.634309 ], [ -0.132423, 51.632988 ], [ -0.131298, 51.632299 ], [ -0.128879, 51.632031 ], [ -0.12853, 51.630703 ], [ -0.132435, 51.625891 ], [ -0.133854, 51.623473 ], [ -0.135, 51.622365 ], [ -0.136709, 51.621423 ], [ -0.138687, 51.620644 ], [ -0.140885, 51.620133 ], [ -0.141605, 51.619194 ], [ -0.142037, 51.61878 ], [ -0.14266, 51.618072 ], [ -0.142284, 51.617748 ], [ -0.143214, 51.616992 ], [ -0.143456, 51.61057 ], [ -0.144024, 51.610324 ], [ -0.144063, 51.609573 ], [ -0.143179, 51.608358 ], [ -0.143247, 51.607653 ], [ -0.143281, 51.607009 ], [ -0.14278, 51.60581 ], [ -0.142473, 51.605315 ], [ -0.142147, 51.60448 ], [ -0.142183, 51.603829 ], [ -0.142586, 51.603106 ], [ -0.142884, 51.602661 ], [ -0.143385, 51.601877 ], [ -0.143926, 51.601259 ], [ -0.14428, 51.600662 ], [ -0.144778, 51.599979 ], [ -0.146152, 51.5996 ], [ -0.147682, 51.59899 ], [ -0.151646, 51.597726 ], [ -0.153173, 51.599019 ], [ -0.153717, 51.600428 ], [ -0.15385, 51.601207 ], [ -0.153798, 51.602072 ], [ -0.153859, 51.602651 ], [ -0.154293, 51.603204 ], [ -0.154805, 51.603757 ], [ -0.155264, 51.604993 ], [ -0.154152, 51.60584 ], [ -0.15165, 51.606488 ], [ -0.15317, 51.607379 ], [ -0.153514, 51.60806 ], [ -0.153796, 51.608402 ], [ -0.153905, 51.608839 ], [ -0.154113, 51.609472 ], [ -0.154332, 51.610081 ], [ -0.155352, 51.60983 ], [ -0.156304, 51.610208 ], [ -0.15907, 51.612216 ], [ -0.159933, 51.612352 ], [ -0.160641, 51.61246 ], [ -0.160069, 51.611919 ], [ -0.157374, 51.610226 ], [ -0.157132, 51.60981 ], [ -0.156674, 51.6091 ], [ -0.156116, 51.608293 ], [ -0.155421, 51.607012 ], [ -0.154974, 51.605956 ], [ -0.156004, 51.6055 ], [ -0.156443, 51.604982 ], [ -0.157741, 51.603922 ], [ -0.160236, 51.600274 ], [ -0.161257, 51.599234 ], [ -0.162451, 51.59802 ], [ -0.160886, 51.594154 ], [ -0.160087, 51.593128 ], [ -0.159754, 51.592491 ], [ -0.159443, 51.591709 ], [ -0.159434, 51.590808 ], [ -0.161039, 51.588421 ], [ -0.161558, 51.587858 ], [ -0.162305, 51.586124 ], [ -0.162365, 51.584779 ], [ -0.162347, 51.583577 ], [ -0.163124, 51.582129 ], [ -0.163956, 51.581656 ], [ -0.165981, 51.580795 ], [ -0.170353, 51.578443 ], [ -0.172189, 51.577245 ], [ -0.17307, 51.573886 ], [ -0.173044, 51.571369 ], [ -0.173105, 51.570909 ], [ -0.173512, 51.570776 ], [ -0.173809, 51.570626 ], [ -0.174411, 51.57015 ], [ -0.174869, 51.57 ], [ -0.175902, 51.57014 ], [ -0.179589, 51.570279 ], [ -0.180943, 51.570842 ], [ -0.18055, 51.570766 ], [ -0.181283, 51.57126 ], [ -0.182175, 51.571969 ], [ -0.1828, 51.572583 ], [ -0.184145, 51.575442 ], [ -0.183073, 51.577625 ], [ -0.18282, 51.578812 ], [ -0.182236, 51.579884 ], [ -0.18386, 51.5803 ], [ -0.184935, 51.581178 ], [ -0.187613, 51.581192 ], [ -0.18874, 51.581873 ], [ -0.189886, 51.582291 ], [ -0.190608, 51.581865 ], [ -0.191804, 51.581185 ], [ -0.192162, 51.581845 ], [ -0.192458, 51.582851 ], [ -0.192673, 51.583848 ], [ -0.193914, 51.58514 ], [ -0.194801, 51.58673 ], [ -0.194812, 51.587768 ], [ -0.194975, 51.588293 ], [ -0.19614, 51.588763 ], [ -0.197639, 51.589179 ], [ -0.198857, 51.58973 ], [ -0.200028, 51.590023 ], [ -0.20151, 51.589894 ], [ -0.204331, 51.589311 ], [ -0.205986, 51.588862 ], [ -0.207941, 51.588293 ], [ -0.209344, 51.587885 ], [ -0.210081, 51.587814 ], [ -0.211356, 51.588243 ], [ -0.211757, 51.588965 ], [ -0.21156, 51.589591 ], [ -0.211494, 51.590252 ], [ -0.211646, 51.591207 ], [ -0.212324, 51.591821 ], [ -0.212376, 51.59292 ], [ -0.212635, 51.593529 ], [ -0.212744, 51.594765 ], [ -0.212049, 51.595179 ], [ -0.21094, 51.595952 ], [ -0.211433, 51.597243 ], [ -0.210913, 51.59809 ], [ -0.210308, 51.598599 ], [ -0.211071, 51.59979 ], [ -0.210826, 51.600309 ], [ -0.210514, 51.601144 ], [ -0.209751, 51.60165 ], [ -0.208805, 51.602348 ], [ -0.208606, 51.602887 ], [ -0.208022, 51.603879 ], [ -0.206521, 51.604287 ], [ -0.204956, 51.60455 ], [ -0.203508, 51.605162 ], [ -0.20389, 51.605889 ], [ -0.203421, 51.606949 ], [ -0.201509, 51.608134 ], [ -0.199733, 51.608397 ], [ -0.199799, 51.60912 ], [ -0.199673, 51.609985 ], [ -0.198393, 51.610688 ], [ -0.196526, 51.610891 ], [ -0.194959, 51.611851 ], [ -0.193453, 51.612348 ], [ -0.191854, 51.612874 ], [ -0.191141, 51.614012 ], [ -0.190848, 51.615525 ], [ -0.190765, 51.617477 ], [ -0.190887, 51.618394 ], [ -0.19229, 51.618986 ], [ -0.194931, 51.619821 ], [ -0.195864, 51.620198 ], [ -0.197154, 51.620476 ], [ -0.198029, 51.620782 ], [ -0.198323, 51.621235 ], [ -0.198726, 51.622992 ], [ -0.199834, 51.623895 ], [ -0.203684, 51.624305 ], [ -0.206409, 51.624284 ], [ -0.209188, 51.623962 ], [ -0.211435, 51.623282 ], [ -0.213144, 51.623012 ], [ -0.215157, 51.622571 ], [ -0.217802, 51.622788 ], [ -0.220526, 51.62342 ], [ -0.224205, 51.623888 ], [ -0.226467, 51.624217 ], [ -0.229201, 51.624613 ], [ -0.232914, 51.625149 ], [ -0.232254, 51.626547 ], [ -0.231732, 51.627778 ], [ -0.231587, 51.629074 ], [ -0.231253, 51.630367 ], [ -0.231126, 51.631191 ], [ -0.2294, 51.634115 ], [ -0.228786, 51.635405 ], [ -0.227628, 51.635977 ], [ -0.228374, 51.636224 ], [ -0.22978, 51.636599 ], [ -0.230545, 51.636525 ], [ -0.23177, 51.63657 ], [ -0.233764, 51.636482 ], [ -0.236763, 51.636904 ], [ -0.237905, 51.637469 ], [ -0.239084, 51.638295 ], [ -0.239785, 51.63949 ], [ -0.241142, 51.64055 ], [ -0.241744, 51.641369 ], [ -0.243863, 51.641027 ], [ -0.244579, 51.640663 ], [ -0.245607, 51.639992 ], [ -0.247428, 51.639583 ], [ -0.249838, 51.639494 ], [ -0.252195, 51.639756 ], [ -0.254022, 51.639555 ], [ -0.256965, 51.640292 ], [ -0.25825, 51.640658 ], [ -0.259143, 51.641595 ], [ -0.2596, 51.642087 ], [ -0.260194, 51.642384 ], [ -0.26133, 51.642667 ], [ -0.262236, 51.643258 ], [ -0.263159, 51.643387 ], [ -0.264997, 51.643877 ], [ -0.267233, 51.643679 ], [ -0.269283, 51.643478 ], [ -0.272456, 51.643063 ], [ -0.274544, 51.643665 ], [ -0.277643, 51.643898 ], [ -0.27956, 51.644596 ], [ -0.281358, 51.643765 ], [ -0.282484, 51.643158 ], [ -0.284106, 51.642682 ], [ -0.286029, 51.642211 ], [ -0.288642, 51.642062 ], [ -0.29014, 51.642209 ], [ -0.292228, 51.642676 ], [ -0.294011, 51.643263 ], [ -0.295703, 51.6436 ], [ -0.297943, 51.643691 ], [ -0.297553, 51.644525 ], [ -0.297374, 51.645368 ], [ -0.296819, 51.646231 ], [ -0.296628, 51.647337 ], [ -0.296669, 51.648506 ], [ -0.297243, 51.649337 ], [ -0.297949, 51.650347 ], [ -0.298753, 51.651243 ], [ -0.2991, 51.651922 ], [ -0.299912, 51.652671 ], [ -0.300336, 51.653703 ], [ -0.298269, 51.653796 ], [ -0.296948, 51.653995 ], [ -0.295854, 51.654375 ], [ -0.29431, 51.654306 ], [ -0.29231, 51.653963 ], [ -0.290506, 51.653421 ], [ -0.28905, 51.653499 ], [ -0.287899, 51.654139 ], [ -0.287065, 51.654992 ], [ -0.285772, 51.655658 ], [ -0.284531, 51.656179 ], [ -0.282955, 51.655787 ], [ -0.281741, 51.655726 ], [ -0.280597, 51.656163 ], [ -0.278884, 51.65676 ], [ -0.275987, 51.657618 ], [ -0.275274, 51.657767 ], [ -0.274993, 51.657826 ], [ -0.273583, 51.657935 ], [ -0.272402, 51.658137 ], [ -0.271281, 51.659102 ], [ -0.269933, 51.659856 ], [ -0.268876, 51.660412 ], [ -0.270193, 51.661325 ], [ -0.271011, 51.661844 ], [ -0.27121, 51.66261 ], [ -0.271665, 51.66388 ], [ -0.272309, 51.665156 ], [ -0.273057, 51.66617 ], [ -0.274033, 51.667338 ], [ -0.275153, 51.66845 ], [ -0.276497, 51.669774 ], [ -0.277251, 51.670672 ], [ -0.278471, 51.671641 ], [ -0.279842, 51.672409 ], [ -0.280732, 51.673398 ], [ -0.281627, 51.674329 ], [ -0.283055, 51.674865 ], [ -0.284347, 51.675309 ], [ -0.286778, 51.675461 ], [ -0.287626, 51.676361 ], [ -0.28768, 51.677212 ], [ -0.287789, 51.677888 ], [ -0.288072, 51.678862 ], [ -0.288979, 51.67953 ], [ -0.289896, 51.679964 ], [ -0.291176, 51.680671 ], [ -0.29223, 51.681196 ], [ -0.29313, 51.681981 ], [ -0.29343, 51.682604 ], [ -0.295339, 51.683913 ], [ -0.297433, 51.685257 ], [ -0.29796, 51.686031 ], [ -0.298845, 51.687167 ], [ -0.300015, 51.688223 ], [ -0.299819, 51.689418 ], [ -0.298317, 51.689437 ], [ -0.29725, 51.689204 ], [ -0.296128, 51.689116 ], [ -0.295375, 51.689184 ], [ -0.295442, 51.689742 ], [ -0.296415, 51.691026 ], [ -0.297464, 51.692664 ], [ -0.29839, 51.693918 ], [ -0.299065, 51.695545 ], [ -0.299862, 51.696562 ], [ -0.301058, 51.698086 ], [ -0.298728, 51.698756 ], [ -0.29923, 51.700539 ], [ -0.301385, 51.708843 ], [ -0.303756, 51.707296 ], [ -0.304069, 51.708621 ], [ -0.304018, 51.709731 ], [ -0.303954, 51.711076 ], [ -0.30401, 51.711896 ], [ -0.304097, 51.71304 ], [ -0.303983, 51.71447 ], [ -0.302476, 51.714577 ], [ -0.300721, 51.714999 ], [ -0.298252, 51.715607 ], [ -0.296861, 51.716244 ], [ -0.294763, 51.716978 ], [ -0.293414, 51.717703 ], [ -0.292206, 51.718461 ], [ -0.291103, 51.718959 ], [ -0.289902, 51.719541 ], [ -0.288897, 51.719954 ], [ -0.288536, 51.720081 ], [ -0.287657, 51.720389 ], [ -0.286079, 51.720991 ], [ -0.285109, 51.721667 ], [ -0.284226, 51.722463 ], [ -0.283367, 51.723477 ], [ -0.28437, 51.724652 ], [ -0.286012, 51.725661 ], [ -0.287146, 51.72648 ], [ -0.288148, 51.72712 ], [ -0.289138, 51.727994 ], [ -0.289201, 51.728639 ], [ -0.28828, 51.729258 ], [ -0.287221, 51.729815 ], [ -0.286532, 51.730469 ], [ -0.285415, 51.731259 ], [ -0.284107, 51.732101 ], [ -0.283361, 51.732988 ], [ -0.282206, 51.733571 ], [ -0.28102, 51.733832 ], [ -0.279643, 51.734147 ], [ -0.277747, 51.734535 ], [ -0.275899, 51.734896 ], [ -0.273868, 51.735164 ], [ -0.272696, 51.735133 ], [ -0.270763, 51.73628 ], [ -0.269176, 51.737057 ], [ -0.268224, 51.737324 ], [ -0.267229, 51.737502 ], [ -0.265777, 51.738399 ], [ -0.264384, 51.739063 ], [ -0.26319, 51.73947 ], [ -0.261961, 51.739642 ], [ -0.260273, 51.739597 ], [ -0.258786, 51.739294 ], [ -0.257255, 51.738932 ], [ -0.255841, 51.738076 ], [ -0.254476, 51.737193 ] ] ] } },
{ "type": "Feature", "properties": { "_ROWID_": 453, "pk": 453, "g_unit": 10085469.0, "g_name": "EDMONTON", "namestatus": "P", "g_language": "eng", "unittype": "PR_DIST", "g_status": "RegD", "nation": "ENGLAND", "g_year": 1851.0, "im_auth": "GBHGIS", "im_note": null, "notes": null }, "geometry": { "type": "Polygon", "coordinates": [ [ [ -0.09631, 51.736589 ], [ -0.093132, 51.736251 ], [ -0.089431, 51.736016 ], [ -0.08553, 51.73601 ], [ -0.083013, 51.735629 ], [ -0.08249, 51.735578 ], [ -0.080255, 51.735359 ], [ -0.07777, 51.735241 ], [ -0.074335, 51.735332 ], [ -0.070727, 51.735128 ], [ -0.067818, 51.735057 ], [ -0.063623, 51.735303 ], [ -0.056993, 51.735429 ], [ -0.051705, 51.735034 ], [ -0.046666, 51.734412 ], [ -0.035497, 51.732553 ], [ -0.033242, 51.731739 ], [ -0.031509, 51.730795 ], [ -0.03042, 51.730942 ], [ -0.029224, 51.731371 ], [ -0.026328, 51.730366 ], [ -0.024505, 51.729545 ], [ -0.022668, 51.728974 ], [ -0.019164, 51.728929 ], [ -0.017629, 51.728746 ], [ -0.01184, 51.727419 ], [ -0.012237, 51.726534 ], [ -0.010508, 51.725112 ], [ -0.011036, 51.724452 ], [ -0.010582, 51.72337 ], [ -0.00851, 51.723461 ], [ -0.007613, 51.722817 ], [ -0.000271, 51.72349 ], [ 0.002019, 51.723095 ], [ 0.005838, 51.722123 ], [ 0.009146, 51.720508 ], [ 0.012181, 51.719881 ], [ 0.015202, 51.718794 ], [ 0.015701, 51.716816 ], [ 0.019179, 51.71802 ], [ 0.0214, 51.719306 ], [ 0.024505, 51.721357 ], [ 0.027113, 51.722028 ], [ 0.031014, 51.72412 ], [ 0.032889, 51.725037 ], [ 0.03557, 51.722813 ], [ 0.036139, 51.721268 ], [ 0.039745, 51.721398 ], [ 0.04258, 51.721948 ], [ 0.045117, 51.722186 ], [ 0.048906, 51.722225 ], [ 0.052203, 51.72184 ], [ 0.058042, 51.713445 ], [ 0.058613, 51.706112 ], [ 0.063163, 51.707264 ], [ 0.06846, 51.702583 ], [ 0.066899, 51.691445 ], [ 0.072274, 51.688991 ], [ 0.073994, 51.684702 ], [ 0.079479, 51.681782 ], [ 0.074075, 51.679339 ], [ 0.071906, 51.678241 ], [ 0.069528, 51.677375 ], [ 0.068322, 51.676578 ], [ 0.066702, 51.676289 ], [ 0.065574, 51.675582 ], [ 0.064362, 51.674649 ], [ 0.063142, 51.673535 ], [ 0.061552, 51.672291 ], [ 0.060724, 51.67176 ], [ 0.058572, 51.671025 ], [ 0.056643, 51.670378 ], [ 0.055527, 51.669943 ], [ 0.054933, 51.669726 ], [ 0.053612, 51.669613 ], [ 0.052357, 51.669317 ], [ 0.048745, 51.667448 ], [ 0.043247, 51.664289 ], [ 0.041435, 51.662763 ], [ 0.040363, 51.661107 ], [ 0.037415, 51.656629 ], [ 0.034544, 51.655047 ], [ 0.028961, 51.651444 ], [ 0.029223, 51.649481 ], [ 0.027222, 51.647775 ], [ 0.025606, 51.646824 ], [ 0.023097, 51.645452 ], [ 0.021636, 51.644063 ], [ 0.020728, 51.643317 ], [ 0.018932, 51.64226 ], [ 0.015616, 51.646343 ], [ 0.013296, 51.645294 ], [ -0.000437, 51.646032 ], [ -0.004971, 51.646224 ], [ -0.006674, 51.647234 ], [ -0.019488, 51.645185 ], [ -0.03137, 51.645443 ], [ -0.031924, 51.644809 ], [ -0.031604, 51.644137 ], [ -0.032662, 51.643962 ], [ -0.033792, 51.64225 ], [ -0.034655, 51.642501 ], [ -0.035584, 51.641323 ], [ -0.034066, 51.640062 ], [ -0.034476, 51.638757 ], [ -0.035086, 51.636909 ], [ -0.035342, 51.635157 ], [ -0.034298, 51.635014 ], [ -0.032281, 51.633188 ], [ -0.026417, 51.626695 ], [ -0.025032, 51.626462 ], [ -0.026752, 51.625455 ], [ -0.027674, 51.625652 ], [ -0.028526, 51.625325 ], [ -0.027489, 51.623528 ], [ -0.026588, 51.622869 ], [ -0.026493, 51.621881 ], [ -0.027981, 51.621884 ], [ -0.028098, 51.621364 ], [ -0.030061, 51.620102 ], [ -0.030941, 51.62021 ], [ -0.031016, 51.618525 ], [ -0.031956, 51.618313 ], [ -0.033244, 51.617614 ], [ -0.03426, 51.616732 ], [ -0.034705, 51.618228 ], [ -0.037536, 51.617319 ], [ -0.038604, 51.617337 ], [ -0.038485, 51.616897 ], [ -0.037803, 51.616535 ], [ -0.037713, 51.615423 ], [ -0.039523, 51.614456 ], [ -0.040993, 51.61275 ], [ -0.0401, 51.611891 ], [ -0.03978, 51.609694 ], [ -0.038706, 51.609798 ], [ -0.037502, 51.609694 ], [ -0.037916, 51.607683 ], [ -0.036675, 51.608398 ], [ -0.034986, 51.606651 ], [ -0.034027, 51.606288 ], [ -0.034814, 51.605276 ], [ -0.035147, 51.605105 ], [ -0.03615, 51.604474 ], [ -0.03672, 51.604159 ], [ -0.037564, 51.603993 ], [ -0.038733, 51.603802 ], [ -0.039472, 51.603898 ], [ -0.040213, 51.603961 ], [ -0.04097, 51.603636 ], [ -0.042836, 51.602327 ], [ -0.043427, 51.600389 ], [ -0.044297, 51.599538 ], [ -0.04549, 51.598697 ], [ -0.046575, 51.598254 ], [ -0.047642, 51.598212 ], [ -0.048718, 51.597936 ], [ -0.049397, 51.59717 ], [ -0.048759, 51.596883 ], [ -0.047476, 51.596528 ], [ -0.046716, 51.595802 ], [ -0.047966, 51.595823 ], [ -0.04854, 51.595333 ], [ -0.047372, 51.594433 ], [ -0.047489, 51.593776 ], [ -0.047723, 51.592477 ], [ -0.04926, 51.592164 ], [ -0.050412, 51.592089 ], [ -0.051565, 51.591905 ], [ -0.052584, 51.591464 ], [ -0.053298, 51.590421 ], [ -0.053649, 51.589234 ], [ -0.053495, 51.588096 ], [ -0.053254, 51.586902 ], [ -0.053986, 51.586615 ], [ -0.055405, 51.585985 ], [ -0.05628, 51.585313 ], [ -0.055935, 51.584656 ], [ -0.055406, 51.584105 ], [ -0.056644, 51.583391 ], [ -0.057876, 51.582874 ], [ -0.058606, 51.582562 ], [ -0.059658, 51.582037 ], [ -0.060895, 51.581348 ], [ -0.061728, 51.580699 ], [ -0.062069, 51.57992 ], [ -0.062091, 51.579327 ], [ -0.061014, 51.577937 ], [ -0.060203, 51.57678 ], [ -0.059302, 51.575675 ], [ -0.058689, 51.575232 ], [ -0.05912, 51.575303 ], [ -0.059649, 51.575327 ], [ -0.060265, 51.575447 ], [ -0.060878, 51.575569 ], [ -0.061413, 51.575723 ], [ -0.061796, 51.576232 ], [ -0.062272, 51.576348 ], [ -0.062922, 51.576345 ], [ -0.06372, 51.576416 ], [ -0.065514, 51.576274 ], [ -0.066679, 51.576115 ], [ -0.067751, 51.576021 ], [ -0.069092, 51.575802 ], [ -0.070003, 51.57562 ], [ -0.071668, 51.575524 ], [ -0.072092, 51.575552 ], [ -0.072915, 51.575537 ], [ -0.073007, 51.575523 ], [ -0.07403, 51.575464 ], [ -0.075195, 51.575236 ], [ -0.075805, 51.575227 ], [ -0.075456, 51.575661 ], [ -0.076121, 51.575675 ], [ -0.076868, 51.575818 ], [ -0.077235, 51.575865 ], [ -0.077868, 51.575256 ], [ -0.078483, 51.575459 ], [ -0.079141, 51.575607 ], [ -0.080007, 51.57566 ], [ -0.080865, 51.575688 ], [ -0.081755, 51.575554 ], [ -0.082542, 51.575447 ], [ -0.083392, 51.575322 ], [ -0.083465, 51.575295 ], [ -0.084803, 51.575177 ], [ -0.086283, 51.575031 ], [ -0.087415, 51.574958 ], [ -0.088345, 51.574916 ], [ -0.089067, 51.574944 ], [ -0.089457, 51.575012 ], [ -0.090136, 51.574853 ], [ -0.091236, 51.574606 ], [ -0.091761, 51.574435 ], [ -0.092572, 51.574425 ], [ -0.093658, 51.574324 ], [ -0.094642, 51.574359 ], [ -0.095252, 51.574428 ], [ -0.095804, 51.574499 ], [ -0.096117, 51.574922 ], [ -0.096456, 51.575312 ], [ -0.096641, 51.575578 ], [ -0.097457, 51.575341 ], [ -0.098167, 51.575018 ], [ -0.09837, 51.574945 ], [ -0.097797, 51.573895 ], [ -0.097283, 51.572942 ], [ -0.096687, 51.571748 ], [ -0.096155, 51.570842 ], [ -0.095952, 51.570615 ], [ -0.096253, 51.570286 ], [ -0.097599, 51.569284 ], [ -0.098717, 51.568504 ], [ -0.099586, 51.567654 ], [ -0.100734, 51.566789 ], [ -0.101937, 51.566008 ], [ -0.103125, 51.565305 ], [ -0.104126, 51.564552 ], [ -0.104524, 51.564432 ], [ -0.104667, 51.564596 ], [ -0.105157, 51.564861 ], [ -0.105965, 51.565307 ], [ -0.106698, 51.565859 ], [ -0.107413, 51.566576 ], [ -0.108403, 51.567306 ], [ -0.109703, 51.567945 ], [ -0.111002, 51.568683 ], [ -0.112155, 51.569211 ], [ -0.113428, 51.569796 ], [ -0.114846, 51.570466 ], [ -0.114418, 51.570739 ], [ -0.115934, 51.572001 ], [ -0.115296, 51.572475 ], [ -0.115954, 51.573025 ], [ -0.116787, 51.573647 ], [ -0.117291, 51.574058 ], [ -0.118103, 51.574587 ], [ -0.118968, 51.574986 ], [ -0.119505, 51.575416 ], [ -0.119941, 51.575373 ], [ -0.120854, 51.575221 ], [ -0.122666, 51.574842 ], [ -0.123188, 51.574799 ], [ -0.123865, 51.574634 ], [ -0.124492, 51.574313 ], [ -0.12504, 51.574178 ], [ -0.125653, 51.574022 ], [ -0.125903, 51.574209 ], [ -0.126527, 51.574335 ], [ -0.127561, 51.574279 ], [ -0.129035, 51.574098 ], [ -0.130728, 51.573858 ], [ -0.131422, 51.573722 ], [ -0.13251, 51.573475 ], [ -0.133204, 51.573075 ], [ -0.134196, 51.572419 ], [ -0.135705, 51.571691 ], [ -0.136604, 51.571318 ], [ -0.1383, 51.57056 ], [ -0.139306, 51.56999 ], [ -0.140465, 51.569521 ], [ -0.140985, 51.569413 ], [ -0.141662, 51.569339 ], [ -0.141988, 51.56956 ], [ -0.142834, 51.569877 ], [ -0.143729, 51.570196 ], [ -0.145308, 51.570563 ], [ -0.149108, 51.571646 ], [ -0.15094, 51.571743 ], [ -0.153968, 51.571859 ], [ -0.156368, 51.572043 ], [ -0.159049, 51.57239 ], [ -0.161025, 51.572444 ], [ -0.163602, 51.572332 ], [ -0.165182, 51.572368 ], [ -0.165439, 51.572538 ], [ -0.166367, 51.572467 ], [ -0.167843, 51.57208 ], [ -0.169101, 51.571847 ], [ -0.170015, 51.571712 ], [ -0.172886, 51.571711 ], [ -0.171876, 51.571397 ], [ -0.173105, 51.570909 ], [ -0.173044, 51.571369 ], [ -0.17307, 51.573886 ], [ -0.172189, 51.577245 ], [ -0.170353, 51.578443 ], [ -0.165981, 51.580795 ], [ -0.163956, 51.581656 ], [ -0.163124, 51.582129 ], [ -0.162347, 51.583577 ], [ -0.162365, 51.584779 ], [ -0.162305, 51.586124 ], [ -0.161558, 51.587858 ], [ -0.161039, 51.588421 ], [ -0.159434, 51.590808 ], [ -0.159443, 51.591709 ], [ -0.159754, 51.592491 ], [ -0.160087, 51.593128 ], [ -0.160886, 51.594154 ], [ -0.162451, 51.59802 ], [ -0.161257, 51.599234 ], [ -0.160236, 51.600274 ], [ -0.157741, 51.603922 ], [ -0.156443, 51.604982 ], [ -0.156004, 51.6055 ], [ -0.154974, 51.605956 ], [ -0.155421, 51.607012 ], [ -0.156116, 51.608293 ], [ -0.156674, 51.6091 ], [ -0.157132, 51.60981 ], [ -0.157374, 51.610226 ], [ -0.160069, 51.611919 ], [ -0.160641, 51.61246 ], [ -0.159933, 51.612352 ], [ -0.15907, 51.612216 ], [ -0.156304, 51.610208 ], [ -0.155352, 51.60983 ], [ -0.154332, 51.610081 ], [ -0.154113, 51.609472 ], [ -0.153905, 51.608839 ], [ -0.153796, 51.608402 ], [ -0.153514, 51.60806 ], [ -0.15317, 51.607379 ], [ -0.15165, 51.606488 ], [ -0.154152, 51.60584 ], [ -0.155264, 51.604993 ], [ -0.154805, 51.603757 ], [ -0.154293, 51.603204 ], [ -0.153859, 51.602651 ], [ -0.153798, 51.602072 ], [ -0.15385, 51.601207 ], [ -0.153717, 51.600428 ], [ -0.153173, 51.599019 ], [ -0.151646, 51.597726 ], [ -0.147682, 51.59899 ], [ -0.146152, 51.5996 ], [ -0.144778, 51.599979 ], [ -0.14428, 51.600662 ], [ -0.143926, 51.601259 ], [ -0.143385, 51.601877 ], [ -0.142884, 51.602661 ], [ -0.142586, 51.603106 ], [ -0.142183, 51.603829 ], [ -0.142147, 51.60448 ], [ -0.142473, 51.605315 ], [ -0.14278, 51.60581 ], [ -0.143281, 51.607009 ], [ -0.143247, 51.607653 ], [ -0.143179, 51.608358 ], [ -0.144063, 51.609573 ], [ -0.144024, 51.610324 ], [ -0.143456, 51.61057 ], [ -0.143214, 51.616992 ], [ -0.142284, 51.617748 ], [ -0.14266, 51.618072 ], [ -0.142037, 51.61878 ], [ -0.141605, 51.619194 ], [ -0.140885, 51.620133 ], [ -0.138687, 51.620644 ], [ -0.136709, 51.621423 ], [ -0.135, 51.622365 ], [ -0.133854, 51.623473 ], [ -0.132435, 51.625891 ], [ -0.12853, 51.630703 ], [ -0.128879, 51.632031 ], [ -0.131298, 51.632299 ], [ -0.132423, 51.632988 ], [ -0.134025, 51.634309 ], [ -0.136315, 51.636183 ], [ -0.13871, 51.636968 ], [ -0.140577, 51.63799 ], [ -0.14211, 51.63914 ], [ -0.143512, 51.640084 ], [ -0.144783, 51.640853 ], [ -0.145632, 51.641348 ], [ -0.145648, 51.641355 ], [ -0.145784, 51.641416 ], [ -0.146459, 51.642376 ], [ -0.147524, 51.643141 ], [ -0.148449, 51.644192 ], [ -0.149858, 51.646308 ], [ -0.15112, 51.648325 ], [ -0.152669, 51.652306 ], [ -0.153687, 51.654324 ], [ -0.154642, 51.654861 ], [ -0.155703, 51.65583 ], [ -0.156676, 51.655934 ], [ -0.157652, 51.655954 ], [ -0.158981, 51.656336 ], [ -0.159934, 51.656942 ], [ -0.161498, 51.657544 ], [ -0.165139, 51.658177 ], [ -0.167927, 51.658735 ], [ -0.169743, 51.659163 ], [ -0.171883, 51.659932 ], [ -0.174054, 51.66037 ], [ -0.176, 51.660592 ], [ -0.177654, 51.661228 ], [ -0.181134, 51.661919 ], [ -0.182941, 51.662274 ], [ -0.184609, 51.66256 ], [ -0.185723, 51.663054 ], [ -0.185292, 51.664207 ], [ -0.184135, 51.667849 ], [ -0.182863, 51.668954 ], [ -0.182088, 51.669445 ], [ -0.181396, 51.670221 ], [ -0.181004, 51.67057 ], [ -0.180323, 51.671059 ], [ -0.17679, 51.67203 ], [ -0.175749, 51.672096 ], [ -0.174329, 51.672168 ], [ -0.173618, 51.673428 ], [ -0.171661, 51.675271 ], [ -0.170253, 51.676817 ], [ -0.169581, 51.678333 ], [ -0.167459, 51.680771 ], [ -0.165806, 51.681404 ], [ -0.164663, 51.682047 ], [ -0.164567, 51.684576 ], [ -0.164873, 51.686327 ], [ -0.164846, 51.688227 ], [ -0.164801, 51.689417 ], [ -0.164699, 51.690841 ], [ -0.164599, 51.691872 ], [ -0.164396, 51.693244 ], [ -0.164394, 51.694544 ], [ -0.164328, 51.696249 ], [ -0.164145, 51.697431 ], [ -0.164476, 51.698505 ], [ -0.165234, 51.69941 ], [ -0.16625, 51.699683 ], [ -0.167321, 51.699697 ], [ -0.168313, 51.699363 ], [ -0.173621, 51.700763 ], [ -0.173243, 51.701335 ], [ -0.172531, 51.701123 ], [ -0.171659, 51.700836 ], [ -0.170041, 51.700814 ], [ -0.16872, 51.700705 ], [ -0.163134, 51.699499 ], [ -0.161515, 51.699131 ], [ -0.159531, 51.698571 ], [ -0.157614, 51.698638 ], [ -0.156592, 51.698442 ], [ -0.155425, 51.698152 ], [ -0.154708, 51.697686 ], [ -0.154314, 51.696492 ], [ -0.153906, 51.695663 ], [ -0.152931, 51.694429 ], [ -0.150649, 51.693158 ], [ -0.148315, 51.692031 ], [ -0.145024, 51.691397 ], [ -0.141881, 51.690981 ], [ -0.13969, 51.691106 ], [ -0.136764, 51.691373 ], [ -0.134326, 51.691571 ], [ -0.132873, 51.691479 ], [ -0.132016, 51.69162 ], [ -0.130801, 51.691606 ], [ -0.128741, 51.691507 ], [ -0.126917, 51.691562 ], [ -0.125815, 51.691776 ], [ -0.124235, 51.691758 ], [ -0.122635, 51.692269 ], [ -0.120549, 51.692774 ], [ -0.114943, 51.691805 ], [ -0.11381, 51.690983 ], [ -0.105676, 51.687976 ], [ -0.10387, 51.687674 ], [ -0.103553, 51.688346 ], [ -0.103738, 51.689264 ], [ -0.104664, 51.69088 ], [ -0.104558, 51.691678 ], [ -0.103644, 51.693127 ], [ -0.104568, 51.695106 ], [ -0.104547, 51.696672 ], [ -0.104217, 51.697392 ], [ -0.10479, 51.698749 ], [ -0.105476, 51.701546 ], [ -0.105868, 51.704161 ], [ -0.105363, 51.706639 ], [ -0.105795, 51.710192 ], [ -0.105425, 51.711906 ], [ -0.10482, 51.712709 ], [ -0.106295, 51.713239 ], [ -0.107443, 51.713761 ], [ -0.108306, 51.714336 ], [ -0.111837, 51.717831 ], [ -0.113055, 51.719444 ], [ -0.112722, 51.720457 ], [ -0.11027, 51.721822 ], [ -0.107652, 51.723423 ], [ -0.10608, 51.724757 ], [ -0.105273, 51.725846 ], [ -0.104656, 51.726881 ], [ -0.10428, 51.727805 ], [ -0.101017, 51.729128 ], [ -0.100261, 51.730129 ], [ -0.100771, 51.732094 ], [ -0.098063, 51.734476 ], [ -0.09749, 51.735569 ], [ -0.09631, 51.736589 ] ] ] } },
{ "type": "Feature", "properties": { "_ROWID_": 455, "pk": 455, "g_unit": 10211281.0, "g_name": "HENDON", "namestatus": "P", "g_language": "eng", "unittype": "PR_DIST", "g_status": "RegD", "nation": "ENGLAND", "g_year": 1851.0, "im_auth": "GBHGIS", "im_note": null, "notes": null }, "geometry": { "type": "Polygon", "coordinates": [ [ [ -0.297943, 51.643691 ], [ -0.295703, 51.6436 ], [ -0.294011, 51.643263 ], [ -0.292228, 51.642676 ], [ -0.29014, 51.642209 ], [ -0.288642, 51.642062 ], [ -0.286029, 51.642211 ], [ -0.284106, 51.642682 ], [ -0.282484, 51.643158 ], [ -0.281358, 51.643765 ], [ -0.27956, 51.644596 ], [ -0.277643, 51.643898 ], [ -0.274544, 51.643665 ], [ -0.272456, 51.643063 ], [ -0.269283, 51.643478 ], [ -0.267233, 51.643679 ], [ -0.264997, 51.643877 ], [ -0.263159, 51.643387 ], [ -0.262236, 51.643258 ], [ -0.26133, 51.642667 ], [ -0.260194, 51.642384 ], [ -0.2596, 51.642087 ], [ -0.259143, 51.641595 ], [ -0.25825, 51.640658 ], [ -0.256965, 51.640292 ], [ -0.254022, 51.639555 ], [ -0.252195, 51.639756 ], [ -0.249838, 51.639494 ], [ -0.247428, 51.639583 ], [ -0.245607, 51.639992 ], [ -0.244579, 51.640663 ], [ -0.243863, 51.641027 ], [ -0.241744, 51.641369 ], [ -0.241142, 51.64055 ], [ -0.239785, 51.63949 ], [ -0.239084, 51.638295 ], [ -0.237905, 51.637469 ], [ -0.236763, 51.636904 ], [ -0.233764, 51.636482 ], [ -0.23177, 51.63657 ], [ -0.230545, 51.636525 ], [ -0.22978, 51.636599 ], [ -0.228374, 51.636224 ], [ -0.227628, 51.635977 ], [ -0.228786, 51.635405 ], [ -0.2294, 51.634115 ], [ -0.231126, 51.631191 ], [ -0.231253, 51.630367 ], [ -0.231587, 51.629074 ], [ -0.231732, 51.627778 ], [ -0.232254, 51.626547 ], [ -0.232914, 51.625149 ], [ -0.229201, 51.624613 ], [ -0.226467, 51.624217 ], [ -0.224205, 51.623888 ], [ -0.220526, 51.62342 ], [ -0.217802, 51.622788 ], [ -0.215157, 51.622571 ], [ -0.213144, 51.623012 ], [ -0.211435, 51.623282 ], [ -0.209188, 51.623962 ], [ -0.206409, 51.624284 ], [ -0.203684, 51.624305 ], [ -0.199834, 51.623895 ], [ -0.198726, 51.622992 ], [ -0.198323, 51.621235 ], [ -0.198029, 51.620782 ], [ -0.197154, 51.620476 ], [ -0.195864, 51.620198 ], [ -0.194931, 51.619821 ], [ -0.19229, 51.618986 ], [ -0.190887, 51.618394 ], [ -0.190765, 51.617477 ], [ -0.190848, 51.615525 ], [ -0.191141, 51.614012 ], [ -0.191854, 51.612874 ], [ -0.193453, 51.612348 ], [ -0.194959, 51.611851 ], [ -0.196526, 51.610891 ], [ -0.198393, 51.610688 ], [ -0.199673, 51.609985 ], [ -0.199799, 51.60912 ], [ -0.199733, 51.608397 ], [ -0.201509, 51.608134 ], [ -0.203421, 51.606949 ], [ -0.20389, 51.605889 ], [ -0.203508, 51.605162 ], [ -0.204956, 51.60455 ], [ -0.206521, 51.604287 ], [ -0.208022, 51.603879 ], [ -0.208606, 51.602887 ], [ -0.208805, 51.602348 ], [ -0.209751, 51.60165 ], [ -0.210514, 51.601144 ], [ -0.210826, 51.600309 ], [ -0.211071, 51.59979 ], [ -0.210308, 51.598599 ], [ -0.210913, 51.59809 ], [ -0.211433, 51.597243 ], [ -0.21094, 51.595952 ], [ -0.212049, 51.595179 ], [ -0.212744, 51.594765 ], [ -0.212635, 51.593529 ], [ -0.212376, 51.59292 ], [ -0.212324, 51.591821 ], [ -0.211646, 51.591207 ], [ -0.211494, 51.590252 ], [ -0.21156, 51.589591 ], [ -0.211757, 51.588965 ], [ -0.211356, 51.588243 ], [ -0.210081, 51.587814 ], [ -0.209344, 51.587885 ], [ -0.207941, 51.588293 ], [ -0.205986, 51.588862 ], [ -0.204331, 51.589311 ], [ -0.20151, 51.589894 ], [ -0.200028, 51.590023 ], [ -0.198857, 51.58973 ], [ -0.197639, 51.589179 ], [ -0.19614, 51.588763 ], [ -0.194975, 51.588293 ], [ -0.194812, 51.587768 ], [ -0.194801, 51.58673 ], [ -0.193914, 51.58514 ], [ -0.192673, 51.583848 ], [ -0.192458, 51.582851 ], [ -0.192162, 51.581845 ], [ -0.191804, 51.581185 ], [ -0.190608, 51.581865 ], [ -0.189886, 51.582291 ], [ -0.18874, 51.581873 ], [ -0.187613, 51.581192 ], [ -0.184935, 51.581178 ], [ -0.18386, 51.5803 ], [ -0.182236, 51.579884 ], [ -0.18282, 51.578812 ], [ -0.183073, 51.577625 ], [ -0.184145, 51.575442 ], [ -0.1828, 51.572583 ], [ -0.182175, 51.571969 ], [ -0.181283, 51.57126 ], [ -0.18055, 51.570766 ], [ -0.180943, 51.570842 ], [ -0.181074, 51.570642 ], [ -0.180513, 51.569835 ], [ -0.180889, 51.569767 ], [ -0.183077, 51.569795 ], [ -0.183962, 51.569486 ], [ -0.184678, 51.569216 ], [ -0.185724, 51.568689 ], [ -0.186775, 51.568275 ], [ -0.187151, 51.568064 ], [ -0.187921, 51.56781 ], [ -0.189486, 51.567384 ], [ -0.189636, 51.567132 ], [ -0.190411, 51.566591 ], [ -0.191487, 51.566165 ], [ -0.191701, 51.566032 ], [ -0.191833, 51.565931 ], [ -0.192426, 51.565654 ], [ -0.192048, 51.565726 ], [ -0.192694, 51.56542 ], [ -0.193704, 51.564871 ], [ -0.191469, 51.564399 ], [ -0.190286, 51.56342 ], [ -0.190736, 51.562417 ], [ -0.191149, 51.561909 ], [ -0.192019, 51.561786 ], [ -0.19274, 51.56168 ], [ -0.193167, 51.561354 ], [ -0.193854, 51.561033 ], [ -0.19418, 51.561024 ], [ -0.194701, 51.560883 ], [ -0.194973, 51.560706 ], [ -0.195108, 51.560511 ], [ -0.195634, 51.560493 ], [ -0.196484, 51.56055 ], [ -0.197578, 51.560762 ], [ -0.197458, 51.560423 ], [ -0.197163, 51.560019 ], [ -0.197325, 51.559806 ], [ -0.197899, 51.559736 ], [ -0.198276, 51.559412 ], [ -0.198968, 51.558791 ], [ -0.199284, 51.558361 ], [ -0.199457, 51.557844 ], [ -0.199887, 51.557436 ], [ -0.200255, 51.557001 ], [ -0.200337, 51.556473 ], [ -0.200167, 51.555951 ], [ -0.201576, 51.555819 ], [ -0.203627, 51.555448 ], [ -0.205129, 51.555201 ], [ -0.206757, 51.554889 ], [ -0.206935, 51.556031 ], [ -0.208413, 51.555748 ], [ -0.209759, 51.555313 ], [ -0.210285, 51.555636 ], [ -0.21112, 51.556362 ], [ -0.21227, 51.555939 ], [ -0.213523, 51.555387 ], [ -0.214413, 51.55479 ], [ -0.212724, 51.553281 ], [ -0.211027, 51.551918 ], [ -0.209686, 51.550911 ], [ -0.20574, 51.547776 ], [ -0.199619, 51.543988 ], [ -0.194972, 51.540368 ], [ -0.192933, 51.538429 ], [ -0.191575, 51.537215 ], [ -0.190313, 51.536014 ], [ -0.189706, 51.535606 ], [ -0.191457, 51.534526 ], [ -0.191635, 51.534085 ], [ -0.191631, 51.533579 ], [ -0.191856, 51.532985 ], [ -0.192587, 51.53186 ], [ -0.193899, 51.530256 ], [ -0.195395, 51.528569 ], [ -0.195964, 51.527905 ], [ -0.196204, 51.527674 ], [ -0.196549, 51.527913 ], [ -0.196774, 51.527967 ], [ -0.197227, 51.527849 ], [ -0.197394, 51.528032 ], [ -0.197544, 51.52853 ], [ -0.197456, 51.529182 ], [ -0.197499, 51.530134 ], [ -0.197899, 51.530614 ], [ -0.1986, 51.531125 ], [ -0.199863, 51.531646 ], [ -0.200378, 51.532066 ], [ -0.200996, 51.532593 ], [ -0.201431, 51.532802 ], [ -0.202214, 51.533046 ], [ -0.203334, 51.533121 ], [ -0.204719, 51.533111 ], [ -0.205375, 51.533101 ], [ -0.205619, 51.533084 ], [ -0.206816, 51.533042 ], [ -0.207661, 51.532795 ], [ -0.208434, 51.532606 ], [ -0.209492, 51.532278 ], [ -0.210471, 51.531958 ], [ -0.211581, 51.53182 ], [ -0.212646, 51.531589 ], [ -0.213617, 51.531472 ], [ -0.215106, 51.531033 ], [ -0.215308, 51.530961 ], [ -0.215036, 51.530208 ], [ -0.215007, 51.529815 ], [ -0.215614, 51.529354 ], [ -0.215856, 51.529078 ], [ -0.215901, 51.528333 ], [ -0.215634, 51.527853 ], [ -0.216998, 51.528099 ], [ -0.218248, 51.528325 ], [ -0.219897, 51.528531 ], [ -0.221916, 51.528885 ], [ -0.223031, 51.529202 ], [ -0.22437, 51.52961 ], [ -0.225712, 51.529783 ], [ -0.226774, 51.529752 ], [ -0.227619, 51.529724 ], [ -0.228616, 51.529844 ], [ -0.22913, 51.530074 ], [ -0.22972, 51.530408 ], [ -0.230432, 51.530382 ], [ -0.231197, 51.530617 ], [ -0.231843, 51.530867 ], [ -0.232652, 51.531228 ], [ -0.233949, 51.531699 ], [ -0.235403, 51.532294 ], [ -0.23597, 51.532193 ], [ -0.236952, 51.532008 ], [ -0.238445, 51.531717 ], [ -0.240101, 51.531638 ], [ -0.24158, 51.53156 ], [ -0.242858, 51.531495 ], [ -0.243957, 51.531469 ], [ -0.245056, 51.531583 ], [ -0.245801, 51.531801 ], [ -0.246679, 51.532131 ], [ -0.247601, 51.532421 ], [ -0.246618, 51.532523 ], [ -0.247622, 51.533121 ], [ -0.248995, 51.533898 ], [ -0.250008, 51.53429 ], [ -0.251032, 51.53442 ], [ -0.253789, 51.534457 ], [ -0.256131, 51.534284 ], [ -0.258242, 51.534021 ], [ -0.260727, 51.533675 ], [ -0.262231, 51.533287 ], [ -0.263648, 51.532609 ], [ -0.264878, 51.531842 ], [ -0.26644, 51.53079 ], [ -0.268738, 51.529864 ], [ -0.270324, 51.529567 ], [ -0.272414, 51.529334 ], [ -0.274277, 51.528924 ], [ -0.277909, 51.527988 ], [ -0.27995, 51.527989 ], [ -0.284886, 51.527809 ], [ -0.285068, 51.528102 ], [ -0.285195, 51.528743 ], [ -0.285461, 51.529474 ], [ -0.285822, 51.53012 ], [ -0.286985, 51.530611 ], [ -0.289277, 51.530986 ], [ -0.289879, 51.531407 ], [ -0.290934, 51.532536 ], [ -0.291204, 51.533065 ], [ -0.291429, 51.533506 ], [ -0.29114, 51.533937 ], [ -0.292114, 51.534131 ], [ -0.292612, 51.534721 ], [ -0.292972, 51.535162 ], [ -0.293798, 51.535377 ], [ -0.294542, 51.535154 ], [ -0.295056, 51.534871 ], [ -0.295607, 51.535024 ], [ -0.297877, 51.535 ], [ -0.297393, 51.533771 ], [ -0.299816, 51.533316 ], [ -0.30353, 51.533698 ], [ -0.302793, 51.533307 ], [ -0.302339, 51.532717 ], [ -0.304624, 51.532287 ], [ -0.30652, 51.532459 ], [ -0.306611, 51.532548 ], [ -0.307009, 51.533544 ], [ -0.307256, 51.535061 ], [ -0.306246, 51.536939 ], [ -0.306176, 51.537955 ], [ -0.306871, 51.539735 ], [ -0.307402, 51.540612 ], [ -0.307792, 51.541516 ], [ -0.307748, 51.543052 ], [ -0.307581, 51.544005 ], [ -0.307304, 51.545507 ], [ -0.307136, 51.546431 ], [ -0.30716, 51.547096 ], [ -0.308159, 51.547542 ], [ -0.308992, 51.547467 ], [ -0.310063, 51.547337 ], [ -0.317965, 51.54875 ], [ -0.318339, 51.548639 ], [ -0.318702, 51.548846 ], [ -0.319499, 51.549839 ], [ -0.319782, 51.550968 ], [ -0.319758, 51.551602 ], [ -0.319535, 51.55258 ], [ -0.320473, 51.553457 ], [ -0.321577, 51.553557 ], [ -0.322697, 51.553369 ], [ -0.324717, 51.552931 ], [ -0.3261, 51.55338 ], [ -0.327501, 51.554523 ], [ -0.328482, 51.554422 ], [ -0.330101, 51.554535 ], [ -0.331696, 51.55525 ], [ -0.332821, 51.55613 ], [ -0.335002, 51.556888 ], [ -0.33732, 51.557321 ], [ -0.340898, 51.558175 ], [ -0.341926, 51.559136 ], [ -0.343529, 51.559702 ], [ -0.34365, 51.562546 ], [ -0.344047, 51.565419 ], [ -0.34529, 51.565693 ], [ -0.347702, 51.564233 ], [ -0.348448, 51.563901 ], [ -0.349826, 51.563666 ], [ -0.350928, 51.563513 ], [ -0.352477, 51.562618 ], [ -0.353585, 51.561398 ], [ -0.355373, 51.560646 ], [ -0.357204, 51.560009 ], [ -0.358349, 51.559046 ], [ -0.360191, 51.557975 ], [ -0.362545, 51.557199 ], [ -0.364615, 51.55527 ], [ -0.368157, 51.554836 ], [ -0.371812, 51.553741 ], [ -0.374716, 51.554406 ], [ -0.375205, 51.555102 ], [ -0.376144, 51.556177 ], [ -0.379788, 51.560645 ], [ -0.382393, 51.564354 ], [ -0.382908, 51.565509 ], [ -0.384909, 51.569296 ], [ -0.385552, 51.570827 ], [ -0.386841, 51.572543 ], [ -0.387917, 51.57371 ], [ -0.387884, 51.574655 ], [ -0.388332, 51.576497 ], [ -0.388973, 51.578054 ], [ -0.390141, 51.57916 ], [ -0.391518, 51.580926 ], [ -0.391978, 51.582365 ], [ -0.392047, 51.584402 ], [ -0.39198, 51.58638 ], [ -0.391873, 51.58813 ], [ -0.393406, 51.589441 ], [ -0.394529, 51.590547 ], [ -0.395637, 51.592112 ], [ -0.39628, 51.59373 ], [ -0.396985, 51.594889 ], [ -0.39857, 51.596229 ], [ -0.399509, 51.597476 ], [ -0.400585, 51.598671 ], [ -0.402256, 51.600165 ], [ -0.403564, 51.601395 ], [ -0.404102, 51.60198 ], [ -0.404711, 51.603231 ], [ -0.404438, 51.604469 ], [ -0.40384, 51.605674 ], [ -0.404092, 51.607874 ], [ -0.404752, 51.609009 ], [ -0.405399, 51.610521 ], [ -0.405092, 51.611384 ], [ -0.404877, 51.612247 ], [ -0.404815, 51.612738 ], [ -0.401967, 51.613105 ], [ -0.371241, 51.620204 ], [ -0.368921, 51.620768 ], [ -0.367424, 51.621076 ], [ -0.366395, 51.621674 ], [ -0.365436, 51.622225 ], [ -0.363619, 51.622932 ], [ -0.362402, 51.623452 ], [ -0.361819, 51.623682 ], [ -0.360433, 51.624886 ], [ -0.359223, 51.625227 ], [ -0.357011, 51.625534 ], [ -0.355173, 51.625886 ], [ -0.353488, 51.626101 ], [ -0.349133, 51.627234 ], [ -0.348523, 51.627643 ], [ -0.346646, 51.628138 ], [ -0.341731, 51.630439 ], [ -0.338982, 51.631933 ], [ -0.334968, 51.633698 ], [ -0.333423, 51.634023 ], [ -0.331048, 51.635435 ], [ -0.328229, 51.636263 ], [ -0.326314, 51.636497 ], [ -0.324236, 51.637392 ], [ -0.322165, 51.638115 ], [ -0.320995, 51.63833 ], [ -0.320089, 51.638953 ], [ -0.31926, 51.640068 ], [ -0.315863, 51.641436 ], [ -0.313478, 51.641808 ], [ -0.311787, 51.642275 ], [ -0.308539, 51.643357 ], [ -0.304233, 51.644105 ], [ -0.302274, 51.644251 ], [ -0.300887, 51.64403 ], [ -0.297943, 51.643691 ] ] ] } },
{ "type": "Feature", "properties": { "_ROWID_": 544, "pk": 544, "g_unit": 10167577.0, "g_name": "SHOREDITCH", "namestatus": "P", "g_language": "eng", "unittype": "PR_DIST", "g_status": "RegD", "nation": "ENGLAND", "g_year": 1851.0, "im_auth": "GBHGIS", "im_note": null, "notes": null }, "geometry": { "type": "Polygon", "coordinates": [ [ [ -0.072329, 51.539493 ], [ -0.07191, 51.539512 ], [ -0.070684, 51.539435 ], [ -0.069444, 51.539541 ], [ -0.067838, 51.539694 ], [ -0.066425, 51.539703 ], [ -0.06618, 51.539259 ], [ -0.065968, 51.538973 ], [ -0.065613, 51.538884 ], [ -0.064791, 51.538514 ], [ -0.063498, 51.537841 ], [ -0.063285, 51.537589 ], [ -0.062901, 51.537236 ], [ -0.062051, 51.537106 ], [ -0.062568, 51.535976 ], [ -0.062535, 51.535173 ], [ -0.062774, 51.534848 ], [ -0.062826, 51.534398 ], [ -0.062842, 51.533574 ], [ -0.063282, 51.53354 ], [ -0.065011, 51.533186 ], [ -0.064786, 51.532288 ], [ -0.064598, 51.531598 ], [ -0.06619, 51.531455 ], [ -0.067574, 51.531273 ], [ -0.069809, 51.531178 ], [ -0.071438, 51.531076 ], [ -0.072713, 51.530827 ], [ -0.074086, 51.530314 ], [ -0.074421, 51.530107 ], [ -0.075079, 51.529452 ], [ -0.07558, 51.528618 ], [ -0.076404, 51.527834 ], [ -0.077189, 51.527197 ], [ -0.076308, 51.5271 ], [ -0.076434, 51.526747 ], [ -0.076603, 51.52627 ], [ -0.076491, 51.525702 ], [ -0.076374, 51.525364 ], [ -0.076242, 51.52443 ], [ -0.075643, 51.52444 ], [ -0.075415, 51.523151 ], [ -0.075694, 51.522483 ], [ -0.075977, 51.522049 ], [ -0.076153, 51.521794 ], [ -0.076419, 51.52185 ], [ -0.076578, 51.521433 ], [ -0.076956, 51.521228 ], [ -0.077485, 51.52121 ], [ -0.078153, 51.521228 ], [ -0.078676, 51.521387 ], [ -0.079113, 51.521493 ], [ -0.080115, 51.52094 ], [ -0.080798, 51.521018 ], [ -0.081403, 51.520663 ], [ -0.081942, 51.520308 ], [ -0.082385, 51.519596 ], [ -0.08322, 51.518691 ], [ -0.084026, 51.518122 ], [ -0.08498, 51.518389 ], [ -0.08623, 51.518719 ], [ -0.085814, 51.519361 ], [ -0.085269, 51.520149 ], [ -0.08498, 51.521067 ], [ -0.084599, 51.522163 ], [ -0.084562, 51.523148 ], [ -0.084442, 51.523814 ], [ -0.084279, 51.52449 ], [ -0.084898, 51.525229 ], [ -0.085174, 51.525963 ], [ -0.086488, 51.525672 ], [ -0.087663, 51.525346 ], [ -0.087743, 51.525642 ], [ -0.087935, 51.526064 ], [ -0.088074, 51.526598 ], [ -0.08871, 51.527144 ], [ -0.088978, 51.527492 ], [ -0.089271, 51.528668 ], [ -0.090175, 51.528504 ], [ -0.091711, 51.528443 ], [ -0.092489, 51.528382 ], [ -0.092976, 51.529755 ], [ -0.094539, 51.529476 ], [ -0.094626, 51.529728 ], [ -0.0949, 51.530317 ], [ -0.095581, 51.531194 ], [ -0.09633, 51.532391 ], [ -0.096033, 51.532485 ], [ -0.095286, 51.532812 ], [ -0.094195, 51.53332 ], [ -0.093216, 51.533723 ], [ -0.092162, 51.534326 ], [ -0.091369, 51.534846 ], [ -0.090573, 51.535371 ], [ -0.089941, 51.535808 ], [ -0.089465, 51.536103 ], [ -0.088852, 51.536961 ], [ -0.088627, 51.537549 ], [ -0.088164, 51.537342 ], [ -0.087758, 51.537095 ], [ -0.087209, 51.537002 ], [ -0.087091, 51.536987 ], [ -0.086388, 51.53688 ], [ -0.08532, 51.536908 ], [ -0.085124, 51.537056 ], [ -0.085193, 51.537495 ], [ -0.084704, 51.537536 ], [ -0.083636, 51.537431 ], [ -0.082442, 51.53729 ], [ -0.081756, 51.537162 ], [ -0.079936, 51.53707 ], [ -0.078372, 51.536769 ], [ -0.077294, 51.536595 ], [ -0.077327, 51.53723 ], [ -0.077294, 51.537396 ], [ -0.077371, 51.537968 ], [ -0.077294, 51.53911 ], [ -0.076867, 51.539221 ], [ -0.076058, 51.539276 ], [ -0.074518, 51.539446 ], [ -0.073895, 51.539451 ], [ -0.073337, 51.53948 ], [ -0.072329, 51.539493 ] ] ] } },
{ "type": "Feature", "properties": { "_ROWID_": 545, "pk": 545, "g_unit": 10112059.0, "g_name": "BETHNAL GREEN", "namestatus": "P", "g_language": "eng", "unittype": "PR_DIST", "g_status": "RegD", "nation": "ENGLAND", "g_year": 1851.0, "im_auth": "GBHGIS", "im_note": null, "notes": null }, "geometry": { "type": "Polygon", "coordinates": [ [ [ -0.043897, 51.536857 ], [ -0.043472, 51.536731 ], [ -0.041834, 51.537509 ], [ -0.040491, 51.536129 ], [ -0.039254, 51.536373 ], [ -0.039029, 51.536496 ], [ -0.038806, 51.536187 ], [ -0.037872, 51.5359 ], [ -0.037879, 51.53514 ], [ -0.037504, 51.534274 ], [ -0.038397, 51.533924 ], [ -0.037443, 51.533846 ], [ -0.036212, 51.531415 ], [ -0.035852, 51.531154 ], [ -0.034929, 51.530119 ], [ -0.034827, 51.529931 ], [ -0.034091, 51.528585 ], [ -0.03727, 51.527358 ], [ -0.039072, 51.526346 ], [ -0.039625, 51.52705 ], [ -0.039705, 51.527099 ], [ -0.040319, 51.526967 ], [ -0.041455, 51.526489 ], [ -0.04205, 51.52708 ], [ -0.042459, 51.527792 ], [ -0.042829, 51.52759 ], [ -0.044332, 51.527082 ], [ -0.045806, 51.526791 ], [ -0.046955, 51.526541 ], [ -0.047055, 51.526635 ], [ -0.048002, 51.526542 ], [ -0.049078, 51.526201 ], [ -0.049774, 51.526191 ], [ -0.050416, 51.525902 ], [ -0.051086, 51.527028 ], [ -0.051739, 51.526789 ], [ -0.053094, 51.526626 ], [ -0.053005, 51.526352 ], [ -0.052973, 51.52595 ], [ -0.05302, 51.525497 ], [ -0.05346, 51.524883 ], [ -0.053616, 51.52442 ], [ -0.053443, 51.523561 ], [ -0.05228, 51.522942 ], [ -0.052984, 51.522509 ], [ -0.053809, 51.521943 ], [ -0.054719, 51.521197 ], [ -0.055495, 51.520578 ], [ -0.056018, 51.520363 ], [ -0.057056, 51.520222 ], [ -0.057747, 51.520034 ], [ -0.058368, 51.520946 ], [ -0.058457, 51.521094 ], [ -0.058922, 51.521697 ], [ -0.059185, 51.521972 ], [ -0.059942, 51.521851 ], [ -0.060545, 51.521657 ], [ -0.060803, 51.521559 ], [ -0.061315, 51.521541 ], [ -0.061923, 51.521648 ], [ -0.062297, 51.52183 ], [ -0.062507, 51.521997 ], [ -0.062597, 51.522226 ], [ -0.064476, 51.522435 ], [ -0.065715, 51.522538 ], [ -0.065713, 51.522274 ], [ -0.066123, 51.522299 ], [ -0.066296, 51.522577 ], [ -0.067568, 51.522481 ], [ -0.068232, 51.522504 ], [ -0.06876, 51.522523 ], [ -0.068807, 51.522328 ], [ -0.06938, 51.52233 ], [ -0.069277, 51.521794 ], [ -0.069289, 51.521467 ], [ -0.069408, 51.52104 ], [ -0.071312, 51.520963 ], [ -0.071309, 51.521476 ], [ -0.071144, 51.522374 ], [ -0.071134, 51.52304 ], [ -0.071296, 51.523225 ], [ -0.073297, 51.523408 ], [ -0.074283, 51.523384 ], [ -0.074792, 51.523316 ], [ -0.075415, 51.523151 ], [ -0.075643, 51.52444 ], [ -0.076242, 51.52443 ], [ -0.076374, 51.525364 ], [ -0.076491, 51.525702 ], [ -0.076603, 51.52627 ], [ -0.076434, 51.526747 ], [ -0.076308, 51.5271 ], [ -0.077189, 51.527197 ], [ -0.076404, 51.527834 ], [ -0.07558, 51.528618 ], [ -0.075079, 51.529452 ], [ -0.074421, 51.530107 ], [ -0.074086, 51.530314 ], [ -0.072713, 51.530827 ], [ -0.071438, 51.531076 ], [ -0.069809, 51.531178 ], [ -0.067574, 51.531273 ], [ -0.06619, 51.531455 ], [ -0.064598, 51.531598 ], [ -0.064786, 51.532288 ], [ -0.065011, 51.533186 ], [ -0.063282, 51.53354 ], [ -0.062842, 51.533574 ], [ -0.062826, 51.534398 ], [ -0.062774, 51.534848 ], [ -0.062535, 51.535173 ], [ -0.061256, 51.535318 ], [ -0.060052, 51.535449 ], [ -0.059849, 51.534924 ], [ -0.059873, 51.534354 ], [ -0.060042, 51.533799 ], [ -0.058282, 51.534129 ], [ -0.057404, 51.534485 ], [ -0.056302, 51.534584 ], [ -0.054863, 51.53504 ], [ -0.054224, 51.535272 ], [ -0.053625, 51.535579 ], [ -0.053137, 51.535664 ], [ -0.051485, 51.535985 ], [ -0.04944, 51.536185 ], [ -0.048204, 51.536375 ], [ -0.047144, 51.536582 ], [ -0.04584, 51.536555 ], [ -0.045351, 51.536592 ], [ -0.044379, 51.536814 ], [ -0.043897, 51.536857 ] ] ] } },
{ "type": "Feature", "properties": { "_ROWID_": 546, "pk": 546, "g_unit": 10043736.0, "g_name": "MARYLEBONE", "namestatus": "O", "g_language": "eng", "unittype": "PR_DIST", "g_status": "RegD", "nation": "ENGLAND", "g_year": 1851.0, "im_auth": "GBHGIS", "im_note": null, "notes": null }, "geometry": { "type": "Polygon", "coordinates": [ [ [ -0.158523, 51.538757 ], [ -0.157493, 51.537757 ], [ -0.156673, 51.537285 ], [ -0.156427, 51.537068 ], [ -0.155728, 51.536452 ], [ -0.154396, 51.535535 ], [ -0.153201, 51.534555 ], [ -0.152318, 51.533969 ], [ -0.151901, 51.533758 ], [ -0.151544, 51.532852 ], [ -0.151219, 51.531913 ], [ -0.150878, 51.53106 ], [ -0.15052, 51.530297 ], [ -0.149578, 51.529763 ], [ -0.148904, 51.528974 ], [ -0.148229, 51.528113 ], [ -0.147168, 51.52707 ], [ -0.146482, 51.526401 ], [ -0.14565, 51.525863 ], [ -0.14543, 51.525646 ], [ -0.145103, 51.525322 ], [ -0.144535, 51.524891 ], [ -0.144055, 51.524254 ], [ -0.143969, 51.524022 ], [ -0.143149, 51.523338 ], [ -0.141912, 51.52231 ], [ -0.140539, 51.521115 ], [ -0.139688, 51.520572 ], [ -0.139481, 51.520636 ], [ -0.139092, 51.520579 ], [ -0.138651, 51.520442 ], [ -0.138203, 51.520075 ], [ -0.138038, 51.519839 ], [ -0.137664, 51.519529 ], [ -0.137352, 51.519384 ], [ -0.137128, 51.519155 ], [ -0.136696, 51.518938 ], [ -0.136365, 51.518713 ], [ -0.135903, 51.51842 ], [ -0.1352, 51.518049 ], [ -0.134607, 51.517747 ], [ -0.133945, 51.517278 ], [ -0.133008, 51.516915 ], [ -0.132361, 51.516784 ], [ -0.131494, 51.516661 ], [ -0.131198, 51.516526 ], [ -0.136667, 51.516022 ], [ -0.138458, 51.515839 ], [ -0.139296, 51.51577 ], [ -0.140413, 51.51565 ], [ -0.141448, 51.515518 ], [ -0.142904, 51.515362 ], [ -0.143477, 51.51524 ], [ -0.146305, 51.514875 ], [ -0.148918, 51.514591 ], [ -0.150508, 51.514394 ], [ -0.152575, 51.514243 ], [ -0.154833, 51.513986 ], [ -0.157199, 51.513776 ], [ -0.15865, 51.513627 ], [ -0.160546, 51.513438 ], [ -0.161677, 51.513325 ], [ -0.162223, 51.513739 ], [ -0.168424, 51.518061 ], [ -0.169923, 51.519202 ], [ -0.173513, 51.521812 ], [ -0.177337, 51.524476 ], [ -0.178296, 51.52531 ], [ -0.181595, 51.528243 ], [ -0.181829, 51.528358 ], [ -0.188312, 51.53467 ], [ -0.189141, 51.535387 ], [ -0.189157, 51.535513 ], [ -0.189419, 51.536094 ], [ -0.189676, 51.536929 ], [ -0.18839, 51.536661 ], [ -0.18709, 51.5364 ], [ -0.186713, 51.536199 ], [ -0.185873, 51.535729 ], [ -0.185565, 51.535819 ], [ -0.184874, 51.536081 ], [ -0.183918, 51.536711 ], [ -0.183357, 51.537063 ], [ -0.182973, 51.537297 ], [ -0.18252, 51.537442 ], [ -0.181662, 51.537781 ], [ -0.179831, 51.5384 ], [ -0.178526, 51.538761 ], [ -0.177706, 51.538906 ], [ -0.176392, 51.539039 ], [ -0.175194, 51.538944 ], [ -0.174048, 51.538833 ], [ -0.173308, 51.538614 ], [ -0.172655, 51.538401 ], [ -0.171889, 51.538063 ], [ -0.171098, 51.537874 ], [ -0.170269, 51.537625 ], [ -0.169219, 51.537541 ], [ -0.168344, 51.537529 ], [ -0.167624, 51.537579 ], [ -0.166421, 51.537651 ], [ -0.165107, 51.537783 ], [ -0.164038, 51.537868 ], [ -0.162379, 51.538161 ], [ -0.161569, 51.538372 ], [ -0.161183, 51.538231 ], [ -0.16032, 51.53818 ], [ -0.159508, 51.538374 ], [ -0.158523, 51.538757 ] ] ] } },
{ "type": "Feature", "properties": { "_ROWID_": 547, "pk": 547, "g_unit": 10477013.0, "g_name": "KENSINGTON", "namestatus": "P", "g_language": "eng", "unittype": "PR_DIST", "g_status": "RegD", "nation": "ENGLAND", "g_year": 1851.0, "im_auth": "GBHGIS", "im_note": null, "notes": null }, "geometry": { "type": "MultiPolygon", "coordinates": [ [ [ [ -0.157922, 51.483355 ], [ -0.158482, 51.483224 ], [ -0.158527, 51.48393 ], [ -0.158783, 51.484639 ], [ -0.159332, 51.485176 ], [ -0.157669, 51.486048 ], [ -0.157355, 51.485946 ], [ -0.156612, 51.485813 ], [ -0.155293, 51.485641 ], [ -0.153801, 51.485199 ], [ -0.153476, 51.48399 ], [ -0.154752, 51.48374 ], [ -0.155779, 51.483547 ], [ -0.157216, 51.483469 ], [ -0.157922, 51.483355 ] ] ], [ [ [ -0.181595, 51.528243 ], [ -0.178296, 51.52531 ], [ -0.177337, 51.524476 ], [ -0.173513, 51.521812 ], [ -0.169923, 51.519202 ], [ -0.168424, 51.518061 ], [ -0.162223, 51.513739 ], [ -0.161677, 51.513325 ], [ -0.162174, 51.513275 ], [ -0.162495, 51.513228 ], [ -0.163653, 51.513001 ], [ -0.165411, 51.512727 ], [ -0.166161, 51.513657 ], [ -0.167, 51.513522 ], [ -0.166595, 51.512624 ], [ -0.166945, 51.512618 ], [ -0.16843, 51.512466 ], [ -0.169921, 51.512324 ], [ -0.171026, 51.512107 ], [ -0.172561, 51.512017 ], [ -0.17513, 51.511761 ], [ -0.176915, 51.511605 ], [ -0.176776, 51.511273 ], [ -0.176638, 51.510701 ], [ -0.176435, 51.510012 ], [ -0.17623, 51.508794 ], [ -0.176554, 51.508676 ], [ -0.177398, 51.508488 ], [ -0.178463, 51.508233 ], [ -0.179571, 51.50796 ], [ -0.181418, 51.507576 ], [ -0.183049, 51.507406 ], [ -0.184972, 51.507127 ], [ -0.186818, 51.506837 ], [ -0.187902, 51.507109 ], [ -0.188945, 51.507383 ], [ -0.190078, 51.507838 ], [ -0.190868, 51.508368 ], [ -0.192107, 51.508035 ], [ -0.193268, 51.507746 ], [ -0.192124, 51.506215 ], [ -0.191382, 51.505302 ], [ -0.190689, 51.504122 ], [ -0.190162, 51.503295 ], [ -0.189633, 51.502192 ], [ -0.188679, 51.502391 ], [ -0.187315, 51.502256 ], [ -0.185172, 51.50199 ], [ -0.184252, 51.501871 ], [ -0.183036, 51.501679 ], [ -0.181889, 51.501556 ], [ -0.181186, 51.501455 ], [ -0.180773, 51.5015 ], [ -0.180439, 51.501409 ], [ -0.179732, 51.501415 ], [ -0.179333, 51.500713 ], [ -0.17902, 51.500205 ], [ -0.178594, 51.499412 ], [ -0.178158, 51.498748 ], [ -0.1776, 51.498141 ], [ -0.177002, 51.49749 ], [ -0.176668, 51.497165 ], [ -0.175659, 51.497915 ], [ -0.174469, 51.498248 ], [ -0.173606, 51.498358 ], [ -0.17336, 51.498401 ], [ -0.173349, 51.498485 ], [ -0.172524, 51.498551 ], [ -0.172541, 51.498618 ], [ -0.171746, 51.498734 ], [ -0.171379, 51.498897 ], [ -0.170228, 51.499082 ], [ -0.169223, 51.499158 ], [ -0.168403, 51.499254 ], [ -0.168253, 51.498942 ], [ -0.168056, 51.498654 ], [ -0.166247, 51.499433 ], [ -0.16582, 51.498885 ], [ -0.16488, 51.499563 ], [ -0.16387, 51.500289 ], [ -0.163091, 51.500843 ], [ -0.162701, 51.501263 ], [ -0.162482, 51.50148 ], [ -0.161688, 51.501062 ], [ -0.161983, 51.500537 ], [ -0.162217, 51.499971 ], [ -0.162333, 51.49965 ], [ -0.162244, 51.499467 ], [ -0.16252, 51.498872 ], [ -0.162655, 51.498692 ], [ -0.162877, 51.498632 ], [ -0.162947, 51.4983 ], [ -0.162964, 51.498115 ], [ -0.163238, 51.498104 ], [ -0.163405, 51.497954 ], [ -0.16366, 51.497555 ], [ -0.164082, 51.497059 ], [ -0.164515, 51.496533 ], [ -0.164898, 51.496265 ], [ -0.165497, 51.495943 ], [ -0.16658, 51.495162 ], [ -0.166948, 51.494757 ], [ -0.167396, 51.494292 ], [ -0.167769, 51.493995 ], [ -0.167904, 51.493857 ], [ -0.168519, 51.493909 ], [ -0.168565, 51.4937 ], [ -0.168849, 51.493481 ], [ -0.169066, 51.493268 ], [ -0.169565, 51.492961 ], [ -0.170456, 51.492382 ], [ -0.171318, 51.491771 ], [ -0.17243, 51.491069 ], [ -0.17379, 51.490114 ], [ -0.174687, 51.489466 ], [ -0.175956, 51.488624 ], [ -0.177108, 51.487796 ], [ -0.178562, 51.487016 ], [ -0.180085, 51.486064 ], [ -0.181303, 51.485364 ], [ -0.182696, 51.484518 ], [ -0.183466, 51.484013 ], [ -0.184309, 51.48347 ], [ -0.185287, 51.482883 ], [ -0.186013, 51.48236 ], [ -0.186651, 51.481732 ], [ -0.187764, 51.480836 ], [ -0.186606, 51.48019 ], [ -0.186055, 51.479762 ], [ -0.185725, 51.479402 ], [ -0.185482, 51.478849 ], [ -0.185099, 51.478406 ], [ -0.18476, 51.478057 ], [ -0.18443, 51.477455 ], [ -0.184279, 51.47703 ], [ -0.184085, 51.476534 ], [ -0.183168, 51.476777 ], [ -0.182223, 51.477153 ], [ -0.182076, 51.477171 ], [ -0.181798, 51.477222 ], [ -0.181413, 51.477385 ], [ -0.180659, 51.477644 ], [ -0.17994, 51.47777 ], [ -0.179114, 51.477766 ], [ -0.178499, 51.477599 ], [ -0.177183, 51.477361 ], [ -0.177557, 51.476649 ], [ -0.177945, 51.47574 ], [ -0.178344, 51.474986 ], [ -0.179004, 51.473935 ], [ -0.179321, 51.473171 ], [ -0.179824, 51.472382 ], [ -0.180815, 51.47149 ], [ -0.181701, 51.470399 ], [ -0.182907, 51.469191 ], [ -0.184479, 51.467576 ], [ -0.18591, 51.466352 ], [ -0.187009, 51.465725 ], [ -0.187727, 51.465299 ], [ -0.188927, 51.464674 ], [ -0.190269, 51.464333 ], [ -0.191645, 51.464001 ], [ -0.192699, 51.463722 ], [ -0.194128, 51.463454 ], [ -0.196928, 51.463414 ], [ -0.198855, 51.463496 ], [ -0.2015, 51.463561 ], [ -0.203771, 51.463867 ], [ -0.205745, 51.464254 ], [ -0.207465, 51.464565 ], [ -0.208608, 51.464805 ], [ -0.210572, 51.465326 ], [ -0.212157, 51.465859 ], [ -0.213671, 51.466357 ], [ -0.214842, 51.466775 ], [ -0.216143, 51.467567 ], [ -0.217933, 51.468823 ], [ -0.219206, 51.469482 ], [ -0.219924, 51.469991 ], [ -0.221132, 51.471183 ], [ -0.222121, 51.472196 ], [ -0.222987, 51.472948 ], [ -0.22367, 51.473733 ], [ -0.224452, 51.474717 ], [ -0.224994, 51.475653 ], [ -0.225371, 51.476598 ], [ -0.225342, 51.477384 ], [ -0.225559, 51.477923 ], [ -0.225666, 51.478207 ], [ -0.225555, 51.478498 ], [ -0.225457, 51.478832 ], [ -0.225308, 51.479132 ], [ -0.225146, 51.479357 ], [ -0.225295, 51.47957 ], [ -0.225491, 51.479972 ], [ -0.22571, 51.480601 ], [ -0.225656, 51.481006 ], [ -0.225435, 51.481346 ], [ -0.225282, 51.481645 ], [ -0.22556, 51.482244 ], [ -0.225914, 51.483317 ], [ -0.226092, 51.484216 ], [ -0.226469, 51.48495 ], [ -0.227036, 51.485622 ], [ -0.22751, 51.48619 ], [ -0.227785, 51.486482 ], [ -0.227927, 51.486606 ], [ -0.229088, 51.487486 ], [ -0.229689, 51.48791 ], [ -0.23048, 51.488289 ], [ -0.231046, 51.488707 ], [ -0.23192, 51.488954 ], [ -0.232691, 51.489289 ], [ -0.233196, 51.489363 ], [ -0.233497, 51.489327 ], [ -0.23484, 51.489555 ], [ -0.236467, 51.489665 ], [ -0.237983, 51.489758 ], [ -0.239299, 51.489658 ], [ -0.24089, 51.489504 ], [ -0.242098, 51.489085 ], [ -0.243201, 51.488652 ], [ -0.243889, 51.488243 ], [ -0.244575, 51.488721 ], [ -0.245209, 51.489281 ], [ -0.245786, 51.489985 ], [ -0.246169, 51.490469 ], [ -0.245885, 51.491063 ], [ -0.245791, 51.491603 ], [ -0.245489, 51.492334 ], [ -0.245513, 51.492943 ], [ -0.245294, 51.493348 ], [ -0.245224, 51.493622 ], [ -0.244714, 51.494661 ], [ -0.244053, 51.495908 ], [ -0.243601, 51.496647 ], [ -0.243251, 51.497298 ], [ -0.243195, 51.497867 ], [ -0.2431, 51.498394 ], [ -0.243803, 51.498072 ], [ -0.244498, 51.497939 ], [ -0.245721, 51.497644 ], [ -0.246912, 51.497377 ], [ -0.247863, 51.497306 ], [ -0.248147, 51.497263 ], [ -0.248884, 51.498037 ], [ -0.249826, 51.498715 ], [ -0.250916, 51.49935 ], [ -0.251577, 51.499613 ], [ -0.250652, 51.500019 ], [ -0.251613, 51.500181 ], [ -0.252669, 51.500238 ], [ -0.253334, 51.500381 ], [ -0.253569, 51.501173 ], [ -0.254101, 51.502182 ], [ -0.254731, 51.502791 ], [ -0.255681, 51.503375 ], [ -0.255963, 51.503707 ], [ -0.254739, 51.504088 ], [ -0.253533, 51.50431 ], [ -0.252164, 51.504415 ], [ -0.251749, 51.504178 ], [ -0.249461, 51.504198 ], [ -0.247432, 51.50448 ], [ -0.247023, 51.50446 ], [ -0.246512, 51.503936 ], [ -0.244593, 51.504421 ], [ -0.245656, 51.506555 ], [ -0.244182, 51.506625 ], [ -0.244779, 51.508358 ], [ -0.245421, 51.509773 ], [ -0.245843, 51.510493 ], [ -0.246558, 51.511289 ], [ -0.247179, 51.511801 ], [ -0.247673, 51.512088 ], [ -0.249031, 51.512152 ], [ -0.250898, 51.51346 ], [ -0.251108, 51.514773 ], [ -0.251917, 51.517204 ], [ -0.252301, 51.518577 ], [ -0.252145, 51.519449 ], [ -0.251309, 51.520016 ], [ -0.250981, 51.520298 ], [ -0.250145, 51.520311 ], [ -0.249948, 51.520386 ], [ -0.250076, 51.520674 ], [ -0.249772, 51.520743 ], [ -0.249633, 51.520951 ], [ -0.248856, 51.520919 ], [ -0.248026, 51.521215 ], [ -0.247824, 51.521389 ], [ -0.247568, 51.521804 ], [ -0.24754, 51.522139 ], [ -0.247556, 51.522425 ], [ -0.247269, 51.522475 ], [ -0.247062, 51.522765 ], [ -0.246918, 51.522988 ], [ -0.246606, 51.523084 ], [ -0.246093, 51.523324 ], [ -0.245704, 51.52374 ], [ -0.245211, 51.524341 ], [ -0.24457, 51.524824 ], [ -0.244457, 51.525291 ], [ -0.244441, 51.525618 ], [ -0.244502, 51.525898 ], [ -0.244507, 51.526362 ], [ -0.244968, 51.526667 ], [ -0.245734, 51.527171 ], [ -0.246065, 51.527544 ], [ -0.246682, 51.527912 ], [ -0.247699, 51.527985 ], [ -0.249049, 51.528166 ], [ -0.250517, 51.528601 ], [ -0.250693, 51.528805 ], [ -0.250196, 51.529228 ], [ -0.249806, 51.529723 ], [ -0.249214, 51.530394 ], [ -0.248861, 51.530819 ], [ -0.248292, 51.531265 ], [ -0.247948, 51.531813 ], [ -0.247719, 51.532186 ], [ -0.247601, 51.532421 ], [ -0.246679, 51.532131 ], [ -0.245801, 51.531801 ], [ -0.245056, 51.531583 ], [ -0.243957, 51.531469 ], [ -0.242858, 51.531495 ], [ -0.24158, 51.53156 ], [ -0.240101, 51.531638 ], [ -0.238445, 51.531717 ], [ -0.236952, 51.532008 ], [ -0.23597, 51.532193 ], [ -0.235403, 51.532294 ], [ -0.233949, 51.531699 ], [ -0.232652, 51.531228 ], [ -0.231843, 51.530867 ], [ -0.231197, 51.530617 ], [ -0.230432, 51.530382 ], [ -0.22972, 51.530408 ], [ -0.22913, 51.530074 ], [ -0.228616, 51.529844 ], [ -0.227619, 51.529724 ], [ -0.226774, 51.529752 ], [ -0.225712, 51.529783 ], [ -0.22437, 51.52961 ], [ -0.223031, 51.529202 ], [ -0.221916, 51.528885 ], [ -0.219897, 51.528531 ], [ -0.218248, 51.528325 ], [ -0.216998, 51.528099 ], [ -0.215634, 51.527853 ], [ -0.215281, 51.527238 ], [ -0.215123, 51.52682 ], [ -0.214932, 51.526658 ], [ -0.214728, 51.526475 ], [ -0.214374, 51.526366 ], [ -0.213507, 51.52619 ], [ -0.213411, 51.525791 ], [ -0.212986, 51.525175 ], [ -0.212629, 51.524388 ], [ -0.211934, 51.52382 ], [ -0.211509, 51.523685 ], [ -0.210812, 51.523597 ], [ -0.210385, 51.52374 ], [ -0.210115, 51.523912 ], [ -0.209567, 51.524454 ], [ -0.208814, 51.525016 ], [ -0.208445, 51.525538 ], [ -0.208039, 51.525832 ], [ -0.207635, 51.525811 ], [ -0.207088, 51.525876 ], [ -0.205999, 51.525411 ], [ -0.205489, 51.525087 ], [ -0.205064, 51.525387 ], [ -0.2045, 51.525622 ], [ -0.204272, 51.527001 ], [ -0.204344, 51.528332 ], [ -0.204327, 51.528924 ], [ -0.204287, 51.529659 ], [ -0.204586, 51.530334 ], [ -0.204879, 51.531005 ], [ -0.205216, 51.531648 ], [ -0.205619, 51.533084 ], [ -0.205375, 51.533101 ], [ -0.204719, 51.533111 ], [ -0.203334, 51.533121 ], [ -0.202214, 51.533046 ], [ -0.201431, 51.532802 ], [ -0.200996, 51.532593 ], [ -0.200378, 51.532066 ], [ -0.199863, 51.531646 ], [ -0.1986, 51.531125 ], [ -0.197899, 51.530614 ], [ -0.197499, 51.530134 ], [ -0.197456, 51.529182 ], [ -0.197544, 51.52853 ], [ -0.197394, 51.528032 ], [ -0.197227, 51.527849 ], [ -0.196774, 51.527967 ], [ -0.196549, 51.527913 ], [ -0.196204, 51.527674 ], [ -0.195964, 51.527905 ], [ -0.195395, 51.528569 ], [ -0.193899, 51.530256 ], [ -0.192587, 51.53186 ], [ -0.191856, 51.532985 ], [ -0.191631, 51.533579 ], [ -0.191635, 51.534085 ], [ -0.191457, 51.534526 ], [ -0.189706, 51.535606 ], [ -0.189141, 51.535387 ], [ -0.188312, 51.53467 ], [ -0.181829, 51.528358 ], [ -0.181595, 51.528243 ] ] ] ] } },
{ "type": "Feature", "properties": { "_ROWID_": 548, "pk": 548, "g_unit": 10477025.0, "g_name": "CLERKENWELL", "namestatus": "P", "g_language": "eng", "unittype": "PR_DIST", "g_status": "RegD", "nation": "ENGLAND", "g_year": 1851.0, "im_auth": "GBHGIS", "im_note": null, "notes": null }, "geometry": { "type": "Polygon", "coordinates": [ [ [ -0.115329, 51.533948 ], [ -0.114621, 51.533785 ], [ -0.113167, 51.533464 ], [ -0.111138, 51.533103 ], [ -0.110384, 51.533011 ], [ -0.110343, 51.533111 ], [ -0.109793, 51.533166 ], [ -0.108898, 51.533413 ], [ -0.108687, 51.53343 ], [ -0.107995, 51.533558 ], [ -0.107971, 51.533715 ], [ -0.107392, 51.533951 ], [ -0.106191, 51.534042 ], [ -0.10611, 51.533543 ], [ -0.105886, 51.533076 ], [ -0.105566, 51.532771 ], [ -0.105226, 51.532369 ], [ -0.105158, 51.531949 ], [ -0.10522, 51.531103 ], [ -0.104636, 51.530881 ], [ -0.104136, 51.530726 ], [ -0.103125, 51.530354 ], [ -0.10225, 51.529927 ], [ -0.1015, 51.529425 ], [ -0.100508, 51.52895 ], [ -0.100247, 51.527886 ], [ -0.099838, 51.527121 ], [ -0.099367, 51.525925 ], [ -0.098689, 51.523469 ], [ -0.098139, 51.522921 ], [ -0.099017, 51.522736 ], [ -0.101018, 51.522174 ], [ -0.101064, 51.521767 ], [ -0.101732, 51.521663 ], [ -0.101641, 51.52106 ], [ -0.101444, 51.520838 ], [ -0.101787, 51.520567 ], [ -0.103064, 51.520333 ], [ -0.103511, 51.520542 ], [ -0.103899, 51.520984 ], [ -0.10488, 51.520881 ], [ -0.104426, 51.520042 ], [ -0.105864, 51.51978 ], [ -0.107096, 51.521881 ], [ -0.107463, 51.522208 ], [ -0.107899, 51.522347 ], [ -0.109005, 51.523127 ], [ -0.110081, 51.522993 ], [ -0.111162, 51.523301 ], [ -0.11176, 51.523492 ], [ -0.11286, 51.523724 ], [ -0.11353, 51.524073 ], [ -0.114158, 51.524441 ], [ -0.114716, 51.525167 ], [ -0.114963, 51.52556 ], [ -0.114351, 51.526091 ], [ -0.113671, 51.526438 ], [ -0.114265, 51.526663 ], [ -0.114716, 51.526966 ], [ -0.11548, 51.527421 ], [ -0.116164, 51.527822 ], [ -0.116418, 51.528152 ], [ -0.116545, 51.529328 ], [ -0.116681, 51.52987 ], [ -0.117102, 51.530103 ], [ -0.117353, 51.530198 ], [ -0.118046, 51.530422 ], [ -0.119248, 51.530749 ], [ -0.120622, 51.531005 ], [ -0.121915, 51.530904 ], [ -0.121901, 51.531204 ], [ -0.121752, 51.531772 ], [ -0.121407, 51.532106 ], [ -0.120574, 51.53274 ], [ -0.119567, 51.533507 ], [ -0.118596, 51.534337 ], [ -0.117951, 51.534299 ], [ -0.116903, 51.534229 ], [ -0.115329, 51.533948 ] ] ] } },
{ "type": "Feature", "properties": { "_ROWID_": 549, "pk": 549, "g_unit": 10174661.0, "g_name": "WHITECHAPEL", "namestatus": "P", "g_language": "eng", "unittype": "PR_DIST", "g_status": "RegD", "nation": "ENGLAND", "g_year": 1851.0, "im_auth": "GBHGIS", "im_note": null, "notes": null }, "geometry": { "type": "Polygon", "coordinates": [ [ [ -0.075415, 51.523151 ], [ -0.074792, 51.523316 ], [ -0.074283, 51.523384 ], [ -0.073297, 51.523408 ], [ -0.071296, 51.523225 ], [ -0.071134, 51.52304 ], [ -0.071144, 51.522374 ], [ -0.071309, 51.521476 ], [ -0.071312, 51.520963 ], [ -0.069408, 51.52104 ], [ -0.069289, 51.521467 ], [ -0.069277, 51.521794 ], [ -0.06938, 51.52233 ], [ -0.068807, 51.522328 ], [ -0.06876, 51.522523 ], [ -0.068232, 51.522504 ], [ -0.067568, 51.522481 ], [ -0.066296, 51.522577 ], [ -0.066123, 51.522299 ], [ -0.065713, 51.522274 ], [ -0.065715, 51.522538 ], [ -0.064476, 51.522435 ], [ -0.062597, 51.522226 ], [ -0.062507, 51.521997 ], [ -0.062297, 51.52183 ], [ -0.061923, 51.521648 ], [ -0.061315, 51.521541 ], [ -0.060803, 51.521559 ], [ -0.060545, 51.521657 ], [ -0.059942, 51.521851 ], [ -0.059185, 51.521972 ], [ -0.058922, 51.521697 ], [ -0.058457, 51.521094 ], [ -0.058368, 51.520946 ], [ -0.057747, 51.520034 ], [ -0.057056, 51.520222 ], [ -0.056946, 51.519893 ], [ -0.056862, 51.518959 ], [ -0.056615, 51.518157 ], [ -0.057004, 51.518154 ], [ -0.058613, 51.517919 ], [ -0.060234, 51.517673 ], [ -0.061374, 51.517582 ], [ -0.062946, 51.517321 ], [ -0.063809, 51.517223 ], [ -0.065006, 51.517128 ], [ -0.066088, 51.516956 ], [ -0.067411, 51.516456 ], [ -0.067717, 51.516315 ], [ -0.067151, 51.515177 ], [ -0.066121, 51.515159 ], [ -0.066161, 51.514763 ], [ -0.066273, 51.514413 ], [ -0.066533, 51.513589 ], [ -0.066612, 51.513062 ], [ -0.066387, 51.512267 ], [ -0.066052, 51.511432 ], [ -0.065613, 51.51018 ], [ -0.06624, 51.509696 ], [ -0.066488, 51.509581 ], [ -0.067555, 51.509315 ], [ -0.068365, 51.509131 ], [ -0.068877, 51.509109 ], [ -0.068839, 51.508895 ], [ -0.068408, 51.508684 ], [ -0.06805, 51.508456 ], [ -0.067545, 51.508072 ], [ -0.067105, 51.507572 ], [ -0.066811, 51.507065 ], [ -0.066401, 51.506617 ], [ -0.066752, 51.506017 ], [ -0.066873, 51.505422 ], [ -0.067278, 51.504892 ], [ -0.067699, 51.504334 ], [ -0.068239, 51.50385 ], [ -0.0689, 51.503808 ], [ -0.069666, 51.504136 ], [ -0.07086, 51.504613 ], [ -0.071792, 51.504908 ], [ -0.072481, 51.505154 ], [ -0.073467, 51.505418 ], [ -0.074099, 51.505529 ], [ -0.074742, 51.505674 ], [ -0.075255, 51.505724 ], [ -0.076054, 51.505976 ], [ -0.076251, 51.506038 ], [ -0.077844, 51.506409 ], [ -0.078707, 51.506723 ], [ -0.078296, 51.507556 ], [ -0.07796, 51.508125 ], [ -0.077776, 51.508664 ], [ -0.077313, 51.509287 ], [ -0.077513, 51.509383 ], [ -0.077131, 51.509738 ], [ -0.076765, 51.510135 ], [ -0.076239, 51.51022 ], [ -0.076209, 51.510428 ], [ -0.075277, 51.510493 ], [ -0.075169, 51.510299 ], [ -0.074829, 51.509861 ], [ -0.073895, 51.509566 ], [ -0.073171, 51.510059 ], [ -0.072226, 51.510095 ], [ -0.072202, 51.510978 ], [ -0.073206, 51.510994 ], [ -0.073315, 51.511315 ], [ -0.072087, 51.511397 ], [ -0.072308, 51.512208 ], [ -0.073446, 51.512066 ], [ -0.074095, 51.511895 ], [ -0.074133, 51.512059 ], [ -0.074478, 51.512028 ], [ -0.074835, 51.513098 ], [ -0.074146, 51.513346 ], [ -0.072764, 51.513418 ], [ -0.07168, 51.513576 ], [ -0.072302, 51.514165 ], [ -0.072478, 51.514107 ], [ -0.073149, 51.514767 ], [ -0.07352, 51.514668 ], [ -0.073989, 51.515019 ], [ -0.074574, 51.515537 ], [ -0.075288, 51.515952 ], [ -0.076028, 51.51646 ], [ -0.076565, 51.516867 ], [ -0.077238, 51.517725 ], [ -0.07755, 51.51828 ], [ -0.077822, 51.518561 ], [ -0.077898, 51.518755 ], [ -0.07815, 51.519154 ], [ -0.078239, 51.519575 ], [ -0.078195, 51.520126 ], [ -0.078426, 51.520418 ], [ -0.078811, 51.520797 ], [ -0.080115, 51.52094 ], [ -0.079113, 51.521493 ], [ -0.078676, 51.521387 ], [ -0.078153, 51.521228 ], [ -0.077485, 51.52121 ], [ -0.076956, 51.521228 ], [ -0.076578, 51.521433 ], [ -0.076419, 51.52185 ], [ -0.076153, 51.521794 ], [ -0.075977, 51.522049 ], [ -0.075694, 51.522483 ], [ -0.075415, 51.523151 ] ] ] } },
{ "type": "Feature", "properties": { "_ROWID_": 550, "pk": 550, "g_unit": 10154900.0, "g_name": "HOLBORN", "namestatus": "P", "g_language": "eng", "unittype": "PR_DIST", "g_status": "RegD", "nation": "ENGLAND", "g_year": 1851.0, "im_auth": "GBHGIS", "im_note": null, "notes": null }, "geometry": { "type": "Polygon", "coordinates": [ [ [ -0.111162, 51.523301 ], [ -0.110081, 51.522993 ], [ -0.109005, 51.523127 ], [ -0.107899, 51.522347 ], [ -0.107463, 51.522208 ], [ -0.107096, 51.521881 ], [ -0.105864, 51.51978 ], [ -0.104426, 51.520042 ], [ -0.10488, 51.520881 ], [ -0.103899, 51.520984 ], [ -0.103511, 51.520542 ], [ -0.103064, 51.520333 ], [ -0.101787, 51.520567 ], [ -0.101444, 51.520838 ], [ -0.101641, 51.52106 ], [ -0.101732, 51.521663 ], [ -0.101064, 51.521767 ], [ -0.101018, 51.522174 ], [ -0.099017, 51.522736 ], [ -0.098139, 51.522921 ], [ -0.097105, 51.522147 ], [ -0.097167, 51.521377 ], [ -0.097705, 51.52133 ], [ -0.098351, 51.520798 ], [ -0.098951, 51.520875 ], [ -0.099456, 51.52077 ], [ -0.099984, 51.520484 ], [ -0.100217, 51.520157 ], [ -0.099835, 51.519894 ], [ -0.099699, 51.519424 ], [ -0.100985, 51.519279 ], [ -0.10222, 51.519238 ], [ -0.103563, 51.519239 ], [ -0.104191, 51.519245 ], [ -0.104186, 51.519428 ], [ -0.105062, 51.519309 ], [ -0.105145, 51.518585 ], [ -0.105629, 51.518552 ], [ -0.10629, 51.518357 ], [ -0.106205, 51.518555 ], [ -0.10666, 51.518585 ], [ -0.106742, 51.518481 ], [ -0.106949, 51.518503 ], [ -0.107242, 51.517769 ], [ -0.1077, 51.517832 ], [ -0.10883, 51.517943 ], [ -0.109566, 51.518044 ], [ -0.110144, 51.518109 ], [ -0.110666, 51.518183 ], [ -0.111153, 51.51822 ], [ -0.111285, 51.517782 ], [ -0.110583, 51.517704 ], [ -0.110668, 51.517223 ], [ -0.111212, 51.517158 ], [ -0.111205, 51.517044 ], [ -0.110426, 51.516802 ], [ -0.111177, 51.516573 ], [ -0.111596, 51.516541 ], [ -0.112413, 51.516479 ], [ -0.11197, 51.516001 ], [ -0.112868, 51.515888 ], [ -0.114534, 51.515636 ], [ -0.114942, 51.516186 ], [ -0.115252, 51.516611 ], [ -0.115719, 51.517111 ], [ -0.116091, 51.517725 ], [ -0.115679, 51.517767 ], [ -0.1156, 51.518303 ], [ -0.116007, 51.518312 ], [ -0.117251, 51.518109 ], [ -0.118694, 51.518031 ], [ -0.119974, 51.51785 ], [ -0.120052, 51.518422 ], [ -0.120755, 51.518311 ], [ -0.120906, 51.518836 ], [ -0.121223, 51.519354 ], [ -0.121394, 51.519365 ], [ -0.121704, 51.519693 ], [ -0.122074, 51.520128 ], [ -0.123062, 51.52084 ], [ -0.124082, 51.521522 ], [ -0.123735, 51.521705 ], [ -0.123184, 51.521921 ], [ -0.122079, 51.522267 ], [ -0.121018, 51.522688 ], [ -0.119646, 51.52297 ], [ -0.118412, 51.523069 ], [ -0.117625, 51.523035 ], [ -0.116929, 51.523011 ], [ -0.115903, 51.522986 ], [ -0.115175, 51.523145 ], [ -0.114787, 51.52279 ], [ -0.113944, 51.522994 ], [ -0.113493, 51.523173 ], [ -0.11286, 51.523724 ], [ -0.11176, 51.523492 ], [ -0.111162, 51.523301 ] ] ] } },
{ "type": "Feature", "properties": { "_ROWID_": 551, "pk": 551, "g_unit": 10139946.0, "g_name": "GREENWICH", "namestatus": "P", "g_language": "eng", "unittype": "PR_DIST", "g_status": "RegD", "nation": "ENGLAND", "g_year": 1851.0, "im_auth": "GBHGIS", "im_note": null, "notes": null }, "geometry": { "type": "MultiPolygon", "coordinates": [ [ [ [ 0.020212, 51.497183 ], [ 0.022774, 51.496558 ], [ 0.024169, 51.496567 ], [ 0.024173, 51.495652 ], [ 0.02409, 51.494857 ], [ 0.024182, 51.494313 ], [ 0.024094, 51.493729 ], [ 0.024125, 51.493267 ], [ 0.02412, 51.492805 ], [ 0.024202, 51.492276 ], [ 0.024526, 51.491584 ], [ 0.0247, 51.490927 ], [ 0.024905, 51.490298 ], [ 0.025112, 51.489263 ], [ 0.025175, 51.488667 ], [ 0.025286, 51.488034 ], [ 0.025369, 51.487682 ], [ 0.025292, 51.487524 ], [ 0.024971, 51.487384 ], [ 0.02463, 51.487327 ], [ 0.024094, 51.487179 ], [ 0.023357, 51.487051 ], [ 0.023362, 51.486896 ], [ 0.023561, 51.486745 ], [ 0.023747, 51.48651 ], [ 0.024084, 51.486063 ], [ 0.024591, 51.485477 ], [ 0.024857, 51.484773 ], [ 0.02512, 51.484318 ], [ 0.025306, 51.48402 ], [ 0.025734, 51.483703 ], [ 0.026176, 51.483364 ], [ 0.026598, 51.482934 ], [ 0.026741, 51.482857 ], [ 0.027003, 51.482755 ], [ 0.027113, 51.482579 ], [ 0.02729, 51.482345 ], [ 0.027277, 51.481992 ], [ 0.027245, 51.481461 ], [ 0.027085, 51.48092 ], [ 0.026896, 51.480214 ], [ 0.026714, 51.479643 ], [ 0.026524, 51.47931 ], [ 0.026528, 51.478947 ], [ 0.026679, 51.478602 ], [ 0.026972, 51.477943 ], [ 0.027193, 51.477435 ], [ 0.027195, 51.477166 ], [ 0.027235, 51.476485 ], [ 0.027305, 51.475833 ], [ 0.027711, 51.475815 ], [ 0.028181, 51.475736 ], [ 0.028443, 51.475661 ], [ 0.028492, 51.475556 ], [ 0.028367, 51.475429 ], [ 0.028125, 51.475349 ], [ 0.027826, 51.475219 ], [ 0.027349, 51.475107 ], [ 0.027056, 51.475027 ], [ 0.026472, 51.474921 ], [ 0.02589, 51.474793 ], [ 0.025314, 51.474677 ], [ 0.02485, 51.474588 ], [ 0.024603, 51.47451 ], [ 0.023908, 51.474365 ], [ 0.023191, 51.474232 ], [ 0.021347, 51.473994 ], [ 0.019901, 51.473914 ], [ 0.019374, 51.473864 ], [ 0.018801, 51.473844 ], [ 0.018125, 51.473752 ], [ 0.017279, 51.473622 ], [ 0.016372, 51.473468 ], [ 0.015514, 51.473189 ], [ 0.014704, 51.473025 ], [ 0.014737, 51.472761 ], [ 0.014727, 51.47246 ], [ 0.015066, 51.471873 ], [ 0.015311, 51.471385 ], [ 0.015568, 51.470885 ], [ 0.015835, 51.47052 ], [ 0.016037, 51.470147 ], [ 0.016355, 51.469734 ], [ 0.0164, 51.469518 ], [ 0.016398, 51.469307 ], [ 0.016362, 51.46911 ], [ 0.016131, 51.468795 ], [ 0.015839, 51.468524 ], [ 0.0156, 51.468368 ], [ 0.015231, 51.468259 ], [ 0.014947, 51.468196 ], [ 0.014726, 51.468102 ], [ 0.014432, 51.46801 ], [ 0.01389, 51.467704 ], [ 0.013421, 51.467654 ], [ 0.013082, 51.467497 ], [ 0.01284, 51.46715 ], [ 0.012522, 51.467366 ], [ 0.012381, 51.467577 ], [ 0.012462, 51.467748 ], [ 0.0127, 51.467895 ], [ 0.012918, 51.468066 ], [ 0.01284, 51.468384 ], [ 0.012734, 51.468788 ], [ 0.01264, 51.469314 ], [ 0.01247, 51.46964 ], [ 0.012364, 51.469776 ], [ 0.013328, 51.469874 ], [ 0.013632, 51.469906 ], [ 0.014073, 51.46996 ], [ 0.013516, 51.471205 ], [ 0.013127, 51.471998 ], [ 0.013199, 51.472295 ], [ 0.013161, 51.472558 ], [ 0.013217, 51.472766 ], [ 0.012986, 51.47282 ], [ 0.012015, 51.472679 ], [ 0.010532, 51.472473 ], [ 0.008965, 51.472321 ], [ 0.00782, 51.472172 ], [ 0.00691, 51.472047 ], [ 0.005714, 51.471951 ], [ 0.005002, 51.471939 ], [ 0.004736, 51.471904 ], [ 0.004405, 51.471858 ], [ 0.003595, 51.471806 ], [ 0.002466, 51.471919 ], [ 0.001438, 51.471871 ], [ 0.001077, 51.471857 ], [ 0.00036, 51.471847 ], [ -0.000045, 51.471907 ], [ -0.000301, 51.471887 ], [ -0.001646, 51.471994 ], [ -0.00285, 51.472185 ], [ -0.003385, 51.472413 ], [ -0.003989, 51.472455 ], [ -0.004741, 51.472557 ], [ -0.005945, 51.472647 ], [ -0.007029, 51.472698 ], [ -0.007849, 51.47268 ], [ -0.008408, 51.472641 ], [ -0.009307, 51.472501 ], [ -0.009919, 51.472363 ], [ -0.01049, 51.472331 ], [ -0.011294, 51.472165 ], [ -0.011976, 51.472188 ], [ -0.012635, 51.472206 ], [ -0.013129, 51.472263 ], [ -0.01351, 51.471655 ], [ -0.013067, 51.471236 ], [ -0.012843, 51.470972 ], [ -0.012782, 51.470831 ], [ -0.013843, 51.470608 ], [ -0.013989, 51.470428 ], [ -0.013728, 51.470008 ], [ -0.013342, 51.469594 ], [ -0.012928, 51.469081 ], [ -0.012727, 51.468928 ], [ -0.012667, 51.468774 ], [ -0.013068, 51.468694 ], [ -0.013431, 51.468434 ], [ -0.013998, 51.468198 ], [ -0.014401, 51.468022 ], [ -0.01472, 51.467868 ], [ -0.015462, 51.468341 ], [ -0.016028, 51.468846 ], [ -0.016236, 51.46905 ], [ -0.016934, 51.468745 ], [ -0.017411, 51.468498 ], [ -0.017083, 51.467916 ], [ -0.017063, 51.467667 ], [ -0.017034, 51.467458 ], [ -0.017395, 51.467349 ], [ -0.017632, 51.467389 ], [ -0.017948, 51.467479 ], [ -0.018239, 51.467535 ], [ -0.018593, 51.467649 ], [ -0.018996, 51.467767 ], [ -0.019269, 51.467862 ], [ -0.019471, 51.46794 ], [ -0.019698, 51.468022 ], [ -0.019794, 51.46806 ], [ -0.020531, 51.467847 ], [ -0.02102, 51.467707 ], [ -0.021456, 51.46758 ], [ -0.022029, 51.467573 ], [ -0.022878, 51.467504 ], [ -0.023012, 51.467371 ], [ -0.0231, 51.46721 ], [ -0.023449, 51.466791 ], [ -0.023654, 51.466396 ], [ -0.023829, 51.465875 ], [ -0.023967, 51.465642 ], [ -0.024112, 51.465251 ], [ -0.024331, 51.46457 ], [ -0.024603, 51.463893 ], [ -0.024846, 51.463254 ], [ -0.024866, 51.462339 ], [ -0.025199, 51.462351 ], [ -0.025631, 51.462432 ], [ -0.026191, 51.462535 ], [ -0.026781, 51.462536 ], [ -0.027291, 51.462433 ], [ -0.027741, 51.462244 ], [ -0.028688, 51.461963 ], [ -0.029242, 51.461942 ], [ -0.029752, 51.461655 ], [ -0.030335, 51.461341 ], [ -0.030999, 51.460802 ], [ -0.031727, 51.460217 ], [ -0.032222, 51.460086 ], [ -0.032509, 51.460054 ], [ -0.033392, 51.459899 ], [ -0.033826, 51.459905 ], [ -0.033961, 51.460067 ], [ -0.034117, 51.460355 ], [ -0.034463, 51.460783 ], [ -0.03475, 51.46104 ], [ -0.03516, 51.460895 ], [ -0.035356, 51.461028 ], [ -0.035888, 51.461187 ], [ -0.036582, 51.461512 ], [ -0.037023, 51.461159 ], [ -0.037288, 51.461264 ], [ -0.037927, 51.461563 ], [ -0.038661, 51.461885 ], [ -0.038973, 51.461708 ], [ -0.039552, 51.46154 ], [ -0.040151, 51.461258 ], [ -0.040723, 51.460938 ], [ -0.040957, 51.460661 ], [ -0.041424, 51.460271 ], [ -0.042119, 51.459935 ], [ -0.042598, 51.459577 ], [ -0.043276, 51.459221 ], [ -0.043869, 51.459039 ], [ -0.044216, 51.459003 ], [ -0.044323, 51.459132 ], [ -0.044425, 51.459369 ], [ -0.044661, 51.45973 ], [ -0.044913, 51.45995 ], [ -0.045002, 51.460629 ], [ -0.045099, 51.46122 ], [ -0.045561, 51.462818 ], [ -0.045786, 51.463231 ], [ -0.046553, 51.464144 ], [ -0.047076, 51.464606 ], [ -0.047787, 51.464922 ], [ -0.048632, 51.465312 ], [ -0.049663, 51.465809 ], [ -0.050057, 51.465895 ], [ -0.050513, 51.466008 ], [ -0.05077, 51.466134 ], [ -0.050795, 51.466614 ], [ -0.051037, 51.466559 ], [ -0.051338, 51.46689 ], [ -0.051691, 51.467096 ], [ -0.051232, 51.467333 ], [ -0.051522, 51.467731 ], [ -0.051977, 51.468565 ], [ -0.052489, 51.468892 ], [ -0.052544, 51.468963 ], [ -0.052571, 51.468997 ], [ -0.052027, 51.469378 ], [ -0.051959, 51.469512 ], [ -0.052112, 51.470161 ], [ -0.052319, 51.471168 ], [ -0.052452, 51.472028 ], [ -0.05242, 51.47236 ], [ -0.052377, 51.472637 ], [ -0.052273, 51.473184 ], [ -0.052168, 51.474004 ], [ -0.052014, 51.474988 ], [ -0.051796, 51.475914 ], [ -0.051704, 51.477025 ], [ -0.051692, 51.477461 ], [ -0.051688, 51.477863 ], [ -0.052583, 51.478176 ], [ -0.05338, 51.478495 ], [ -0.053563, 51.478543 ], [ -0.054046, 51.478683 ], [ -0.053629, 51.479157 ], [ -0.053112, 51.479635 ], [ -0.052715, 51.48004 ], [ -0.052718, 51.480561 ], [ -0.052858, 51.481369 ], [ -0.052981, 51.482136 ], [ -0.05294, 51.482973 ], [ -0.052838, 51.483872 ], [ -0.052899, 51.4844 ], [ -0.053162, 51.485063 ], [ -0.053529, 51.485842 ], [ -0.05425, 51.486975 ], [ -0.054509, 51.487248 ], [ -0.053557, 51.487296 ], [ -0.052756, 51.48724 ], [ -0.05198, 51.487374 ], [ -0.051187, 51.487407 ], [ -0.050443, 51.487558 ], [ -0.049925, 51.487659 ], [ -0.049709, 51.487738 ], [ -0.049281, 51.487915 ], [ -0.049111, 51.488093 ], [ -0.049077, 51.488288 ], [ -0.04949, 51.489134 ], [ -0.04969, 51.489392 ], [ -0.048604, 51.489613 ], [ -0.047528, 51.489847 ], [ -0.046372, 51.490104 ], [ -0.046052, 51.490155 ], [ -0.04593, 51.48974 ], [ -0.045239, 51.489888 ], [ -0.044433, 51.490056 ], [ -0.044064, 51.490066 ], [ -0.044011, 51.48987 ], [ -0.043787, 51.489794 ], [ -0.042728, 51.48978 ], [ -0.041975, 51.489697 ], [ -0.041637, 51.489752 ], [ -0.041975, 51.490003 ], [ -0.041162, 51.490286 ], [ -0.039717, 51.490832 ], [ -0.040475, 51.49158 ], [ -0.039558, 51.491915 ], [ -0.039955, 51.492568 ], [ -0.039725, 51.492549 ], [ -0.039545, 51.49233 ], [ -0.039336, 51.492098 ], [ -0.039043, 51.491927 ], [ -0.03859, 51.491978 ], [ -0.038144, 51.49208 ], [ -0.037775, 51.492136 ], [ -0.037481, 51.492098 ], [ -0.03712, 51.492201 ], [ -0.036749, 51.492463 ], [ -0.036595, 51.492574 ], [ -0.03602, 51.492699 ], [ -0.035192, 51.4928 ], [ -0.034634, 51.492971 ], [ -0.033959, 51.493116 ], [ -0.033557, 51.493207 ], [ -0.033235, 51.493238 ], [ -0.032971, 51.493197 ], [ -0.032593, 51.493274 ], [ -0.032455, 51.49323 ], [ -0.03216, 51.493263 ], [ -0.03149, 51.493253 ], [ -0.03055, 51.493252 ], [ -0.030037, 51.493208 ], [ -0.029222, 51.493273 ], [ -0.02907, 51.492601 ], [ -0.028847, 51.4921 ], [ -0.028509, 51.491645 ], [ -0.028291, 51.491373 ], [ -0.027933, 51.490915 ], [ -0.027657, 51.490662 ], [ -0.027576, 51.490188 ], [ -0.027226, 51.489794 ], [ -0.027096, 51.489565 ], [ -0.026693, 51.489221 ], [ -0.026293, 51.488803 ], [ -0.025622, 51.488289 ], [ -0.024751, 51.487646 ], [ -0.024064, 51.48719 ], [ -0.023114, 51.486689 ], [ -0.022197, 51.48615 ], [ -0.021638, 51.485948 ], [ -0.021651, 51.485827 ], [ -0.020679, 51.485536 ], [ -0.020134, 51.48529 ], [ -0.01929, 51.485017 ], [ -0.018431, 51.484763 ], [ -0.017616, 51.484652 ], [ -0.01715, 51.484545 ], [ -0.016713, 51.484487 ], [ -0.016028, 51.484433 ], [ -0.015208, 51.484365 ], [ -0.014552, 51.484372 ], [ -0.01384, 51.484325 ], [ -0.013168, 51.484344 ], [ -0.012508, 51.484346 ], [ -0.011847, 51.484413 ], [ -0.011262, 51.484434 ], [ -0.010495, 51.48453 ], [ -0.009931, 51.484614 ], [ -0.009383, 51.484698 ], [ -0.008843, 51.484746 ], [ -0.008217, 51.48494 ], [ -0.007376, 51.48504 ], [ -0.006254, 51.485419 ], [ -0.005624, 51.485601 ], [ -0.005356, 51.485728 ], [ -0.004921, 51.485856 ], [ -0.004273, 51.486065 ], [ -0.00343, 51.486574 ], [ -0.002791, 51.48698 ], [ -0.002083, 51.487432 ], [ -0.001712, 51.487695 ], [ -0.001094, 51.488527 ], [ -0.000591, 51.489693 ], [ -0.000682, 51.490199 ], [ -0.000531, 51.490867 ], [ -0.000429, 51.491386 ], [ -0.000686, 51.492094 ], [ -0.001047, 51.492824 ], [ -0.001175, 51.493336 ], [ -0.002501, 51.494811 ], [ -0.003028, 51.495671 ], [ -0.003702, 51.496931 ], [ -0.004342, 51.49799 ], [ -0.004823, 51.499124 ], [ -0.005051, 51.500215 ], [ -0.005105, 51.501368 ], [ -0.004856, 51.502392 ], [ -0.004413, 51.503193 ], [ -0.003939, 51.504004 ], [ -0.003117, 51.504541 ], [ -0.00206, 51.505363 ], [ -0.001239, 51.505926 ], [ -0.000054, 51.506358 ], [ 0.001253, 51.506536 ], [ 0.002604, 51.506575 ], [ 0.004128, 51.506593 ], [ 0.005158, 51.506231 ], [ 0.006225, 51.505736 ], [ 0.006794, 51.505597 ], [ 0.007788, 51.504973 ], [ 0.009272, 51.504024 ], [ 0.010835, 51.502891 ], [ 0.012707, 51.501405 ], [ 0.014605, 51.500018 ], [ 0.016782, 51.498542 ], [ 0.018288, 51.497884 ], [ 0.020212, 51.497183 ] ] ], [ [ [ 0.093969, 51.518894 ], [ 0.094115, 51.518452 ], [ 0.09438, 51.517832 ], [ 0.093895, 51.517678 ], [ 0.09367, 51.517314 ], [ 0.093897, 51.517264 ], [ 0.094399, 51.517246 ], [ 0.09462, 51.517169 ], [ 0.094787, 51.516951 ], [ 0.095142, 51.516313 ], [ 0.09488, 51.514824 ], [ 0.095211, 51.514839 ], [ 0.096139, 51.514868 ], [ 0.096285, 51.513663 ], [ 0.096239, 51.512865 ], [ 0.096141, 51.511356 ], [ 0.093699, 51.511257 ], [ 0.091478, 51.510829 ], [ 0.089416, 51.51003 ], [ 0.086619, 51.508372 ], [ 0.081312, 51.502197 ], [ 0.078268, 51.499572 ], [ 0.076327, 51.498286 ], [ 0.072616, 51.496995 ], [ 0.07386, 51.495018 ], [ 0.073064, 51.492768 ], [ 0.070438, 51.491052 ], [ 0.069732, 51.490341 ], [ 0.069225, 51.489079 ], [ 0.068744, 51.488455 ], [ 0.068705, 51.487909 ], [ 0.068288, 51.487279 ], [ 0.068564, 51.487098 ], [ 0.067781, 51.486602 ], [ 0.067269, 51.485861 ], [ 0.067472, 51.485685 ], [ 0.067391, 51.4831 ], [ 0.067055, 51.481959 ], [ 0.066499, 51.481216 ], [ 0.066506, 51.480906 ], [ 0.063573, 51.478454 ], [ 0.062484, 51.478057 ], [ 0.061394, 51.477979 ], [ 0.061301, 51.47786 ], [ 0.060954, 51.476487 ], [ 0.06137, 51.475882 ], [ 0.061174, 51.474606 ], [ 0.060054, 51.471545 ], [ 0.058569, 51.469663 ], [ 0.057008, 51.469973 ], [ 0.055906, 51.470276 ], [ 0.055467, 51.470378 ], [ 0.055019, 51.470502 ], [ 0.05491, 51.471599 ], [ 0.05519, 51.472846 ], [ 0.055203, 51.473421 ], [ 0.057141, 51.478627 ], [ 0.054394, 51.479208 ], [ 0.05358, 51.479611 ], [ 0.051622, 51.480154 ], [ 0.051191, 51.481365 ], [ 0.050694, 51.481975 ], [ 0.04998, 51.483771 ], [ 0.050079, 51.484945 ], [ 0.050318, 51.485467 ], [ 0.050216, 51.486365 ], [ 0.048324, 51.4893 ], [ 0.048056, 51.49023 ], [ 0.047782, 51.490271 ], [ 0.046686, 51.490523 ], [ 0.046499, 51.490253 ], [ 0.045536, 51.490179 ], [ 0.045183, 51.491488 ], [ 0.044228, 51.493023 ], [ 0.042754, 51.492307 ], [ 0.040071, 51.49151 ], [ 0.038935, 51.492803 ], [ 0.038737, 51.493995 ], [ 0.038677, 51.496008 ], [ 0.038402, 51.497242 ], [ 0.038152, 51.497941 ], [ 0.039868, 51.498135 ], [ 0.041987, 51.498118 ], [ 0.043812, 51.497985 ], [ 0.04629, 51.497726 ], [ 0.049687, 51.497705 ], [ 0.052703, 51.49736 ], [ 0.052712, 51.497574 ], [ 0.052797, 51.498022 ], [ 0.052854, 51.498608 ], [ 0.053253, 51.499617 ], [ 0.053516, 51.500521 ], [ 0.053783, 51.501155 ], [ 0.05372, 51.501979 ], [ 0.053794, 51.502644 ], [ 0.054136, 51.503071 ], [ 0.054737, 51.503697 ], [ 0.055419, 51.503936 ], [ 0.056325, 51.5039 ], [ 0.05795, 51.503596 ], [ 0.059237, 51.503349 ], [ 0.060146, 51.502802 ], [ 0.061174, 51.502099 ], [ 0.061193, 51.502091 ], [ 0.062317, 51.501217 ], [ 0.063338, 51.500559 ], [ 0.06411, 51.499305 ], [ 0.064624, 51.496959 ], [ 0.06652, 51.496821 ], [ 0.069079, 51.496797 ], [ 0.068981, 51.497544 ], [ 0.068505, 51.49912 ], [ 0.068358, 51.499503 ], [ 0.068489, 51.499642 ], [ 0.06856, 51.499998 ], [ 0.068513, 51.500451 ], [ 0.068765, 51.500747 ], [ 0.069263, 51.501002 ], [ 0.069291, 51.501425 ], [ 0.069741, 51.50243 ], [ 0.070016, 51.5032 ], [ 0.069634, 51.503962 ], [ 0.069233, 51.504657 ], [ 0.069088, 51.505031 ], [ 0.068731, 51.505255 ], [ 0.068822, 51.506191 ], [ 0.068934, 51.507175 ], [ 0.069126, 51.507706 ], [ 0.06962, 51.508264 ], [ 0.069979, 51.508993 ], [ 0.070345, 51.509716 ], [ 0.070537, 51.509961 ], [ 0.071157, 51.510601 ], [ 0.071756, 51.511315 ], [ 0.072451, 51.511776 ], [ 0.073165, 51.512318 ], [ 0.074162, 51.512826 ], [ 0.075141, 51.513216 ], [ 0.075838, 51.513193 ], [ 0.076655, 51.513024 ], [ 0.077225, 51.512804 ], [ 0.077911, 51.512424 ], [ 0.079454, 51.511885 ], [ 0.080752, 51.5118 ], [ 0.081359, 51.511893 ], [ 0.08196, 51.512232 ], [ 0.082583, 51.512716 ], [ 0.083042, 51.513289 ], [ 0.083324, 51.51398 ], [ 0.083209, 51.514395 ], [ 0.082935, 51.514651 ], [ 0.082403, 51.515136 ], [ 0.08206, 51.515568 ], [ 0.081947, 51.515842 ], [ 0.08206, 51.516058 ], [ 0.082189, 51.516233 ], [ 0.082586, 51.516394 ], [ 0.083063, 51.516593 ], [ 0.083792, 51.516891 ], [ 0.084572, 51.517154 ], [ 0.085492, 51.517377 ], [ 0.086006, 51.517646 ], [ 0.087275, 51.517773 ], [ 0.088208, 51.517839 ], [ 0.089524, 51.51797 ], [ 0.090212, 51.518289 ], [ 0.091306, 51.518685 ], [ 0.092111, 51.518851 ], [ 0.092361, 51.518724 ], [ 0.09288, 51.518819 ], [ 0.093368, 51.518916 ], [ 0.093969, 51.518894 ] ] ] ] } },
{ "type": "Feature", "properties": { "_ROWID_": 552, "pk": 552, "g_unit": 10167449.0, "g_name": "EAST LONDON", "namestatus": "P", "g_language": "eng", "unittype": "PR_DIST", "g_status": "RegD", "nation": "ENGLAND", "g_year": 1851.0, "im_auth": "GBHGIS", "im_note": null, "notes": null }, "geometry": { "type": "MultiPolygon", "coordinates": [ [ [ [ -0.076028, 51.51646 ], [ -0.075288, 51.515952 ], [ -0.074574, 51.515537 ], [ -0.073989, 51.515019 ], [ -0.07352, 51.514668 ], [ -0.073149, 51.514767 ], [ -0.072478, 51.514107 ], [ -0.072302, 51.514165 ], [ -0.07168, 51.513576 ], [ -0.072764, 51.513418 ], [ -0.074146, 51.513346 ], [ -0.074835, 51.513098 ], [ -0.074478, 51.512028 ], [ -0.074133, 51.512059 ], [ -0.074095, 51.511895 ], [ -0.073446, 51.512066 ], [ -0.072308, 51.512208 ], [ -0.072087, 51.511397 ], [ -0.073315, 51.511315 ], [ -0.073206, 51.510994 ], [ -0.072202, 51.510978 ], [ -0.072226, 51.510095 ], [ -0.073171, 51.510059 ], [ -0.073895, 51.509566 ], [ -0.074829, 51.509861 ], [ -0.075169, 51.510299 ], [ -0.075277, 51.510493 ], [ -0.075382, 51.512924 ], [ -0.075691, 51.513615 ], [ -0.076198, 51.51406 ], [ -0.07685, 51.514362 ], [ -0.079075, 51.515648 ], [ -0.081057, 51.51638 ], [ -0.081224, 51.516145 ], [ -0.085338, 51.516924 ], [ -0.084774, 51.517622 ], [ -0.084026, 51.518122 ], [ -0.08322, 51.518691 ], [ -0.082385, 51.519596 ], [ -0.081942, 51.520308 ], [ -0.081403, 51.520663 ], [ -0.080798, 51.521018 ], [ -0.080115, 51.52094 ], [ -0.078811, 51.520797 ], [ -0.078426, 51.520418 ], [ -0.078195, 51.520126 ], [ -0.078239, 51.519575 ], [ -0.07815, 51.519154 ], [ -0.077898, 51.518755 ], [ -0.077822, 51.518561 ], [ -0.07755, 51.51828 ], [ -0.077238, 51.517725 ], [ -0.076565, 51.516867 ], [ -0.076028, 51.51646 ] ] ], [ [ [ -0.095304, 51.521707 ], [ -0.09508, 51.521447 ], [ -0.094265, 51.521545 ], [ -0.094073, 51.521314 ], [ -0.093281, 51.521381 ], [ -0.093136, 51.521158 ], [ -0.092398, 51.521076 ], [ -0.092465, 51.520737 ], [ -0.092229, 51.520708 ], [ -0.09202, 51.520681 ], [ -0.091815, 51.520614 ], [ -0.09135, 51.520324 ], [ -0.090658, 51.520135 ], [ -0.090059, 51.520014 ], [ -0.08905, 51.519685 ], [ -0.088167, 51.51941 ], [ -0.088578, 51.518397 ], [ -0.08909, 51.517726 ], [ -0.0894, 51.51777 ], [ -0.089591, 51.517462 ], [ -0.089928, 51.51753 ], [ -0.089856, 51.517728 ], [ -0.091942, 51.518056 ], [ -0.094687, 51.518664 ], [ -0.094729, 51.518379 ], [ -0.095146, 51.518432 ], [ -0.095227, 51.518283 ], [ -0.094922, 51.51817 ], [ -0.095457, 51.517381 ], [ -0.095875, 51.516443 ], [ -0.096678, 51.516623 ], [ -0.098692, 51.516776 ], [ -0.09881, 51.516933 ], [ -0.100157, 51.516872 ], [ -0.099336, 51.517499 ], [ -0.098963, 51.517951 ], [ -0.098671, 51.517869 ], [ -0.097965, 51.518136 ], [ -0.097994, 51.517881 ], [ -0.097652, 51.517949 ], [ -0.097408, 51.519269 ], [ -0.097549, 51.519697 ], [ -0.098522, 51.519489 ], [ -0.098636, 51.519845 ], [ -0.099835, 51.519894 ], [ -0.100217, 51.520157 ], [ -0.099984, 51.520484 ], [ -0.099456, 51.52077 ], [ -0.098951, 51.520875 ], [ -0.098351, 51.520798 ], [ -0.097705, 51.52133 ], [ -0.097167, 51.521377 ], [ -0.096793, 51.521368 ], [ -0.096022, 51.521493 ], [ -0.095304, 51.521707 ] ] ] ] } },
{ "type": "Feature", "properties": { "_ROWID_": 553, "pk": 553, "g_unit": 10094641.0, "g_name": "WEST LONDON", "namestatus": "P", "g_language": "eng", "unittype": "PR_DIST", "g_status": "RegD", "nation": "ENGLAND", "g_year": 1851.0, "im_auth": "GBHGIS", "im_note": null, "notes": null }, "geometry": { "type": "Polygon", "coordinates": [ [ [ -0.098636, 51.519845 ], [ -0.098522, 51.519489 ], [ -0.097549, 51.519697 ], [ -0.097408, 51.519269 ], [ -0.097652, 51.517949 ], [ -0.097994, 51.517881 ], [ -0.097965, 51.518136 ], [ -0.098671, 51.517869 ], [ -0.098963, 51.517951 ], [ -0.099336, 51.517499 ], [ -0.100157, 51.516872 ], [ -0.101057, 51.516626 ], [ -0.101684, 51.516159 ], [ -0.102034, 51.515417 ], [ -0.103193, 51.515251 ], [ -0.10337, 51.515159 ], [ -0.103505, 51.514559 ], [ -0.103375, 51.513803 ], [ -0.104291, 51.513689 ], [ -0.104036, 51.512538 ], [ -0.1041, 51.511193 ], [ -0.104672, 51.511129 ], [ -0.104365, 51.510194 ], [ -0.104383, 51.509966 ], [ -0.105079, 51.50995 ], [ -0.106911, 51.509901 ], [ -0.110436, 51.509884 ], [ -0.110296, 51.510223 ], [ -0.110516, 51.510995 ], [ -0.110765, 51.511554 ], [ -0.110848, 51.512007 ], [ -0.111234, 51.512647 ], [ -0.111483, 51.513233 ], [ -0.111721, 51.513946 ], [ -0.111954, 51.514447 ], [ -0.112155, 51.514897 ], [ -0.111815, 51.514453 ], [ -0.11142, 51.514085 ], [ -0.111171, 51.513915 ], [ -0.110542, 51.51407 ], [ -0.110254, 51.514091 ], [ -0.109619, 51.514265 ], [ -0.109741, 51.514594 ], [ -0.109695, 51.514918 ], [ -0.10989, 51.514937 ], [ -0.109817, 51.515481 ], [ -0.109592, 51.516406 ], [ -0.110426, 51.516802 ], [ -0.111205, 51.517044 ], [ -0.111212, 51.517158 ], [ -0.110668, 51.517223 ], [ -0.110583, 51.517704 ], [ -0.111285, 51.517782 ], [ -0.111153, 51.51822 ], [ -0.110666, 51.518183 ], [ -0.110144, 51.518109 ], [ -0.109566, 51.518044 ], [ -0.10883, 51.517943 ], [ -0.1077, 51.517832 ], [ -0.107242, 51.517769 ], [ -0.106949, 51.518503 ], [ -0.106742, 51.518481 ], [ -0.10666, 51.518585 ], [ -0.106205, 51.518555 ], [ -0.10629, 51.518357 ], [ -0.105629, 51.518552 ], [ -0.105145, 51.518585 ], [ -0.105062, 51.519309 ], [ -0.104186, 51.519428 ], [ -0.104191, 51.519245 ], [ -0.103563, 51.519239 ], [ -0.10222, 51.519238 ], [ -0.100985, 51.519279 ], [ -0.099699, 51.519424 ], [ -0.099835, 51.519894 ], [ -0.098636, 51.519845 ] ] ] } },
{ "type": "Feature", "properties": { "_ROWID_": 554, "pk": 554, "g_unit": 10063292.0, "g_name": "CITY OF LONDON", "namestatus": "P", "g_language": "eng", "unittype": "PR_DIST", "g_status": "RegD", "nation": "ENGLAND", "g_year": 1851.0, "im_auth": "GBHGIS", "im_note": null, "notes": null }, "geometry": { "type": "Polygon", "coordinates": [ [ [ -0.08623, 51.518719 ], [ -0.08498, 51.518389 ], [ -0.084026, 51.518122 ], [ -0.084774, 51.517622 ], [ -0.085338, 51.516924 ], [ -0.081224, 51.516145 ], [ -0.081057, 51.51638 ], [ -0.079075, 51.515648 ], [ -0.07685, 51.514362 ], [ -0.076198, 51.51406 ], [ -0.075691, 51.513615 ], [ -0.075382, 51.512924 ], [ -0.075277, 51.510493 ], [ -0.076209, 51.510428 ], [ -0.076239, 51.51022 ], [ -0.076765, 51.510135 ], [ -0.077131, 51.509738 ], [ -0.077513, 51.509383 ], [ -0.077313, 51.509287 ], [ -0.077776, 51.508664 ], [ -0.07796, 51.508125 ], [ -0.078296, 51.507556 ], [ -0.078707, 51.506723 ], [ -0.07988, 51.506982 ], [ -0.0814, 51.507104 ], [ -0.083648, 51.507399 ], [ -0.085502, 51.507627 ], [ -0.086912, 51.507781 ], [ -0.087476, 51.507915 ], [ -0.088445, 51.507988 ], [ -0.089774, 51.508064 ], [ -0.090949, 51.508216 ], [ -0.091854, 51.508537 ], [ -0.093108, 51.508861 ], [ -0.094201, 51.509103 ], [ -0.095857, 51.509418 ], [ -0.098104, 51.509625 ], [ -0.098359, 51.509651 ], [ -0.100207, 51.509837 ], [ -0.101453, 51.509828 ], [ -0.103851, 51.509966 ], [ -0.103685, 51.508685 ], [ -0.104339, 51.508586 ], [ -0.104383, 51.509966 ], [ -0.104365, 51.510194 ], [ -0.104672, 51.511129 ], [ -0.1041, 51.511193 ], [ -0.104036, 51.512538 ], [ -0.104291, 51.513689 ], [ -0.103375, 51.513803 ], [ -0.103505, 51.514559 ], [ -0.10337, 51.515159 ], [ -0.103193, 51.515251 ], [ -0.102034, 51.515417 ], [ -0.101684, 51.516159 ], [ -0.101057, 51.516626 ], [ -0.100157, 51.516872 ], [ -0.09881, 51.516933 ], [ -0.098692, 51.516776 ], [ -0.096678, 51.516623 ], [ -0.095875, 51.516443 ], [ -0.095457, 51.517381 ], [ -0.094922, 51.51817 ], [ -0.095227, 51.518283 ], [ -0.095146, 51.518432 ], [ -0.094729, 51.518379 ], [ -0.094687, 51.518664 ], [ -0.091942, 51.518056 ], [ -0.089856, 51.517728 ], [ -0.089928, 51.51753 ], [ -0.089591, 51.517462 ], [ -0.0894, 51.51777 ], [ -0.08909, 51.517726 ], [ -0.088578, 51.518397 ], [ -0.088167, 51.51941 ], [ -0.08623, 51.518719 ] ] ] } },
{ "type": "Feature", "properties": { "_ROWID_": 555, "pk": 555, "g_unit": 10096157.0, "g_name": "DARTFORD", "namestatus": "P", "g_language": "eng", "unittype": "PR_DIST", "g_status": "RegD", "nation": "ENGLAND", "g_year": 1851.0, "im_auth": "GBHGIS", "im_note": null, "notes": null }, "geometry": { "type": "Polygon", "coordinates": [ [ [ 0.120399, 51.493541 ], [ 0.120339, 51.494769 ], [ 0.120386, 51.495889 ], [ 0.120345, 51.497 ], [ 0.120469, 51.498997 ], [ 0.12063, 51.500695 ], [ 0.120441, 51.501663 ], [ 0.120505, 51.502904 ], [ 0.120574, 51.505061 ], [ 0.120498, 51.50682 ], [ 0.12045, 51.508625 ], [ 0.120639, 51.509638 ], [ 0.120678, 51.510538 ], [ 0.120545, 51.511096 ], [ 0.120308, 51.511518 ], [ 0.119928, 51.511948 ], [ 0.118762, 51.513038 ], [ 0.118758, 51.513047 ], [ 0.121163, 51.514029 ], [ 0.123634, 51.514679 ], [ 0.126878, 51.515258 ], [ 0.130328, 51.515399 ], [ 0.13299, 51.514598 ], [ 0.133841, 51.514207 ], [ 0.141653, 51.511542 ], [ 0.144414, 51.510562 ], [ 0.147095, 51.509669 ], [ 0.152196, 51.508694 ], [ 0.155546, 51.508617 ], [ 0.157997, 51.508362 ], [ 0.159149, 51.508164 ], [ 0.161502, 51.507825 ], [ 0.164223, 51.50742 ], [ 0.167842, 51.506445 ], [ 0.17003, 51.505646 ], [ 0.172328, 51.504382 ], [ 0.173838, 51.503134 ], [ 0.177827, 51.491762 ], [ 0.184808, 51.483857 ], [ 0.20106, 51.484591 ], [ 0.209985, 51.484993 ], [ 0.219342, 51.483574 ], [ 0.223617, 51.481166 ], [ 0.241485, 51.471182 ], [ 0.247871, 51.467612 ], [ 0.275997, 51.457265 ], [ 0.277749, 51.45662 ], [ 0.28552, 51.457546 ], [ 0.30221, 51.468315 ], [ 0.30506, 51.469322 ], [ 0.307626, 51.469466 ], [ 0.310467, 51.469547 ], [ 0.314129, 51.469378 ], [ 0.315698, 51.468984 ], [ 0.312993, 51.462155 ], [ 0.311848, 51.458965 ], [ 0.311408, 51.457119 ], [ 0.3105, 51.45385 ], [ 0.310606, 51.451671 ], [ 0.314951, 51.451102 ], [ 0.317851, 51.450403 ], [ 0.318379, 51.448295 ], [ 0.318242, 51.446703 ], [ 0.319861, 51.445644 ], [ 0.321056, 51.444066 ], [ 0.322445, 51.44266 ], [ 0.325099, 51.440859 ], [ 0.324954, 51.438896 ], [ 0.323436, 51.436717 ], [ 0.322543, 51.435137 ], [ 0.321962, 51.433206 ], [ 0.322426, 51.431927 ], [ 0.322796, 51.430649 ], [ 0.323907, 51.429334 ], [ 0.325848, 51.427892 ], [ 0.327619, 51.426886 ], [ 0.329761, 51.425963 ], [ 0.331215, 51.424066 ], [ 0.331147, 51.42239 ], [ 0.330409, 51.42026 ], [ 0.330099, 51.415323 ], [ 0.3304, 51.413817 ], [ 0.331662, 51.411232 ], [ 0.33398, 51.408607 ], [ 0.333725, 51.406388 ], [ 0.334811, 51.400233 ], [ 0.333796, 51.39866 ], [ 0.331741, 51.39295 ], [ 0.331768, 51.392662 ], [ 0.332615, 51.390031 ], [ 0.334012, 51.387453 ], [ 0.335439, 51.387437 ], [ 0.33513, 51.386951 ], [ 0.332227, 51.383414 ], [ 0.331621, 51.381895 ], [ 0.331934, 51.380366 ], [ 0.330825, 51.378162 ], [ 0.330375, 51.374769 ], [ 0.330054, 51.373333 ], [ 0.330702, 51.368889 ], [ 0.330735, 51.36788 ], [ 0.333799, 51.367673 ], [ 0.339716, 51.352609 ], [ 0.339862, 51.351175 ], [ 0.339564, 51.349442 ], [ 0.339399, 51.347571 ], [ 0.338821, 51.34578 ], [ 0.337844, 51.344419 ], [ 0.338238, 51.342229 ], [ 0.337136, 51.340613 ], [ 0.338745, 51.338346 ], [ 0.338081, 51.335656 ], [ 0.33623, 51.33105 ], [ 0.336416, 51.3296 ], [ 0.33318, 51.329778 ], [ 0.319963, 51.335239 ], [ 0.317706, 51.336705 ], [ 0.312551, 51.338413 ], [ 0.310301, 51.339558 ], [ 0.306721, 51.341702 ], [ 0.304724, 51.343027 ], [ 0.30496, 51.345582 ], [ 0.305884, 51.349313 ], [ 0.30251, 51.350325 ], [ 0.296468, 51.351308 ], [ 0.294347, 51.35144 ], [ 0.292616, 51.350754 ], [ 0.292253, 51.349911 ], [ 0.288821, 51.351691 ], [ 0.287738, 51.350997 ], [ 0.28429, 51.348443 ], [ 0.285194, 51.347862 ], [ 0.287541, 51.346869 ], [ 0.28969, 51.345794 ], [ 0.28895, 51.344625 ], [ 0.285928, 51.344707 ], [ 0.2826, 51.340436 ], [ 0.285365, 51.339966 ], [ 0.284853, 51.338221 ], [ 0.2848, 51.335691 ], [ 0.282859, 51.334135 ], [ 0.282336, 51.331342 ], [ 0.28273, 51.329544 ], [ 0.282984, 51.328043 ], [ 0.283177, 51.327462 ], [ 0.282856, 51.326607 ], [ 0.282712, 51.326238 ], [ 0.282615, 51.325993 ], [ 0.281624, 51.324533 ], [ 0.2795, 51.323829 ], [ 0.277677, 51.321222 ], [ 0.276838, 51.318517 ], [ 0.269986, 51.321151 ], [ 0.26894, 51.322 ], [ 0.267092, 51.322877 ], [ 0.263153, 51.323134 ], [ 0.260572, 51.324157 ], [ 0.258028, 51.325067 ], [ 0.253188, 51.325077 ], [ 0.250965, 51.325642 ], [ 0.24816, 51.326444 ], [ 0.244943, 51.326646 ], [ 0.243701, 51.327987 ], [ 0.240618, 51.329551 ], [ 0.239736, 51.329183 ], [ 0.238193, 51.329516 ], [ 0.235239, 51.331057 ], [ 0.232945, 51.331225 ], [ 0.231446, 51.332533 ], [ 0.23029, 51.333848 ], [ 0.229843, 51.334083 ], [ 0.228919, 51.334842 ], [ 0.227194, 51.335926 ], [ 0.224692, 51.335315 ], [ 0.224133, 51.336907 ], [ 0.221833, 51.338953 ], [ 0.218684, 51.339913 ], [ 0.212287, 51.342017 ], [ 0.210231, 51.343113 ], [ 0.207332, 51.344191 ], [ 0.204866, 51.345261 ], [ 0.202545, 51.344766 ], [ 0.199294, 51.345641 ], [ 0.19924, 51.347925 ], [ 0.1985, 51.350217 ], [ 0.195296, 51.351237 ], [ 0.192618, 51.351557 ], [ 0.189881, 51.351444 ], [ 0.186288, 51.352063 ], [ 0.18167, 51.352492 ], [ 0.177186, 51.352833 ], [ 0.174123, 51.354054 ], [ 0.170335, 51.354445 ], [ 0.166517, 51.354117 ], [ 0.163442, 51.355078 ], [ 0.160858, 51.355573 ], [ 0.158423, 51.356385 ], [ 0.15291, 51.357214 ], [ 0.150885, 51.358083 ], [ 0.147861, 51.359915 ], [ 0.150292, 51.360446 ], [ 0.150061, 51.361924 ], [ 0.15084, 51.363929 ], [ 0.153738, 51.366983 ], [ 0.154692, 51.369143 ], [ 0.154953, 51.371516 ], [ 0.153654, 51.373128 ], [ 0.153528, 51.374208 ], [ 0.152721, 51.376974 ], [ 0.153108, 51.378844 ], [ 0.153112, 51.383003 ], [ 0.160824, 51.386427 ], [ 0.162795, 51.387159 ], [ 0.161907, 51.388385 ], [ 0.161166, 51.38984 ], [ 0.159526, 51.393563 ], [ 0.158116, 51.397282 ], [ 0.157671, 51.400703 ], [ 0.158906, 51.403003 ], [ 0.159571, 51.404905 ], [ 0.159629, 51.40667 ], [ 0.159516, 51.407452 ], [ 0.153003, 51.408306 ], [ 0.152598, 51.408687 ], [ 0.152577, 51.410886 ], [ 0.149668, 51.411294 ], [ 0.150014, 51.413373 ], [ 0.150481, 51.414901 ], [ 0.15046, 51.417129 ], [ 0.150109, 51.419158 ], [ 0.152337, 51.420609 ], [ 0.152244, 51.423445 ], [ 0.152718, 51.426594 ], [ 0.154357, 51.428456 ], [ 0.155014, 51.430127 ], [ 0.155542, 51.430641 ], [ 0.155794, 51.432664 ], [ 0.153039, 51.43498 ], [ 0.150715, 51.43489 ], [ 0.144869, 51.434955 ], [ 0.142505, 51.435039 ], [ 0.139696, 51.432843 ], [ 0.13663, 51.432761 ], [ 0.134438, 51.433855 ], [ 0.131637, 51.433336 ], [ 0.129731, 51.431795 ], [ 0.126818, 51.432145 ], [ 0.124377, 51.431304 ], [ 0.123089, 51.431607 ], [ 0.123647, 51.431659 ], [ 0.120828, 51.432037 ], [ 0.116604, 51.432025 ], [ 0.113903, 51.431736 ], [ 0.109468, 51.430887 ], [ 0.106321, 51.431152 ], [ 0.103893, 51.432162 ], [ 0.099666, 51.432034 ], [ 0.097247, 51.431857 ], [ 0.093684, 51.431607 ], [ 0.089409, 51.432442 ], [ 0.086619, 51.432901 ], [ 0.079109, 51.433606 ], [ 0.076405, 51.433945 ], [ 0.076453, 51.434192 ], [ 0.076548, 51.434414 ], [ 0.076629, 51.434683 ], [ 0.076751, 51.4349 ], [ 0.076562, 51.435199 ], [ 0.077065, 51.435729 ], [ 0.077325, 51.435959 ], [ 0.077488, 51.435971 ], [ 0.077532, 51.4361 ], [ 0.077871, 51.436535 ], [ 0.078276, 51.437195 ], [ 0.07876, 51.437687 ], [ 0.079052, 51.438159 ], [ 0.079489, 51.438734 ], [ 0.079883, 51.439205 ], [ 0.080248, 51.439541 ], [ 0.080548, 51.439839 ], [ 0.081044, 51.440154 ], [ 0.08182, 51.440829 ], [ 0.082174, 51.441294 ], [ 0.082317, 51.441474 ], [ 0.082389, 51.442073 ], [ 0.082506, 51.442267 ], [ 0.082658, 51.442271 ], [ 0.082992, 51.442117 ], [ 0.083216, 51.441961 ], [ 0.083492, 51.441814 ], [ 0.083689, 51.441664 ], [ 0.084015, 51.44154 ], [ 0.084841, 51.441831 ], [ 0.085527, 51.442121 ], [ 0.08599, 51.442265 ], [ 0.086318, 51.442288 ], [ 0.086762, 51.442331 ], [ 0.087123, 51.442317 ], [ 0.086921, 51.442724 ], [ 0.086616, 51.443271 ], [ 0.086445, 51.443673 ], [ 0.086356, 51.44419 ], [ 0.086236, 51.444429 ], [ 0.086234, 51.444526 ], [ 0.086568, 51.444609 ], [ 0.086934, 51.444744 ], [ 0.087259, 51.444936 ], [ 0.087404, 51.445156 ], [ 0.08735, 51.445473 ], [ 0.087505, 51.446238 ], [ 0.087788, 51.446609 ], [ 0.088188, 51.447012 ], [ 0.088311, 51.447267 ], [ 0.088225, 51.447579 ], [ 0.08804, 51.448039 ], [ 0.087854, 51.448464 ], [ 0.087698, 51.448714 ], [ 0.087434, 51.449162 ], [ 0.087311, 51.449335 ], [ 0.087128, 51.449618 ], [ 0.087061, 51.450001 ], [ 0.087047, 51.450796 ], [ 0.086861, 51.451647 ], [ 0.086828, 51.452334 ], [ 0.08669, 51.453144 ], [ 0.086646, 51.453791 ], [ 0.08653, 51.454254 ], [ 0.08644, 51.454821 ], [ 0.086271, 51.455226 ], [ 0.086251, 51.455632 ], [ 0.086075, 51.456009 ], [ 0.08597, 51.456311 ], [ 0.085916, 51.456492 ], [ 0.084998, 51.457459 ], [ 0.084627, 51.458222 ], [ 0.08425, 51.458843 ], [ 0.084105, 51.459186 ], [ 0.08372, 51.459583 ], [ 0.083031, 51.460277 ], [ 0.082627, 51.46068 ], [ 0.082446, 51.461085 ], [ 0.082346, 51.461488 ], [ 0.082259, 51.461822 ], [ 0.082313, 51.462136 ], [ 0.08236, 51.462873 ], [ 0.082612, 51.463447 ], [ 0.082578, 51.463696 ], [ 0.082549, 51.463871 ], [ 0.082402, 51.464125 ], [ 0.08223, 51.464388 ], [ 0.082026, 51.464618 ], [ 0.082079, 51.464817 ], [ 0.082046, 51.465046 ], [ 0.082579, 51.465022 ], [ 0.083133, 51.464809 ], [ 0.083409, 51.465424 ], [ 0.083785, 51.465838 ], [ 0.08408, 51.466339 ], [ 0.084454, 51.466685 ], [ 0.084772, 51.467039 ], [ 0.085208, 51.467444 ], [ 0.085691, 51.467796 ], [ 0.08588, 51.467946 ], [ 0.086596, 51.468212 ], [ 0.087042, 51.468477 ], [ 0.087916, 51.468666 ], [ 0.08862, 51.468865 ], [ 0.088958, 51.468961 ], [ 0.089294, 51.469184 ], [ 0.089786, 51.469634 ], [ 0.090207, 51.46992 ], [ 0.09061, 51.470242 ], [ 0.091058, 51.470585 ], [ 0.091358, 51.470794 ], [ 0.091682, 51.471058 ], [ 0.092365, 51.471322 ], [ 0.092755, 51.471636 ], [ 0.092895, 51.471735 ], [ 0.093561, 51.471929 ], [ 0.094132, 51.472005 ], [ 0.094662, 51.472058 ], [ 0.095235, 51.472062 ], [ 0.095679, 51.472016 ], [ 0.096076, 51.472067 ], [ 0.096467, 51.472124 ], [ 0.096565, 51.472181 ], [ 0.096417, 51.472572 ], [ 0.096447, 51.472962 ], [ 0.09672, 51.473288 ], [ 0.097063, 51.473644 ], [ 0.097468, 51.473987 ], [ 0.097756, 51.474463 ], [ 0.097886, 51.474733 ], [ 0.098007, 51.474909 ], [ 0.098071, 51.474978 ], [ 0.098491, 51.474968 ], [ 0.099159, 51.474996 ], [ 0.099904, 51.475031 ], [ 0.100818, 51.475015 ], [ 0.101534, 51.47507 ], [ 0.102331, 51.475101 ], [ 0.103084, 51.475048 ], [ 0.103615, 51.475115 ], [ 0.103952, 51.475161 ], [ 0.104296, 51.47522 ], [ 0.104696, 51.475411 ], [ 0.105031, 51.475577 ], [ 0.10528, 51.475719 ], [ 0.106074, 51.475728 ], [ 0.106587, 51.475719 ], [ 0.106957, 51.475723 ], [ 0.107188, 51.475734 ], [ 0.107616, 51.475349 ], [ 0.108109, 51.474923 ], [ 0.108498, 51.474728 ], [ 0.108938, 51.474355 ], [ 0.109153, 51.47415 ], [ 0.109449, 51.473856 ], [ 0.109724, 51.47362 ], [ 0.11008, 51.473406 ], [ 0.110328, 51.473208 ], [ 0.110482, 51.473387 ], [ 0.110638, 51.473333 ], [ 0.110871, 51.473183 ], [ 0.11129, 51.473526 ], [ 0.111712, 51.473701 ], [ 0.112284, 51.474391 ], [ 0.112714, 51.475018 ], [ 0.113094, 51.475295 ], [ 0.113903, 51.475851 ], [ 0.114525, 51.476412 ], [ 0.115147, 51.477145 ], [ 0.115677, 51.477663 ], [ 0.116074, 51.478015 ], [ 0.116502, 51.478402 ], [ 0.11688, 51.478748 ], [ 0.117262, 51.478962 ], [ 0.117752, 51.478862 ], [ 0.118584, 51.478803 ], [ 0.119175, 51.478741 ], [ 0.119697, 51.47863 ], [ 0.120456, 51.478278 ], [ 0.121121, 51.478014 ], [ 0.121797, 51.477649 ], [ 0.122381, 51.477375 ], [ 0.122727, 51.477141 ], [ 0.122984, 51.476901 ], [ 0.123152, 51.476865 ], [ 0.122787, 51.477319 ], [ 0.122622, 51.477776 ], [ 0.12235, 51.478363 ], [ 0.122243, 51.478932 ], [ 0.122081, 51.479177 ], [ 0.121955, 51.480008 ], [ 0.121612, 51.480704 ], [ 0.121421, 51.481385 ], [ 0.121025, 51.482127 ], [ 0.121011, 51.482852 ], [ 0.120946, 51.483667 ], [ 0.12092, 51.484481 ], [ 0.120969, 51.485226 ], [ 0.121086, 51.48578 ], [ 0.121052, 51.486172 ], [ 0.120852, 51.486771 ], [ 0.120593, 51.487277 ], [ 0.120311, 51.487815 ], [ 0.120521, 51.488471 ], [ 0.120513, 51.48908 ], [ 0.12045, 51.489623 ], [ 0.120449, 51.490287 ], [ 0.12044, 51.490592 ], [ 0.120314, 51.491005 ], [ 0.120465, 51.491531 ], [ 0.120429, 51.492015 ], [ 0.120384, 51.492483 ], [ 0.120392, 51.493031 ], [ 0.120439, 51.493315 ], [ 0.120399, 51.493541 ] ] ] } },
{ "type": "Feature", "properties": { "_ROWID_": 556, "pk": 556, "g_unit": 10139375.0, "g_name": "LEWISHAM", "namestatus": "P", "g_language": "eng", "unittype": "PR_DIST", "g_status": "RegD", "nation": "ENGLAND", "g_year": 1851.0, "im_auth": "GBHGIS", "im_note": null, "notes": null }, "geometry": { "type": "Polygon", "coordinates": [ [ [ 0.118758, 51.513047 ], [ 0.118762, 51.513038 ], [ 0.119928, 51.511948 ], [ 0.120308, 51.511518 ], [ 0.120545, 51.511096 ], [ 0.120678, 51.510538 ], [ 0.120639, 51.509638 ], [ 0.12045, 51.508625 ], [ 0.120498, 51.50682 ], [ 0.120574, 51.505061 ], [ 0.120505, 51.502904 ], [ 0.120441, 51.501663 ], [ 0.12063, 51.500695 ], [ 0.120469, 51.498997 ], [ 0.120345, 51.497 ], [ 0.120386, 51.495889 ], [ 0.120339, 51.494769 ], [ 0.120399, 51.493541 ], [ 0.120439, 51.493315 ], [ 0.120392, 51.493031 ], [ 0.120384, 51.492483 ], [ 0.120429, 51.492015 ], [ 0.120465, 51.491531 ], [ 0.120314, 51.491005 ], [ 0.12044, 51.490592 ], [ 0.120449, 51.490287 ], [ 0.12045, 51.489623 ], [ 0.120513, 51.48908 ], [ 0.120521, 51.488471 ], [ 0.120311, 51.487815 ], [ 0.120593, 51.487277 ], [ 0.120852, 51.486771 ], [ 0.121052, 51.486172 ], [ 0.121086, 51.48578 ], [ 0.120969, 51.485226 ], [ 0.12092, 51.484481 ], [ 0.120946, 51.483667 ], [ 0.121011, 51.482852 ], [ 0.121025, 51.482127 ], [ 0.121421, 51.481385 ], [ 0.121612, 51.480704 ], [ 0.121955, 51.480008 ], [ 0.122081, 51.479177 ], [ 0.122243, 51.478932 ], [ 0.12235, 51.478363 ], [ 0.122622, 51.477776 ], [ 0.122787, 51.477319 ], [ 0.123152, 51.476865 ], [ 0.122984, 51.476901 ], [ 0.122727, 51.477141 ], [ 0.122381, 51.477375 ], [ 0.121797, 51.477649 ], [ 0.121121, 51.478014 ], [ 0.120456, 51.478278 ], [ 0.119697, 51.47863 ], [ 0.119175, 51.478741 ], [ 0.118584, 51.478803 ], [ 0.117752, 51.478862 ], [ 0.117262, 51.478962 ], [ 0.11688, 51.478748 ], [ 0.116502, 51.478402 ], [ 0.116074, 51.478015 ], [ 0.115677, 51.477663 ], [ 0.115147, 51.477145 ], [ 0.114525, 51.476412 ], [ 0.113903, 51.475851 ], [ 0.113094, 51.475295 ], [ 0.112714, 51.475018 ], [ 0.112284, 51.474391 ], [ 0.111712, 51.473701 ], [ 0.11129, 51.473526 ], [ 0.110871, 51.473183 ], [ 0.110638, 51.473333 ], [ 0.110482, 51.473387 ], [ 0.110328, 51.473208 ], [ 0.11008, 51.473406 ], [ 0.109724, 51.47362 ], [ 0.109449, 51.473856 ], [ 0.109153, 51.47415 ], [ 0.108938, 51.474355 ], [ 0.108498, 51.474728 ], [ 0.108109, 51.474923 ], [ 0.107616, 51.475349 ], [ 0.107188, 51.475734 ], [ 0.106957, 51.475723 ], [ 0.106587, 51.475719 ], [ 0.106074, 51.475728 ], [ 0.10528, 51.475719 ], [ 0.105031, 51.475577 ], [ 0.104696, 51.475411 ], [ 0.104296, 51.47522 ], [ 0.103952, 51.475161 ], [ 0.103615, 51.475115 ], [ 0.103084, 51.475048 ], [ 0.102331, 51.475101 ], [ 0.101534, 51.47507 ], [ 0.100818, 51.475015 ], [ 0.099904, 51.475031 ], [ 0.099159, 51.474996 ], [ 0.098491, 51.474968 ], [ 0.098071, 51.474978 ], [ 0.098007, 51.474909 ], [ 0.097886, 51.474733 ], [ 0.097756, 51.474463 ], [ 0.097468, 51.473987 ], [ 0.097063, 51.473644 ], [ 0.09672, 51.473288 ], [ 0.096447, 51.472962 ], [ 0.096417, 51.472572 ], [ 0.096565, 51.472181 ], [ 0.096467, 51.472124 ], [ 0.096076, 51.472067 ], [ 0.095679, 51.472016 ], [ 0.095235, 51.472062 ], [ 0.094662, 51.472058 ], [ 0.094132, 51.472005 ], [ 0.093561, 51.471929 ], [ 0.092895, 51.471735 ], [ 0.092755, 51.471636 ], [ 0.092365, 51.471322 ], [ 0.091682, 51.471058 ], [ 0.091358, 51.470794 ], [ 0.091058, 51.470585 ], [ 0.09061, 51.470242 ], [ 0.090207, 51.46992 ], [ 0.089786, 51.469634 ], [ 0.089294, 51.469184 ], [ 0.088958, 51.468961 ], [ 0.08862, 51.468865 ], [ 0.087916, 51.468666 ], [ 0.087042, 51.468477 ], [ 0.086596, 51.468212 ], [ 0.08588, 51.467946 ], [ 0.085691, 51.467796 ], [ 0.085208, 51.467444 ], [ 0.084772, 51.467039 ], [ 0.084454, 51.466685 ], [ 0.08408, 51.466339 ], [ 0.083785, 51.465838 ], [ 0.083409, 51.465424 ], [ 0.083133, 51.464809 ], [ 0.082579, 51.465022 ], [ 0.082046, 51.465046 ], [ 0.082079, 51.464817 ], [ 0.082026, 51.464618 ], [ 0.08223, 51.464388 ], [ 0.082402, 51.464125 ], [ 0.082549, 51.463871 ], [ 0.082578, 51.463696 ], [ 0.082612, 51.463447 ], [ 0.08236, 51.462873 ], [ 0.082313, 51.462136 ], [ 0.082259, 51.461822 ], [ 0.082346, 51.461488 ], [ 0.082446, 51.461085 ], [ 0.082627, 51.46068 ], [ 0.083031, 51.460277 ], [ 0.08372, 51.459583 ], [ 0.084105, 51.459186 ], [ 0.08425, 51.458843 ], [ 0.084627, 51.458222 ], [ 0.084998, 51.457459 ], [ 0.085916, 51.456492 ], [ 0.08597, 51.456311 ], [ 0.086075, 51.456009 ], [ 0.086251, 51.455632 ], [ 0.086271, 51.455226 ], [ 0.08644, 51.454821 ], [ 0.08653, 51.454254 ], [ 0.086646, 51.453791 ], [ 0.08669, 51.453144 ], [ 0.086828, 51.452334 ], [ 0.086861, 51.451647 ], [ 0.087047, 51.450796 ], [ 0.087061, 51.450001 ], [ 0.087128, 51.449618 ], [ 0.087311, 51.449335 ], [ 0.087434, 51.449162 ], [ 0.087698, 51.448714 ], [ 0.087854, 51.448464 ], [ 0.08804, 51.448039 ], [ 0.088225, 51.447579 ], [ 0.088311, 51.447267 ], [ 0.088188, 51.447012 ], [ 0.087788, 51.446609 ], [ 0.087505, 51.446238 ], [ 0.08735, 51.445473 ], [ 0.087404, 51.445156 ], [ 0.087259, 51.444936 ], [ 0.086934, 51.444744 ], [ 0.086568, 51.444609 ], [ 0.086234, 51.444526 ], [ 0.086236, 51.444429 ], [ 0.086356, 51.44419 ], [ 0.086445, 51.443673 ], [ 0.086616, 51.443271 ], [ 0.086921, 51.442724 ], [ 0.087123, 51.442317 ], [ 0.086762, 51.442331 ], [ 0.086318, 51.442288 ], [ 0.08599, 51.442265 ], [ 0.085527, 51.442121 ], [ 0.084841, 51.441831 ], [ 0.084015, 51.44154 ], [ 0.083689, 51.441664 ], [ 0.083492, 51.441814 ], [ 0.083216, 51.441961 ], [ 0.082992, 51.442117 ], [ 0.082658, 51.442271 ], [ 0.082506, 51.442267 ], [ 0.082389, 51.442073 ], [ 0.082317, 51.441474 ], [ 0.082174, 51.441294 ], [ 0.08182, 51.440829 ], [ 0.081044, 51.440154 ], [ 0.080548, 51.439839 ], [ 0.080248, 51.439541 ], [ 0.079883, 51.439205 ], [ 0.079489, 51.438734 ], [ 0.079052, 51.438159 ], [ 0.07876, 51.437687 ], [ 0.078276, 51.437195 ], [ 0.077871, 51.436535 ], [ 0.077532, 51.4361 ], [ 0.077488, 51.435971 ], [ 0.077325, 51.435959 ], [ 0.077065, 51.435729 ], [ 0.076562, 51.435199 ], [ 0.076751, 51.4349 ], [ 0.076629, 51.434683 ], [ 0.076548, 51.434414 ], [ 0.076453, 51.434192 ], [ 0.076405, 51.433945 ], [ 0.076411, 51.433706 ], [ 0.076129, 51.43357 ], [ 0.075821, 51.43339 ], [ 0.075261, 51.433095 ], [ 0.074786, 51.432806 ], [ 0.074443, 51.432559 ], [ 0.073819, 51.432143 ], [ 0.073059, 51.431488 ], [ 0.072318, 51.430874 ], [ 0.071506, 51.43002 ], [ 0.070882, 51.429462 ], [ 0.070359, 51.428968 ], [ 0.069691, 51.42824 ], [ 0.069246, 51.427592 ], [ 0.068871, 51.427172 ], [ 0.068101, 51.4265 ], [ 0.067646, 51.426343 ], [ 0.067108, 51.426129 ], [ 0.066563, 51.425907 ], [ 0.066255, 51.425793 ], [ 0.065847, 51.425696 ], [ 0.065385, 51.425826 ], [ 0.064935, 51.42577 ], [ 0.064487, 51.425558 ], [ 0.064104, 51.425188 ], [ 0.063597, 51.424657 ], [ 0.063144, 51.424151 ], [ 0.062728, 51.423848 ], [ 0.062659, 51.42372 ], [ 0.062242, 51.423582 ], [ 0.062014, 51.423641 ], [ 0.061604, 51.424263 ], [ 0.061143, 51.424853 ], [ 0.061048, 51.425042 ], [ 0.060022, 51.424705 ], [ 0.059545, 51.424521 ], [ 0.059267, 51.424479 ], [ 0.058943, 51.424475 ], [ 0.0588, 51.424566 ], [ 0.058549, 51.424697 ], [ 0.057403, 51.424577 ], [ 0.056332, 51.42251 ], [ 0.056543, 51.42081 ], [ 0.053972, 51.419817 ], [ 0.054308, 51.419492 ], [ 0.052942, 51.420456 ], [ 0.05061, 51.422219 ], [ 0.048509, 51.423004 ], [ 0.044427, 51.423608 ], [ 0.040775, 51.424338 ], [ 0.039213, 51.424691 ], [ 0.038688, 51.424668 ], [ 0.037853, 51.424741 ], [ 0.036394, 51.424799 ], [ 0.034803, 51.424969 ], [ 0.033533, 51.425392 ], [ 0.032096, 51.425594 ], [ 0.031307, 51.425787 ], [ 0.030341, 51.425801 ], [ 0.029577, 51.426037 ], [ 0.02887, 51.426179 ], [ 0.028479, 51.426263 ], [ 0.028477, 51.426721 ], [ 0.028118, 51.426895 ], [ 0.027716, 51.427276 ], [ 0.027343, 51.427391 ], [ 0.026771, 51.427454 ], [ 0.026436, 51.428205 ], [ 0.026354, 51.428521 ], [ 0.026119, 51.428677 ], [ 0.025158, 51.428227 ], [ 0.024119, 51.427615 ], [ 0.023282, 51.427265 ], [ 0.022186, 51.426836 ], [ 0.021918, 51.426816 ], [ 0.021469, 51.426876 ], [ 0.020514, 51.426926 ], [ 0.020095, 51.427016 ], [ 0.019831, 51.427038 ], [ 0.018905, 51.42684 ], [ 0.018014, 51.426687 ], [ 0.017095, 51.42644 ], [ 0.016287, 51.426166 ], [ 0.015757, 51.426011 ], [ 0.014988, 51.425981 ], [ 0.01446, 51.426021 ], [ 0.014073, 51.426012 ], [ 0.014123, 51.425607 ], [ 0.014021, 51.42541 ], [ 0.01347, 51.425147 ], [ 0.012588, 51.424577 ], [ 0.01092, 51.42379 ], [ 0.010416, 51.423238 ], [ 0.009462, 51.422845 ], [ 0.008895, 51.422449 ], [ 0.008161, 51.421975 ], [ 0.007288, 51.421424 ], [ 0.006622, 51.42102 ], [ 0.006073, 51.420627 ], [ 0.005818, 51.420427 ], [ 0.005787, 51.42008 ], [ 0.005724, 51.419797 ], [ 0.005528, 51.419547 ], [ 0.005279, 51.419235 ], [ 0.005046, 51.419108 ], [ 0.004935, 51.418713 ], [ 0.005118, 51.418462 ], [ 0.005166, 51.418183 ], [ 0.005131, 51.417875 ], [ 0.00466, 51.417201 ], [ 0.004295, 51.416646 ], [ 0.00387, 51.416008 ], [ 0.003575, 51.415177 ], [ 0.003203, 51.414976 ], [ 0.002069, 51.414471 ], [ 0.000573, 51.414092 ], [ -0.00064, 51.413973 ], [ -0.001618, 51.413846 ], [ -0.003221, 51.413529 ], [ -0.004018, 51.413236 ], [ -0.004718, 51.413159 ], [ -0.005393, 51.413091 ], [ -0.00615, 51.413235 ], [ -0.0068, 51.413455 ], [ -0.007, 51.413628 ], [ -0.007356, 51.413853 ], [ -0.008816, 51.414224 ], [ -0.010552, 51.414713 ], [ -0.011546, 51.415143 ], [ -0.012437, 51.415513 ], [ -0.01364, 51.416177 ], [ -0.014586, 51.416704 ], [ -0.015695, 51.41718 ], [ -0.01653, 51.417545 ], [ -0.017591, 51.417915 ], [ -0.018148, 51.418354 ], [ -0.018763, 51.418595 ], [ -0.019101, 51.419097 ], [ -0.019666, 51.419483 ], [ -0.020438, 51.419796 ], [ -0.021135, 51.420101 ], [ -0.021322, 51.420323 ], [ -0.021454, 51.42043 ], [ -0.021724, 51.420441 ], [ -0.022133, 51.421076 ], [ -0.022331, 51.421601 ], [ -0.022854, 51.422127 ], [ -0.023219, 51.422485 ], [ -0.023561, 51.422802 ], [ -0.024278, 51.423156 ], [ -0.024992, 51.423415 ], [ -0.025796, 51.423566 ], [ -0.026533, 51.423965 ], [ -0.027303, 51.424392 ], [ -0.028046, 51.424846 ], [ -0.02867, 51.425201 ], [ -0.029219, 51.425491 ], [ -0.029534, 51.425545 ], [ -0.029939, 51.425528 ], [ -0.030448, 51.425503 ], [ -0.03113, 51.425432 ], [ -0.031417, 51.425463 ], [ -0.031998, 51.425341 ], [ -0.032742, 51.425253 ], [ -0.033551, 51.425066 ], [ -0.034386, 51.424829 ], [ -0.035132, 51.42457 ], [ -0.035784, 51.424287 ], [ -0.035891, 51.424104 ], [ -0.036635, 51.424026 ], [ -0.037566, 51.42383 ], [ -0.038364, 51.423743 ], [ -0.039342, 51.423999 ], [ -0.039972, 51.424098 ], [ -0.040634, 51.424127 ], [ -0.041167, 51.423881 ], [ -0.041692, 51.423563 ], [ -0.042274, 51.423424 ], [ -0.042875, 51.423159 ], [ -0.043433, 51.422913 ], [ -0.044253, 51.422672 ], [ -0.045555, 51.422549 ], [ -0.046506, 51.422473 ], [ -0.046918, 51.422606 ], [ -0.048033, 51.422608 ], [ -0.048902, 51.422481 ], [ -0.049602, 51.422487 ], [ -0.05007, 51.422393 ], [ -0.050869, 51.422261 ], [ -0.051542, 51.422274 ], [ -0.052114, 51.422364 ], [ -0.052815, 51.422507 ], [ -0.053561, 51.422778 ], [ -0.054246, 51.42281 ], [ -0.055086, 51.422767 ], [ -0.056111, 51.422776 ], [ -0.057273, 51.422863 ], [ -0.057743, 51.423105 ], [ -0.058327, 51.423252 ], [ -0.059253, 51.423522 ], [ -0.06003, 51.423841 ], [ -0.060778, 51.424211 ], [ -0.061163, 51.424335 ], [ -0.06165, 51.424452 ], [ -0.062204, 51.424708 ], [ -0.063009, 51.424722 ], [ -0.06349, 51.424782 ], [ -0.064215, 51.42491 ], [ -0.064996, 51.425141 ], [ -0.065546, 51.425238 ], [ -0.066042, 51.425371 ], [ -0.066778, 51.425592 ], [ -0.067454, 51.425631 ], [ -0.068049, 51.425763 ], [ -0.068597, 51.425898 ], [ -0.069359, 51.426097 ], [ -0.070511, 51.426248 ], [ -0.071246, 51.426201 ], [ -0.072091, 51.426161 ], [ -0.072744, 51.426128 ], [ -0.073475, 51.426199 ], [ -0.07393, 51.426163 ], [ -0.074144, 51.426132 ], [ -0.073819, 51.426515 ], [ -0.073713, 51.426707 ], [ -0.073828, 51.42694 ], [ -0.074037, 51.427315 ], [ -0.074248, 51.427747 ], [ -0.074433, 51.428047 ], [ -0.074773, 51.428379 ], [ -0.074837, 51.428799 ], [ -0.074753, 51.429219 ], [ -0.07478, 51.42973 ], [ -0.074442, 51.430232 ], [ -0.073852, 51.430786 ], [ -0.073233, 51.431323 ], [ -0.072901, 51.431708 ], [ -0.072509, 51.432157 ], [ -0.072029, 51.43237 ], [ -0.071459, 51.432354 ], [ -0.070792, 51.432315 ], [ -0.070107, 51.432399 ], [ -0.069337, 51.432536 ], [ -0.068644, 51.432729 ], [ -0.06799, 51.432955 ], [ -0.06764, 51.433212 ], [ -0.067029, 51.433468 ], [ -0.066584, 51.43372 ], [ -0.066208, 51.433886 ], [ -0.065867, 51.434136 ], [ -0.065608, 51.434343 ], [ -0.06513, 51.435043 ], [ -0.064982, 51.435286 ], [ -0.064807, 51.435556 ], [ -0.064299, 51.436072 ], [ -0.063882, 51.43673 ], [ -0.06354, 51.437148 ], [ -0.063029, 51.437412 ], [ -0.062961, 51.438011 ], [ -0.063125, 51.438331 ], [ -0.06309, 51.438669 ], [ -0.063142, 51.439247 ], [ -0.063204, 51.439449 ], [ -0.063361, 51.440028 ], [ -0.063533, 51.440602 ], [ -0.063615, 51.440809 ], [ -0.064124, 51.440907 ], [ -0.064505, 51.441068 ], [ -0.064611, 51.441176 ], [ -0.064024, 51.441635 ], [ -0.063638, 51.442192 ], [ -0.063318, 51.442858 ], [ -0.063283, 51.443375 ], [ -0.063378, 51.443772 ], [ -0.063433, 51.444255 ], [ -0.063422, 51.444607 ], [ -0.063214, 51.445222 ], [ -0.062979, 51.445868 ], [ -0.062797, 51.446397 ], [ -0.06216, 51.447257 ], [ -0.061829, 51.447741 ], [ -0.061548, 51.448019 ], [ -0.060997, 51.448411 ], [ -0.060249, 51.448783 ], [ -0.059566, 51.449192 ], [ -0.058927, 51.449499 ], [ -0.058378, 51.449832 ], [ -0.057919, 51.45019 ], [ -0.057719, 51.450327 ], [ -0.057043, 51.450082 ], [ -0.056435, 51.449844 ], [ -0.055801, 51.449555 ], [ -0.0549, 51.449152 ], [ -0.054356, 51.448937 ], [ -0.054036, 51.448773 ], [ -0.053742, 51.448675 ], [ -0.053103, 51.448861 ], [ -0.052227, 51.449118 ], [ -0.05082, 51.449696 ], [ -0.049707, 51.450125 ], [ -0.048752, 51.450386 ], [ -0.048054, 51.450147 ], [ -0.047143, 51.450046 ], [ -0.046151, 51.45002 ], [ -0.045786, 51.450368 ], [ -0.04552, 51.450798 ], [ -0.045087, 51.451223 ], [ -0.044925, 51.451447 ], [ -0.044788, 51.451691 ], [ -0.044606, 51.451809 ], [ -0.04436, 51.451839 ], [ -0.04399, 51.452071 ], [ -0.043444, 51.452506 ], [ -0.042741, 51.453009 ], [ -0.04223, 51.453393 ], [ -0.041829, 51.453798 ], [ -0.041606, 51.454176 ], [ -0.041363, 51.454574 ], [ -0.041194, 51.454902 ], [ -0.041807, 51.455138 ], [ -0.042347, 51.455488 ], [ -0.04312, 51.455875 ], [ -0.043683, 51.456244 ], [ -0.044002, 51.456448 ], [ -0.044382, 51.45669 ], [ -0.044834, 51.45686 ], [ -0.045285, 51.456926 ], [ -0.045661, 51.457012 ], [ -0.045855, 51.457069 ], [ -0.045508, 51.457814 ], [ -0.045209, 51.458678 ], [ -0.045134, 51.459261 ], [ -0.044995, 51.459728 ], [ -0.044913, 51.45995 ], [ -0.044661, 51.45973 ], [ -0.044425, 51.459369 ], [ -0.044323, 51.459132 ], [ -0.044216, 51.459003 ], [ -0.043869, 51.459039 ], [ -0.043276, 51.459221 ], [ -0.042598, 51.459577 ], [ -0.042119, 51.459935 ], [ -0.041424, 51.460271 ], [ -0.040957, 51.460661 ], [ -0.040723, 51.460938 ], [ -0.040151, 51.461258 ], [ -0.039552, 51.46154 ], [ -0.038973, 51.461708 ], [ -0.038661, 51.461885 ], [ -0.037927, 51.461563 ], [ -0.037288, 51.461264 ], [ -0.037023, 51.461159 ], [ -0.036582, 51.461512 ], [ -0.035888, 51.461187 ], [ -0.035356, 51.461028 ], [ -0.03516, 51.460895 ], [ -0.03475, 51.46104 ], [ -0.034463, 51.460783 ], [ -0.034117, 51.460355 ], [ -0.033961, 51.460067 ], [ -0.033826, 51.459905 ], [ -0.033392, 51.459899 ], [ -0.032509, 51.460054 ], [ -0.032222, 51.460086 ], [ -0.031727, 51.460217 ], [ -0.030999, 51.460802 ], [ -0.030335, 51.461341 ], [ -0.029752, 51.461655 ], [ -0.029242, 51.461942 ], [ -0.028688, 51.461963 ], [ -0.027741, 51.462244 ], [ -0.027291, 51.462433 ], [ -0.026781, 51.462536 ], [ -0.026191, 51.462535 ], [ -0.025631, 51.462432 ], [ -0.025199, 51.462351 ], [ -0.024866, 51.462339 ], [ -0.024846, 51.463254 ], [ -0.024603, 51.463893 ], [ -0.024331, 51.46457 ], [ -0.024112, 51.465251 ], [ -0.023967, 51.465642 ], [ -0.023829, 51.465875 ], [ -0.023654, 51.466396 ], [ -0.023449, 51.466791 ], [ -0.0231, 51.46721 ], [ -0.023012, 51.467371 ], [ -0.022878, 51.467504 ], [ -0.022029, 51.467573 ], [ -0.021456, 51.46758 ], [ -0.02102, 51.467707 ], [ -0.020531, 51.467847 ], [ -0.019794, 51.46806 ], [ -0.019698, 51.468022 ], [ -0.019471, 51.46794 ], [ -0.019269, 51.467862 ], [ -0.018996, 51.467767 ], [ -0.018593, 51.467649 ], [ -0.018239, 51.467535 ], [ -0.017948, 51.467479 ], [ -0.017632, 51.467389 ], [ -0.017395, 51.467349 ], [ -0.017034, 51.467458 ], [ -0.017063, 51.467667 ], [ -0.017083, 51.467916 ], [ -0.017411, 51.468498 ], [ -0.016934, 51.468745 ], [ -0.016236, 51.46905 ], [ -0.016028, 51.468846 ], [ -0.015462, 51.468341 ], [ -0.01472, 51.467868 ], [ -0.014401, 51.468022 ], [ -0.013998, 51.468198 ], [ -0.013431, 51.468434 ], [ -0.013068, 51.468694 ], [ -0.012667, 51.468774 ], [ -0.012727, 51.468928 ], [ -0.012928, 51.469081 ], [ -0.013342, 51.469594 ], [ -0.013728, 51.470008 ], [ -0.013989, 51.470428 ], [ -0.013843, 51.470608 ], [ -0.012782, 51.470831 ], [ -0.012843, 51.470972 ], [ -0.013067, 51.471236 ], [ -0.01351, 51.471655 ], [ -0.013129, 51.472263 ], [ -0.012635, 51.472206 ], [ -0.011976, 51.472188 ], [ -0.011294, 51.472165 ], [ -0.01049, 51.472331 ], [ -0.009919, 51.472363 ], [ -0.009307, 51.472501 ], [ -0.008408, 51.472641 ], [ -0.007849, 51.47268 ], [ -0.007029, 51.472698 ], [ -0.005945, 51.472647 ], [ -0.004741, 51.472557 ], [ -0.003989, 51.472455 ], [ -0.003385, 51.472413 ], [ -0.00285, 51.472185 ], [ -0.001646, 51.471994 ], [ -0.000301, 51.471887 ], [ -0.000045, 51.471907 ], [ 0.00036, 51.471847 ], [ 0.001077, 51.471857 ], [ 0.001438, 51.471871 ], [ 0.002466, 51.471919 ], [ 0.003595, 51.471806 ], [ 0.004405, 51.471858 ], [ 0.004736, 51.471904 ], [ 0.005002, 51.471939 ], [ 0.005714, 51.471951 ], [ 0.00691, 51.472047 ], [ 0.00782, 51.472172 ], [ 0.008965, 51.472321 ], [ 0.010532, 51.472473 ], [ 0.012015, 51.472679 ], [ 0.012986, 51.47282 ], [ 0.013217, 51.472766 ], [ 0.013161, 51.472558 ], [ 0.013199, 51.472295 ], [ 0.013127, 51.471998 ], [ 0.013516, 51.471205 ], [ 0.014073, 51.46996 ], [ 0.013632, 51.469906 ], [ 0.013328, 51.469874 ], [ 0.012364, 51.469776 ], [ 0.01247, 51.46964 ], [ 0.01264, 51.469314 ], [ 0.012734, 51.468788 ], [ 0.01284, 51.468384 ], [ 0.012918, 51.468066 ], [ 0.0127, 51.467895 ], [ 0.012462, 51.467748 ], [ 0.012381, 51.467577 ], [ 0.012522, 51.467366 ], [ 0.01284, 51.46715 ], [ 0.013082, 51.467497 ], [ 0.013421, 51.467654 ], [ 0.01389, 51.467704 ], [ 0.014432, 51.46801 ], [ 0.014726, 51.468102 ], [ 0.014947, 51.468196 ], [ 0.015231, 51.468259 ], [ 0.0156, 51.468368 ], [ 0.015839, 51.468524 ], [ 0.016131, 51.468795 ], [ 0.016362, 51.46911 ], [ 0.016398, 51.469307 ], [ 0.0164, 51.469518 ], [ 0.016355, 51.469734 ], [ 0.016037, 51.470147 ], [ 0.015835, 51.47052 ], [ 0.015568, 51.470885 ], [ 0.015311, 51.471385 ], [ 0.015066, 51.471873 ], [ 0.014727, 51.47246 ], [ 0.014737, 51.472761 ], [ 0.014704, 51.473025 ], [ 0.015514, 51.473189 ], [ 0.016372, 51.473468 ], [ 0.017279, 51.473622 ], [ 0.018125, 51.473752 ], [ 0.018801, 51.473844 ], [ 0.019374, 51.473864 ], [ 0.019901, 51.473914 ], [ 0.021347, 51.473994 ], [ 0.023191, 51.474232 ], [ 0.023908, 51.474365 ], [ 0.024603, 51.47451 ], [ 0.02485, 51.474588 ], [ 0.025314, 51.474677 ], [ 0.02589, 51.474793 ], [ 0.026472, 51.474921 ], [ 0.027056, 51.475027 ], [ 0.027349, 51.475107 ], [ 0.027826, 51.475219 ], [ 0.028125, 51.475349 ], [ 0.028367, 51.475429 ], [ 0.028492, 51.475556 ], [ 0.028443, 51.475661 ], [ 0.028181, 51.475736 ], [ 0.027711, 51.475815 ], [ 0.027305, 51.475833 ], [ 0.027235, 51.476485 ], [ 0.027195, 51.477166 ], [ 0.027193, 51.477435 ], [ 0.026972, 51.477943 ], [ 0.026679, 51.478602 ], [ 0.026528, 51.478947 ], [ 0.026524, 51.47931 ], [ 0.026714, 51.479643 ], [ 0.026896, 51.480214 ], [ 0.027085, 51.48092 ], [ 0.027245, 51.481461 ], [ 0.027277, 51.481992 ], [ 0.02729, 51.482345 ], [ 0.027113, 51.482579 ], [ 0.027003, 51.482755 ], [ 0.026741, 51.482857 ], [ 0.026598, 51.482934 ], [ 0.026176, 51.483364 ], [ 0.025734, 51.483703 ], [ 0.025306, 51.48402 ], [ 0.02512, 51.484318 ], [ 0.024857, 51.484773 ], [ 0.024591, 51.485477 ], [ 0.024084, 51.486063 ], [ 0.023747, 51.48651 ], [ 0.023561, 51.486745 ], [ 0.023362, 51.486896 ], [ 0.023357, 51.487051 ], [ 0.024094, 51.487179 ], [ 0.02463, 51.487327 ], [ 0.024971, 51.487384 ], [ 0.025292, 51.487524 ], [ 0.025369, 51.487682 ], [ 0.025286, 51.488034 ], [ 0.025175, 51.488667 ], [ 0.025112, 51.489263 ], [ 0.024905, 51.490298 ], [ 0.0247, 51.490927 ], [ 0.024526, 51.491584 ], [ 0.024202, 51.492276 ], [ 0.02412, 51.492805 ], [ 0.024125, 51.493267 ], [ 0.024094, 51.493729 ], [ 0.024182, 51.494313 ], [ 0.02409, 51.494857 ], [ 0.024173, 51.495652 ], [ 0.024169, 51.496567 ], [ 0.024928, 51.496608 ], [ 0.025819, 51.496681 ], [ 0.027781, 51.496689 ], [ 0.029173, 51.496711 ], [ 0.031532, 51.497146 ], [ 0.033617, 51.497364 ], [ 0.035496, 51.497682 ], [ 0.038152, 51.497941 ], [ 0.038402, 51.497242 ], [ 0.038677, 51.496008 ], [ 0.038737, 51.493995 ], [ 0.038935, 51.492803 ], [ 0.040071, 51.49151 ], [ 0.042754, 51.492307 ], [ 0.044228, 51.493023 ], [ 0.045183, 51.491488 ], [ 0.045536, 51.490179 ], [ 0.046499, 51.490253 ], [ 0.046686, 51.490523 ], [ 0.047782, 51.490271 ], [ 0.048056, 51.49023 ], [ 0.048324, 51.4893 ], [ 0.050216, 51.486365 ], [ 0.050318, 51.485467 ], [ 0.050079, 51.484945 ], [ 0.04998, 51.483771 ], [ 0.050694, 51.481975 ], [ 0.051191, 51.481365 ], [ 0.051622, 51.480154 ], [ 0.05358, 51.479611 ], [ 0.054394, 51.479208 ], [ 0.057141, 51.478627 ], [ 0.055203, 51.473421 ], [ 0.05519, 51.472846 ], [ 0.05491, 51.471599 ], [ 0.055019, 51.470502 ], [ 0.055467, 51.470378 ], [ 0.055906, 51.470276 ], [ 0.057008, 51.469973 ], [ 0.058569, 51.469663 ], [ 0.060054, 51.471545 ], [ 0.061174, 51.474606 ], [ 0.06137, 51.475882 ], [ 0.060954, 51.476487 ], [ 0.061301, 51.47786 ], [ 0.061394, 51.477979 ], [ 0.062484, 51.478057 ], [ 0.063573, 51.478454 ], [ 0.066506, 51.480906 ], [ 0.066499, 51.481216 ], [ 0.067055, 51.481959 ], [ 0.067391, 51.4831 ], [ 0.067472, 51.485685 ], [ 0.067269, 51.485861 ], [ 0.067781, 51.486602 ], [ 0.068564, 51.487098 ], [ 0.068288, 51.487279 ], [ 0.068705, 51.487909 ], [ 0.068744, 51.488455 ], [ 0.069225, 51.489079 ], [ 0.069732, 51.490341 ], [ 0.070438, 51.491052 ], [ 0.073064, 51.492768 ], [ 0.07386, 51.495018 ], [ 0.072616, 51.496995 ], [ 0.076327, 51.498286 ], [ 0.078268, 51.499572 ], [ 0.081312, 51.502197 ], [ 0.086619, 51.508372 ], [ 0.089416, 51.51003 ], [ 0.091478, 51.510829 ], [ 0.093699, 51.511257 ], [ 0.096141, 51.511356 ], [ 0.096889, 51.511385 ], [ 0.097879, 51.511479 ], [ 0.09938, 51.511653 ], [ 0.100488, 51.51159 ], [ 0.101826, 51.511585 ], [ 0.103483, 51.51148 ], [ 0.105499, 51.511593 ], [ 0.107383, 51.511606 ], [ 0.109273, 51.511877 ], [ 0.111175, 51.512125 ], [ 0.112202, 51.512472 ], [ 0.11471, 51.512985 ], [ 0.117386, 51.513772 ], [ 0.118103, 51.513991 ], [ 0.118305, 51.513841 ], [ 0.118758, 51.513047 ] ] ] } },
{ "type": "Feature", "properties": { "_ROWID_": 557, "pk": 557, "g_unit": 10029533.0, "g_name": "STRAND", "namestatus": "P", "g_language": "eng", "unittype": "PR_DIST", "g_status": "RegD", "nation": "ENGLAND", "g_year": 1851.0, "im_auth": "GBHGIS", "im_note": null, "notes": null }, "geometry": { "type": "MultiPolygon", "coordinates": [ [ [ [ -0.129022, 51.512036 ], [ -0.129054, 51.511041 ], [ -0.130154, 51.511098 ], [ -0.130568, 51.510795 ], [ -0.130497, 51.510212 ], [ -0.130536, 51.51023 ], [ -0.131684, 51.510059 ], [ -0.132342, 51.510537 ], [ -0.133262, 51.511929 ], [ -0.134189, 51.512721 ], [ -0.134315, 51.512898 ], [ -0.135291, 51.514396 ], [ -0.135994, 51.515132 ], [ -0.136667, 51.516022 ], [ -0.131198, 51.516526 ], [ -0.130819, 51.515461 ], [ -0.130233, 51.514114 ], [ -0.129977, 51.51361 ], [ -0.129474, 51.513492 ], [ -0.128993, 51.513239 ], [ -0.128528, 51.512962 ], [ -0.12815, 51.512823 ], [ -0.127795, 51.512797 ], [ -0.127866, 51.512609 ], [ -0.127714, 51.512033 ], [ -0.129022, 51.512036 ] ] ], [ [ [ -0.109695, 51.514918 ], [ -0.109741, 51.514594 ], [ -0.109619, 51.514265 ], [ -0.110254, 51.514091 ], [ -0.110542, 51.51407 ], [ -0.111171, 51.513915 ], [ -0.11142, 51.514085 ], [ -0.111815, 51.514453 ], [ -0.112155, 51.514897 ], [ -0.111954, 51.514447 ], [ -0.111721, 51.513946 ], [ -0.111483, 51.513233 ], [ -0.111234, 51.512647 ], [ -0.110848, 51.512007 ], [ -0.110765, 51.511554 ], [ -0.110516, 51.510995 ], [ -0.110296, 51.510223 ], [ -0.110436, 51.509884 ], [ -0.111292, 51.509896 ], [ -0.111538, 51.509881 ], [ -0.1126, 51.509817 ], [ -0.114409, 51.509545 ], [ -0.115609, 51.509252 ], [ -0.116434, 51.509018 ], [ -0.11667, 51.508949 ], [ -0.117261, 51.508791 ], [ -0.117728, 51.508594 ], [ -0.11822, 51.508415 ], [ -0.118839, 51.508018 ], [ -0.119032, 51.507916 ], [ -0.119895, 51.50852 ], [ -0.120744, 51.509191 ], [ -0.121566, 51.510034 ], [ -0.122125, 51.510442 ], [ -0.120983, 51.510846 ], [ -0.120585, 51.511091 ], [ -0.121077, 51.511578 ], [ -0.121974, 51.511215 ], [ -0.12163, 51.510842 ], [ -0.12212, 51.510682 ], [ -0.122788, 51.51076 ], [ -0.12332, 51.510649 ], [ -0.123745, 51.510526 ], [ -0.123956, 51.510524 ], [ -0.124008, 51.510232 ], [ -0.124446, 51.510184 ], [ -0.124797, 51.510144 ], [ -0.125513, 51.510151 ], [ -0.126215, 51.510543 ], [ -0.126269, 51.510797 ], [ -0.126076, 51.510915 ], [ -0.126082, 51.511113 ], [ -0.126399, 51.511188 ], [ -0.126429, 51.511735 ], [ -0.126396, 51.511968 ], [ -0.125694, 51.512286 ], [ -0.124845, 51.512805 ], [ -0.124051, 51.513229 ], [ -0.123377, 51.513539 ], [ -0.122914, 51.513801 ], [ -0.122245, 51.513701 ], [ -0.121516, 51.513338 ], [ -0.12097, 51.512659 ], [ -0.120406, 51.512239 ], [ -0.119956, 51.512122 ], [ -0.119516, 51.512298 ], [ -0.119905, 51.513012 ], [ -0.119992, 51.513198 ], [ -0.119641, 51.513526 ], [ -0.120161, 51.513707 ], [ -0.119607, 51.514113 ], [ -0.118892, 51.514491 ], [ -0.118285, 51.514814 ], [ -0.118201, 51.514873 ], [ -0.117732, 51.514474 ], [ -0.117155, 51.514747 ], [ -0.116351, 51.515056 ], [ -0.115742, 51.515289 ], [ -0.115133, 51.515539 ], [ -0.114534, 51.515636 ], [ -0.112868, 51.515888 ], [ -0.11197, 51.516001 ], [ -0.112413, 51.516479 ], [ -0.111596, 51.516541 ], [ -0.111177, 51.516573 ], [ -0.110426, 51.516802 ], [ -0.109592, 51.516406 ], [ -0.109817, 51.515481 ], [ -0.10989, 51.514937 ], [ -0.109695, 51.514918 ] ] ] ] } },
{ "type": "Feature", "properties": { "_ROWID_": 558, "pk": 558, "g_unit": 10029752.0, "g_name": "ST GEORGE IN THE EAST", "namestatus": "P", "g_language": "eng", "unittype": "PR_DIST", "g_status": "RegD", "nation": "ENGLAND", "g_year": 1851.0, "im_auth": "GBHGIS", "im_note": null, "notes": null }, "geometry": { "type": "Polygon", "coordinates": [ [ [ -0.066121, 51.515159 ], [ -0.063159, 51.515016 ], [ -0.061656, 51.514982 ], [ -0.059767, 51.515007 ], [ -0.057846, 51.514858 ], [ -0.055805, 51.514673 ], [ -0.054266, 51.514687 ], [ -0.053223, 51.514657 ], [ -0.052456, 51.514768 ], [ -0.051949, 51.514256 ], [ -0.051569, 51.513852 ], [ -0.050764, 51.51343 ], [ -0.050224, 51.513321 ], [ -0.050172, 51.512224 ], [ -0.05013, 51.51101 ], [ -0.052117, 51.510895 ], [ -0.053264, 51.510887 ], [ -0.05382, 51.511178 ], [ -0.054491, 51.511355 ], [ -0.05551, 51.511368 ], [ -0.056247, 51.511382 ], [ -0.056864, 51.51138 ], [ -0.056601, 51.509538 ], [ -0.055831, 51.509434 ], [ -0.055484, 51.509369 ], [ -0.055175, 51.50875 ], [ -0.054835, 51.508035 ], [ -0.054591, 51.507733 ], [ -0.054115, 51.507322 ], [ -0.05437, 51.507311 ], [ -0.054286, 51.506735 ], [ -0.054038, 51.506187 ], [ -0.053444, 51.505636 ], [ -0.052982, 51.505026 ], [ -0.052557, 51.50461 ], [ -0.05214, 51.504312 ], [ -0.052425, 51.50415 ], [ -0.053161, 51.504837 ], [ -0.053646, 51.505456 ], [ -0.0539, 51.505846 ], [ -0.054567, 51.506106 ], [ -0.055402, 51.506227 ], [ -0.055893, 51.505942 ], [ -0.056416, 51.505628 ], [ -0.057291, 51.505132 ], [ -0.057945, 51.504866 ], [ -0.058396, 51.504678 ], [ -0.059312, 51.504675 ], [ -0.060194, 51.504721 ], [ -0.060945, 51.504627 ], [ -0.061339, 51.504334 ], [ -0.061583, 51.504179 ], [ -0.062596, 51.504236 ], [ -0.064331, 51.504535 ], [ -0.064971, 51.504689 ], [ -0.065568, 51.504907 ], [ -0.066169, 51.504964 ], [ -0.066361, 51.505018 ], [ -0.066045, 51.505496 ], [ -0.065696, 51.505767 ], [ -0.065239, 51.506076 ], [ -0.065308, 51.506946 ], [ -0.065536, 51.508479 ], [ -0.064644, 51.508616 ], [ -0.064781, 51.508924 ], [ -0.065058, 51.510161 ], [ -0.065613, 51.51018 ], [ -0.066052, 51.511432 ], [ -0.066387, 51.512267 ], [ -0.066612, 51.513062 ], [ -0.066533, 51.513589 ], [ -0.066273, 51.514413 ], [ -0.066161, 51.514763 ], [ -0.066121, 51.515159 ] ] ] } },
{ "type": "Feature", "properties": { "_ROWID_": 559, "pk": 559, "g_unit": 10055726.0, "g_name": "ST JAMES", "namestatus": "P", "g_language": "eng", "unittype": "PR_DIST", "g_status": "RegD", "nation": "ENGLAND", "g_year": 1851.0, "im_auth": "GBHGIS", "im_note": null, "notes": null }, "geometry": { "type": "Polygon", "coordinates": [ [ [ -0.138458, 51.515839 ], [ -0.136667, 51.516022 ], [ -0.135994, 51.515132 ], [ -0.135291, 51.514396 ], [ -0.134315, 51.512898 ], [ -0.134189, 51.512721 ], [ -0.133262, 51.511929 ], [ -0.132342, 51.510537 ], [ -0.134188, 51.510353 ], [ -0.13406, 51.510062 ], [ -0.132966, 51.509134 ], [ -0.132067, 51.507943 ], [ -0.131286, 51.508122 ], [ -0.131125, 51.5076 ], [ -0.131446, 51.50747 ], [ -0.132686, 51.507179 ], [ -0.135306, 51.506479 ], [ -0.138148, 51.505538 ], [ -0.138444, 51.505673 ], [ -0.141157, 51.504678 ], [ -0.141485, 51.504719 ], [ -0.141681, 51.504945 ], [ -0.142007, 51.505782 ], [ -0.142616, 51.506378 ], [ -0.140783, 51.507011 ], [ -0.141863, 51.508153 ], [ -0.14061, 51.508617 ], [ -0.141393, 51.509161 ], [ -0.141871, 51.50961 ], [ -0.142098, 51.509958 ], [ -0.14259, 51.509807 ], [ -0.142996, 51.510177 ], [ -0.143433, 51.510595 ], [ -0.143917, 51.510963 ], [ -0.143105, 51.511659 ], [ -0.142059, 51.512501 ], [ -0.141625, 51.512944 ], [ -0.141772, 51.513183 ], [ -0.142221, 51.513808 ], [ -0.142725, 51.514041 ], [ -0.143221, 51.514488 ], [ -0.143502, 51.514958 ], [ -0.143477, 51.51524 ], [ -0.142904, 51.515362 ], [ -0.141448, 51.515518 ], [ -0.140413, 51.51565 ], [ -0.139296, 51.51577 ], [ -0.138458, 51.515839 ] ] ] } },
{ "type": "Feature", "properties": { "_ROWID_": 560, "pk": 560, "g_unit": 10111584.0, "g_name": "ST MARTIN IN THE FIELDS", "namestatus": "P", "g_language": "eng", "unittype": "PR_DIST", "g_status": "RegD", "nation": "ENGLAND", "g_year": 1851.0, "im_auth": "GBHGIS", "im_note": null, "notes": null }, "geometry": { "type": "Polygon", "coordinates": [ [ [ -0.122601, 51.514822 ], [ -0.121511, 51.514311 ], [ -0.120716, 51.513987 ], [ -0.120161, 51.513707 ], [ -0.119641, 51.513526 ], [ -0.119992, 51.513198 ], [ -0.119905, 51.513012 ], [ -0.119516, 51.512298 ], [ -0.119956, 51.512122 ], [ -0.120406, 51.512239 ], [ -0.12097, 51.512659 ], [ -0.121516, 51.513338 ], [ -0.122245, 51.513701 ], [ -0.122914, 51.513801 ], [ -0.123377, 51.513539 ], [ -0.124051, 51.513229 ], [ -0.124845, 51.512805 ], [ -0.125694, 51.512286 ], [ -0.126396, 51.511968 ], [ -0.126429, 51.511735 ], [ -0.126399, 51.511188 ], [ -0.126082, 51.511113 ], [ -0.126076, 51.510915 ], [ -0.126269, 51.510797 ], [ -0.126215, 51.510543 ], [ -0.125513, 51.510151 ], [ -0.124797, 51.510144 ], [ -0.124446, 51.510184 ], [ -0.124008, 51.510232 ], [ -0.123956, 51.510524 ], [ -0.123745, 51.510526 ], [ -0.12332, 51.510649 ], [ -0.122788, 51.51076 ], [ -0.12212, 51.510682 ], [ -0.12163, 51.510842 ], [ -0.121974, 51.511215 ], [ -0.121077, 51.511578 ], [ -0.120585, 51.511091 ], [ -0.120983, 51.510846 ], [ -0.122125, 51.510442 ], [ -0.121566, 51.510034 ], [ -0.120744, 51.509191 ], [ -0.119895, 51.50852 ], [ -0.119032, 51.507916 ], [ -0.120345, 51.50698 ], [ -0.121471, 51.505256 ], [ -0.125571, 51.505282 ], [ -0.129707, 51.504699 ], [ -0.140921, 51.501294 ], [ -0.142711, 51.500621 ], [ -0.144151, 51.502312 ], [ -0.148868, 51.502063 ], [ -0.149632, 51.50025 ], [ -0.153203, 51.503029 ], [ -0.152351, 51.503175 ], [ -0.143718, 51.507409 ], [ -0.142616, 51.506378 ], [ -0.142007, 51.505782 ], [ -0.141681, 51.504945 ], [ -0.141485, 51.504719 ], [ -0.141157, 51.504678 ], [ -0.138444, 51.505673 ], [ -0.138148, 51.505538 ], [ -0.135306, 51.506479 ], [ -0.132686, 51.507179 ], [ -0.131446, 51.50747 ], [ -0.131125, 51.5076 ], [ -0.131286, 51.508122 ], [ -0.132067, 51.507943 ], [ -0.132966, 51.509134 ], [ -0.13406, 51.510062 ], [ -0.134188, 51.510353 ], [ -0.132342, 51.510537 ], [ -0.131684, 51.510059 ], [ -0.130536, 51.51023 ], [ -0.130497, 51.510212 ], [ -0.130568, 51.510795 ], [ -0.130154, 51.511098 ], [ -0.129054, 51.511041 ], [ -0.129022, 51.512036 ], [ -0.127714, 51.512033 ], [ -0.127866, 51.512609 ], [ -0.127795, 51.512797 ], [ -0.127115, 51.513344 ], [ -0.126134, 51.513787 ], [ -0.125069, 51.514234 ], [ -0.124499, 51.514462 ], [ -0.124095, 51.514798 ], [ -0.123551, 51.515147 ], [ -0.123342, 51.515301 ], [ -0.122889, 51.514963 ], [ -0.122601, 51.514822 ] ] ] } },
{ "type": "Feature", "properties": { "_ROWID_": 561, "pk": 561, "g_unit": 10139648.0, "g_name": "ST GEORGES", "namestatus": "P", "g_language": "eng", "unittype": "PR_DIST", "g_status": "RegD", "nation": "ENGLAND", "g_year": 1851.0, "im_auth": "GBHGIS", "im_note": null, "notes": null }, "geometry": { "type": "Polygon", "coordinates": [ [ [ -0.148918, 51.514591 ], [ -0.146305, 51.514875 ], [ -0.143477, 51.51524 ], [ -0.143502, 51.514958 ], [ -0.143221, 51.514488 ], [ -0.142725, 51.514041 ], [ -0.142221, 51.513808 ], [ -0.141772, 51.513183 ], [ -0.141625, 51.512944 ], [ -0.142059, 51.512501 ], [ -0.143105, 51.511659 ], [ -0.143917, 51.510963 ], [ -0.143433, 51.510595 ], [ -0.142996, 51.510177 ], [ -0.14259, 51.509807 ], [ -0.142098, 51.509958 ], [ -0.141871, 51.50961 ], [ -0.141393, 51.509161 ], [ -0.14061, 51.508617 ], [ -0.141863, 51.508153 ], [ -0.140783, 51.507011 ], [ -0.142616, 51.506378 ], [ -0.143718, 51.507409 ], [ -0.152351, 51.503175 ], [ -0.153203, 51.503029 ], [ -0.149632, 51.50025 ], [ -0.148868, 51.502063 ], [ -0.144151, 51.502312 ], [ -0.142711, 51.500621 ], [ -0.143457, 51.499187 ], [ -0.143263, 51.497028 ], [ -0.140539, 51.493894 ], [ -0.13927, 51.492424 ], [ -0.137863, 51.490945 ], [ -0.131941, 51.487247 ], [ -0.130597, 51.485619 ], [ -0.13177, 51.485167 ], [ -0.132989, 51.48473 ], [ -0.134932, 51.484358 ], [ -0.136374, 51.484161 ], [ -0.13805, 51.483927 ], [ -0.139776, 51.483906 ], [ -0.141261, 51.484035 ], [ -0.143497, 51.484321 ], [ -0.145505, 51.484548 ], [ -0.146945, 51.484675 ], [ -0.148121, 51.484755 ], [ -0.149104, 51.48479 ], [ -0.149586, 51.484732 ], [ -0.150863, 51.484548 ], [ -0.152368, 51.484252 ], [ -0.152948, 51.484133 ], [ -0.153476, 51.48399 ], [ -0.153801, 51.485199 ], [ -0.152748, 51.486189 ], [ -0.152367, 51.486742 ], [ -0.151689, 51.48747 ], [ -0.151039, 51.488297 ], [ -0.15067, 51.488952 ], [ -0.150384, 51.489549 ], [ -0.151004, 51.489712 ], [ -0.151845, 51.489762 ], [ -0.152432, 51.489858 ], [ -0.152954, 51.48992 ], [ -0.153404, 51.489836 ], [ -0.15406, 51.48989 ], [ -0.154344, 51.489952 ], [ -0.154754, 51.490186 ], [ -0.155199, 51.490411 ], [ -0.155368, 51.490587 ], [ -0.155881, 51.490925 ], [ -0.156122, 51.491261 ], [ -0.156203, 51.492036 ], [ -0.156406, 51.492852 ], [ -0.156565, 51.493316 ], [ -0.156538, 51.493827 ], [ -0.156779, 51.494447 ], [ -0.157051, 51.494728 ], [ -0.156625, 51.495038 ], [ -0.156858, 51.495799 ], [ -0.157201, 51.496807 ], [ -0.15749, 51.497663 ], [ -0.158081, 51.498345 ], [ -0.158702, 51.498833 ], [ -0.158646, 51.499407 ], [ -0.158709, 51.499924 ], [ -0.158595, 51.500702 ], [ -0.158696, 51.501098 ], [ -0.159137, 51.501936 ], [ -0.159691, 51.502246 ], [ -0.159217, 51.50227 ], [ -0.159477, 51.502601 ], [ -0.15966, 51.502849 ], [ -0.160529, 51.504193 ], [ -0.161286, 51.504644 ], [ -0.162223, 51.504809 ], [ -0.165747, 51.505311 ], [ -0.169512, 51.505392 ], [ -0.172879, 51.505982 ], [ -0.173729, 51.506294 ], [ -0.174683, 51.507037 ], [ -0.17623, 51.508794 ], [ -0.176435, 51.510012 ], [ -0.176638, 51.510701 ], [ -0.176776, 51.511273 ], [ -0.176915, 51.511605 ], [ -0.17513, 51.511761 ], [ -0.172561, 51.512017 ], [ -0.171026, 51.512107 ], [ -0.169921, 51.512324 ], [ -0.16843, 51.512466 ], [ -0.166945, 51.512618 ], [ -0.166595, 51.512624 ], [ -0.167, 51.513522 ], [ -0.166161, 51.513657 ], [ -0.165411, 51.512727 ], [ -0.163653, 51.513001 ], [ -0.162495, 51.513228 ], [ -0.162174, 51.513275 ], [ -0.161677, 51.513325 ], [ -0.160546, 51.513438 ], [ -0.15865, 51.513627 ], [ -0.157199, 51.513776 ], [ -0.154833, 51.513986 ], [ -0.152575, 51.514243 ], [ -0.150508, 51.514394 ], [ -0.148918, 51.514591 ] ] ] } },
{ "type": "Feature", "properties": { "_ROWID_": 563, "pk": 563, "g_unit": 10005220.0, "g_name": "ST SAVIOURS", "namestatus": "O", "g_language": "eng", "unittype": "PR_DIST", "g_status": "RegD", "nation": "ENGLAND", "g_year": 1851.0, "im_auth": "GBHGIS", "im_note": null, "notes": null }, "geometry": { "type": "Polygon", "coordinates": [ [ [ -0.110436, 51.509884 ], [ -0.106911, 51.509901 ], [ -0.105079, 51.50995 ], [ -0.104383, 51.509966 ], [ -0.104339, 51.508586 ], [ -0.103685, 51.508685 ], [ -0.103851, 51.509966 ], [ -0.101453, 51.509828 ], [ -0.100207, 51.509837 ], [ -0.098359, 51.509651 ], [ -0.098104, 51.509625 ], [ -0.095857, 51.509418 ], [ -0.094201, 51.509103 ], [ -0.093108, 51.508861 ], [ -0.091854, 51.508537 ], [ -0.090949, 51.508216 ], [ -0.089774, 51.508064 ], [ -0.088445, 51.507988 ], [ -0.087476, 51.507915 ], [ -0.086912, 51.507781 ], [ -0.087297, 51.507035 ], [ -0.087569, 51.506408 ], [ -0.087761, 51.506124 ], [ -0.088253, 51.505761 ], [ -0.088995, 51.505186 ], [ -0.086742, 51.504294 ], [ -0.087058, 51.504126 ], [ -0.087238, 51.503949 ], [ -0.087503, 51.503623 ], [ -0.088031, 51.502816 ], [ -0.088121, 51.502576 ], [ -0.087859, 51.502463 ], [ -0.087852, 51.50224 ], [ -0.088892, 51.502073 ], [ -0.091652, 51.503301 ], [ -0.091235, 51.503801 ], [ -0.092665, 51.50388 ], [ -0.09391, 51.50233 ], [ -0.094757, 51.502811 ], [ -0.096586, 51.503273 ], [ -0.097705, 51.502148 ], [ -0.100578, 51.50187 ], [ -0.101173, 51.502548 ], [ -0.104291, 51.502126 ], [ -0.105756, 51.502039 ], [ -0.10578, 51.502347 ], [ -0.106494, 51.502093 ], [ -0.107189, 51.502919 ], [ -0.106207, 51.503256 ], [ -0.106351, 51.503854 ], [ -0.106312, 51.504377 ], [ -0.106115, 51.50466 ], [ -0.106126, 51.504831 ], [ -0.106298, 51.505172 ], [ -0.106612, 51.505407 ], [ -0.107193, 51.505889 ], [ -0.107506, 51.506065 ], [ -0.107792, 51.506429 ], [ -0.107854, 51.506653 ], [ -0.108019, 51.506881 ], [ -0.10816, 51.507116 ], [ -0.108294, 51.507398 ], [ -0.10846, 51.50779 ], [ -0.109674, 51.507503 ], [ -0.109761, 51.508001 ], [ -0.109994, 51.508798 ], [ -0.11, 51.509321 ], [ -0.110108, 51.509579 ], [ -0.110436, 51.509884 ] ] ] } },
{ "type": "Feature", "properties": { "_ROWID_": 564, "pk": 564, "g_unit": 10202516.0, "g_name": "LAMBETH", "namestatus": "P", "g_language": "eng", "unittype": "PR_DIST", "g_status": "RegD", "nation": "ENGLAND", "g_year": 1851.0, "im_auth": "GBHGIS", "im_note": null, "notes": null }, "geometry": { "type": "Polygon", "coordinates": [ [ [ -0.110436, 51.509884 ], [ -0.110108, 51.509579 ], [ -0.11, 51.509321 ], [ -0.109994, 51.508798 ], [ -0.109761, 51.508001 ], [ -0.109674, 51.507503 ], [ -0.10846, 51.50779 ], [ -0.108294, 51.507398 ], [ -0.10816, 51.507116 ], [ -0.108019, 51.506881 ], [ -0.107854, 51.506653 ], [ -0.107792, 51.506429 ], [ -0.107506, 51.506065 ], [ -0.107193, 51.505889 ], [ -0.106612, 51.505407 ], [ -0.106298, 51.505172 ], [ -0.106126, 51.504831 ], [ -0.106115, 51.50466 ], [ -0.106312, 51.504377 ], [ -0.106351, 51.503854 ], [ -0.106207, 51.503256 ], [ -0.107189, 51.502919 ], [ -0.106494, 51.502093 ], [ -0.10578, 51.502347 ], [ -0.105756, 51.502039 ], [ -0.106204, 51.50175 ], [ -0.106816, 51.501339 ], [ -0.107299, 51.500941 ], [ -0.107983, 51.500494 ], [ -0.108303, 51.500227 ], [ -0.108506, 51.499936 ], [ -0.108664, 51.499482 ], [ -0.10935, 51.498609 ], [ -0.109577, 51.498196 ], [ -0.109918, 51.497611 ], [ -0.11049, 51.496664 ], [ -0.111879, 51.496433 ], [ -0.111268, 51.495482 ], [ -0.110852, 51.495277 ], [ -0.110256, 51.495099 ], [ -0.109165, 51.494715 ], [ -0.108075, 51.494484 ], [ -0.106594, 51.493885 ], [ -0.104443, 51.49325 ], [ -0.104231, 51.492951 ], [ -0.103513, 51.492452 ], [ -0.102672, 51.491822 ], [ -0.103569, 51.491144 ], [ -0.10333, 51.491047 ], [ -0.10374, 51.490442 ], [ -0.104824, 51.489496 ], [ -0.105491, 51.48871 ], [ -0.106332, 51.48777 ], [ -0.107143, 51.487098 ], [ -0.107988, 51.486218 ], [ -0.108869, 51.485541 ], [ -0.108584, 51.485359 ], [ -0.108184, 51.485194 ], [ -0.107415, 51.485003 ], [ -0.106813, 51.484836 ], [ -0.106632, 51.484675 ], [ -0.106664, 51.484328 ], [ -0.106887, 51.48364 ], [ -0.105802, 51.483009 ], [ -0.105361, 51.482823 ], [ -0.104896, 51.482316 ], [ -0.104355, 51.481687 ], [ -0.104, 51.481249 ], [ -0.103445, 51.480707 ], [ -0.102976, 51.479913 ], [ -0.102458, 51.479111 ], [ -0.102063, 51.478794 ], [ -0.100881, 51.47909 ], [ -0.100128, 51.478172 ], [ -0.10105, 51.477778 ], [ -0.101516, 51.477493 ], [ -0.10175, 51.47736 ], [ -0.101996, 51.477259 ], [ -0.102811, 51.476928 ], [ -0.103554, 51.476546 ], [ -0.104588, 51.476065 ], [ -0.105526, 51.475588 ], [ -0.105419, 51.475395 ], [ -0.105171, 51.475149 ], [ -0.104953, 51.474704 ], [ -0.105115, 51.474604 ], [ -0.105375, 51.474366 ], [ -0.105614, 51.474226 ], [ -0.106031, 51.473949 ], [ -0.106281, 51.47379 ], [ -0.106658, 51.473303 ], [ -0.106682, 51.473092 ], [ -0.10665, 51.472842 ], [ -0.106569, 51.472551 ], [ -0.106614, 51.472209 ], [ -0.106661, 51.471881 ], [ -0.106306, 51.471496 ], [ -0.105792, 51.471094 ], [ -0.105465, 51.470648 ], [ -0.105074, 51.470623 ], [ -0.104587, 51.470108 ], [ -0.104423, 51.470097 ], [ -0.103855, 51.470078 ], [ -0.102927, 51.470044 ], [ -0.102306, 51.47008 ], [ -0.101639, 51.470095 ], [ -0.101328, 51.470003 ], [ -0.101129, 51.470004 ], [ -0.10072, 51.4701 ], [ -0.100331, 51.470184 ], [ -0.099841, 51.470383 ], [ -0.099428, 51.470453 ], [ -0.09914, 51.470516 ], [ -0.098532, 51.470639 ], [ -0.09789, 51.470884 ], [ -0.097639, 51.471138 ], [ -0.097522, 51.47149 ], [ -0.097515, 51.471722 ], [ -0.097523, 51.471993 ], [ -0.09755, 51.472491 ], [ -0.09745, 51.472971 ], [ -0.097422, 51.473423 ], [ -0.097532, 51.474151 ], [ -0.097811, 51.474911 ], [ -0.097176, 51.475018 ], [ -0.096404, 51.475197 ], [ -0.095652, 51.475259 ], [ -0.094873, 51.475478 ], [ -0.093447, 51.475574 ], [ -0.093293, 51.475384 ], [ -0.0931, 51.474949 ], [ -0.092952, 51.474392 ], [ -0.092893, 51.473982 ], [ -0.093068, 51.473405 ], [ -0.092952, 51.47275 ], [ -0.092869, 51.472149 ], [ -0.092697, 51.471569 ], [ -0.092734, 51.471209 ], [ -0.092769, 51.470776 ], [ -0.092716, 51.47012 ], [ -0.092477, 51.469822 ], [ -0.092071, 51.46901 ], [ -0.091777, 51.468599 ], [ -0.09125, 51.467758 ], [ -0.090546, 51.466937 ], [ -0.090387, 51.466655 ], [ -0.089984, 51.466133 ], [ -0.089944, 51.465722 ], [ -0.089943, 51.46542 ], [ -0.090197, 51.465013 ], [ -0.090342, 51.46406 ], [ -0.090498, 51.463348 ], [ -0.090823, 51.4627 ], [ -0.09127, 51.461981 ], [ -0.091815, 51.461315 ], [ -0.092495, 51.460727 ], [ -0.093275, 51.460029 ], [ -0.094068, 51.459228 ], [ -0.094727, 51.458588 ], [ -0.095107, 51.458039 ], [ -0.094704, 51.457811 ], [ -0.094373, 51.457634 ], [ -0.093807, 51.457196 ], [ -0.093156, 51.456789 ], [ -0.092623, 51.456327 ], [ -0.092164, 51.45599 ], [ -0.091827, 51.455679 ], [ -0.091543, 51.45579 ], [ -0.09118, 51.455934 ], [ -0.090746, 51.45605 ], [ -0.090505, 51.456041 ], [ -0.090398, 51.455771 ], [ -0.090092, 51.455409 ], [ -0.089541, 51.454857 ], [ -0.089087, 51.454433 ], [ -0.088582, 51.454096 ], [ -0.088849, 51.453932 ], [ -0.08929, 51.453638 ], [ -0.089833, 51.453418 ], [ -0.090349, 51.453337 ], [ -0.091055, 51.453283 ], [ -0.091874, 51.453246 ], [ -0.092912, 51.453181 ], [ -0.094009, 51.453066 ], [ -0.095305, 51.452938 ], [ -0.095613, 51.45323 ], [ -0.096678, 51.454034 ], [ -0.097864, 51.454865 ], [ -0.098641, 51.455435 ], [ -0.098897, 51.455274 ], [ -0.099476, 51.454953 ], [ -0.099886, 51.454644 ], [ -0.100453, 51.454307 ], [ -0.100661, 51.454157 ], [ -0.100846, 51.453896 ], [ -0.100783, 51.453613 ], [ -0.100821, 51.453249 ], [ -0.100884, 51.452801 ], [ -0.101221, 51.452326 ], [ -0.10126, 51.452124 ], [ -0.10107, 51.451888 ], [ -0.100747, 51.451204 ], [ -0.100605, 51.450505 ], [ -0.100822, 51.450265 ], [ -0.100954, 51.449954 ], [ -0.101249, 51.449644 ], [ -0.101658, 51.449234 ], [ -0.101947, 51.44876 ], [ -0.102377, 51.448373 ], [ -0.102833, 51.448011 ], [ -0.10321, 51.447678 ], [ -0.103783, 51.447296 ], [ -0.104318, 51.446944 ], [ -0.104657, 51.446552 ], [ -0.104883, 51.446235 ], [ -0.104906, 51.445789 ], [ -0.104884, 51.445292 ], [ -0.104793, 51.444635 ], [ -0.104901, 51.444025 ], [ -0.105095, 51.443229 ], [ -0.105455, 51.442471 ], [ -0.10607, 51.441782 ], [ -0.106032, 51.441461 ], [ -0.106113, 51.440983 ], [ -0.105511, 51.440955 ], [ -0.104822, 51.440897 ], [ -0.103784, 51.440721 ], [ -0.10291, 51.440451 ], [ -0.101969, 51.440063 ], [ -0.101067, 51.43944 ], [ -0.100411, 51.438836 ], [ -0.099649, 51.438245 ], [ -0.099346, 51.438362 ], [ -0.098778, 51.438673 ], [ -0.09817, 51.43904 ], [ -0.097721, 51.439386 ], [ -0.096951, 51.439768 ], [ -0.096328, 51.44017 ], [ -0.095751, 51.440343 ], [ -0.09522, 51.440581 ], [ -0.095034, 51.440877 ], [ -0.094993, 51.441221 ], [ -0.094979, 51.441651 ], [ -0.09492, 51.44217 ], [ -0.094873, 51.442631 ], [ -0.094613, 51.443117 ], [ -0.093983, 51.443366 ], [ -0.093731, 51.443138 ], [ -0.093424, 51.442711 ], [ -0.092962, 51.44227 ], [ -0.092668, 51.441676 ], [ -0.092432, 51.44116 ], [ -0.091915, 51.440315 ], [ -0.091618, 51.439492 ], [ -0.091097, 51.438768 ], [ -0.090516, 51.437854 ], [ -0.089885, 51.436547 ], [ -0.089497, 51.435794 ], [ -0.089507, 51.435105 ], [ -0.089061, 51.434083 ], [ -0.088924, 51.433159 ], [ -0.088528, 51.432085 ], [ -0.088201, 51.431129 ], [ -0.087838, 51.430136 ], [ -0.087306, 51.429341 ], [ -0.086638, 51.428977 ], [ -0.085692, 51.42875 ], [ -0.085104, 51.428685 ], [ -0.084888, 51.428345 ], [ -0.085182, 51.427853 ], [ -0.084517, 51.427474 ], [ -0.083874, 51.426887 ], [ -0.083115, 51.425694 ], [ -0.082594, 51.424664 ], [ -0.082445, 51.423657 ], [ -0.082562, 51.422872 ], [ -0.080998, 51.423237 ], [ -0.081146, 51.422188 ], [ -0.081119, 51.421712 ], [ -0.080652, 51.421769 ], [ -0.079914, 51.421816 ], [ -0.079706, 51.421527 ], [ -0.079277, 51.42128 ], [ -0.079619, 51.420551 ], [ -0.078719, 51.420321 ], [ -0.079161, 51.419429 ], [ -0.079372, 51.419391 ], [ -0.079935, 51.419368 ], [ -0.08169, 51.419369 ], [ -0.083457, 51.419421 ], [ -0.085006, 51.419159 ], [ -0.086327, 51.418825 ], [ -0.087659, 51.419187 ], [ -0.088788, 51.41959 ], [ -0.089275, 51.420397 ], [ -0.089529, 51.421194 ], [ -0.090312, 51.421556 ], [ -0.091189, 51.422085 ], [ -0.091788, 51.422592 ], [ -0.092918, 51.422757 ], [ -0.094558, 51.422818 ], [ -0.095603, 51.422696 ], [ -0.097569, 51.422648 ], [ -0.099206, 51.422657 ], [ -0.100792, 51.422679 ], [ -0.10263, 51.42271 ], [ -0.104163, 51.422711 ], [ -0.105561, 51.422666 ], [ -0.106524, 51.422689 ], [ -0.107806, 51.422873 ], [ -0.109121, 51.423135 ], [ -0.110384, 51.423145 ], [ -0.111672, 51.423162 ], [ -0.112692, 51.423356 ], [ -0.114787, 51.423413 ], [ -0.114061, 51.425269 ], [ -0.111668, 51.42519 ], [ -0.111689, 51.425642 ], [ -0.111715, 51.426439 ], [ -0.111962, 51.427933 ], [ -0.11215, 51.429154 ], [ -0.112338, 51.430096 ], [ -0.112879, 51.431283 ], [ -0.113691, 51.432684 ], [ -0.114264, 51.433888 ], [ -0.114695, 51.434828 ], [ -0.114965, 51.435691 ], [ -0.115037, 51.436073 ], [ -0.115209, 51.436681 ], [ -0.115456, 51.437131 ], [ -0.115627, 51.437541 ], [ -0.115625, 51.437912 ], [ -0.115568, 51.438265 ], [ -0.115517, 51.438675 ], [ -0.115479, 51.438997 ], [ -0.115465, 51.43955 ], [ -0.115402, 51.439857 ], [ -0.114776, 51.440325 ], [ -0.114012, 51.440948 ], [ -0.11371, 51.441185 ], [ -0.113262, 51.441672 ], [ -0.112975, 51.442011 ], [ -0.112872, 51.442188 ], [ -0.113143, 51.44252 ], [ -0.113479, 51.442861 ], [ -0.113733, 51.443384 ], [ -0.113882, 51.443841 ], [ -0.114151, 51.444229 ], [ -0.114371, 51.444471 ], [ -0.11451, 51.444599 ], [ -0.116089, 51.444713 ], [ -0.116838, 51.444798 ], [ -0.11723, 51.444833 ], [ -0.117511, 51.444859 ], [ -0.118449, 51.44428 ], [ -0.119286, 51.443684 ], [ -0.119423, 51.44415 ], [ -0.119819, 51.444929 ], [ -0.120059, 51.445395 ], [ -0.120486, 51.445978 ], [ -0.120921, 51.4465 ], [ -0.121246, 51.446986 ], [ -0.121422, 51.447424 ], [ -0.121461, 51.447753 ], [ -0.121673, 51.448344 ], [ -0.121741, 51.448947 ], [ -0.121781, 51.449317 ], [ -0.121681, 51.449458 ], [ -0.122862, 51.449686 ], [ -0.123935, 51.44857 ], [ -0.124195, 51.447989 ], [ -0.124539, 51.4473 ], [ -0.1247, 51.446669 ], [ -0.124646, 51.446304 ], [ -0.124598, 51.446045 ], [ -0.125837, 51.44671 ], [ -0.126592, 51.447169 ], [ -0.126988, 51.447497 ], [ -0.126059, 51.448082 ], [ -0.12619, 51.448949 ], [ -0.126357, 51.449724 ], [ -0.12647, 51.450665 ], [ -0.126591, 51.451625 ], [ -0.126786, 51.452674 ], [ -0.126809, 51.453349 ], [ -0.12718, 51.453774 ], [ -0.127669, 51.45413 ], [ -0.127754, 51.454401 ], [ -0.12784, 51.455166 ], [ -0.128093, 51.456403 ], [ -0.128331, 51.457337 ], [ -0.128648, 51.457957 ], [ -0.128938, 51.458372 ], [ -0.129063, 51.458973 ], [ -0.128972, 51.459371 ], [ -0.129088, 51.460384 ], [ -0.129254, 51.46167 ], [ -0.129203, 51.462797 ], [ -0.129234, 51.464022 ], [ -0.12926, 51.464992 ], [ -0.12962, 51.465001 ], [ -0.128723, 51.466402 ], [ -0.128136, 51.467327 ], [ -0.127455, 51.468089 ], [ -0.126821, 51.468596 ], [ -0.126609, 51.468674 ], [ -0.127648, 51.468991 ], [ -0.128438, 51.469141 ], [ -0.128339, 51.469666 ], [ -0.128701, 51.470149 ], [ -0.128154, 51.470578 ], [ -0.129349, 51.471755 ], [ -0.128858, 51.472225 ], [ -0.129078, 51.472659 ], [ -0.129621, 51.473299 ], [ -0.130375, 51.474176 ], [ -0.130891, 51.474638 ], [ -0.13132, 51.474973 ], [ -0.13217, 51.474209 ], [ -0.134303, 51.47503 ], [ -0.133517, 51.475651 ], [ -0.133309, 51.475695 ], [ -0.133262, 51.475923 ], [ -0.132956, 51.476339 ], [ -0.132621, 51.476701 ], [ -0.131987, 51.477603 ], [ -0.131489, 51.478257 ], [ -0.131045, 51.478847 ], [ -0.130603, 51.479482 ], [ -0.130193, 51.479905 ], [ -0.129694, 51.480614 ], [ -0.129124, 51.481434 ], [ -0.128827, 51.481899 ], [ -0.12909, 51.482324 ], [ -0.129347, 51.482787 ], [ -0.129083, 51.483613 ], [ -0.128509, 51.484148 ], [ -0.128315, 51.484218 ], [ -0.128673, 51.484932 ], [ -0.129041, 51.485297 ], [ -0.129399, 51.485656 ], [ -0.129818, 51.485974 ], [ -0.128666, 51.486869 ], [ -0.127853, 51.487602 ], [ -0.127134, 51.488445 ], [ -0.126614, 51.48904 ], [ -0.125806, 51.4899 ], [ -0.125268, 51.490492 ], [ -0.124748, 51.491503 ], [ -0.124469, 51.492467 ], [ -0.124423, 51.492826 ], [ -0.123827, 51.493764 ], [ -0.123707, 51.494075 ], [ -0.123645, 51.494408 ], [ -0.123515, 51.495029 ], [ -0.123558, 51.495579 ], [ -0.123265, 51.496279 ], [ -0.123258, 51.496935 ], [ -0.12315, 51.497627 ], [ -0.123178, 51.498326 ], [ -0.12311, 51.498851 ], [ -0.12306, 51.499221 ], [ -0.122981, 51.500132 ], [ -0.122868, 51.501145 ], [ -0.12278, 51.501657 ], [ -0.122659, 51.501981 ], [ -0.122438, 51.502719 ], [ -0.122215, 51.503567 ], [ -0.12189, 51.504486 ], [ -0.121471, 51.505256 ], [ -0.120345, 51.50698 ], [ -0.119032, 51.507916 ], [ -0.118839, 51.508018 ], [ -0.11822, 51.508415 ], [ -0.117728, 51.508594 ], [ -0.117261, 51.508791 ], [ -0.11667, 51.508949 ], [ -0.116434, 51.509018 ], [ -0.115609, 51.509252 ], [ -0.114409, 51.509545 ], [ -0.1126, 51.509817 ], [ -0.111538, 51.509881 ], [ -0.111292, 51.509896 ], [ -0.110436, 51.509884 ] ] ] } },
{ "type": "Feature", "properties": { "_ROWID_": 565, "pk": 565, "g_unit": 10005530.0, "g_name": "ROTHERHITHE", "namestatus": "P", "g_language": "eng", "unittype": "PR_DIST", "g_status": "RegD", "nation": "ENGLAND", "g_year": 1851.0, "im_auth": "GBHGIS", "im_note": null, "notes": null }, "geometry": { "type": "Polygon", "coordinates": [ [ [ -0.05214, 51.504312 ], [ -0.051355, 51.504756 ], [ -0.049812, 51.505459 ], [ -0.048994, 51.505956 ], [ -0.047912, 51.5065 ], [ -0.046528, 51.507241 ], [ -0.045792, 51.507536 ], [ -0.044721, 51.507834 ], [ -0.043108, 51.508104 ], [ -0.040939, 51.508275 ], [ -0.038994, 51.508215 ], [ -0.03742, 51.508186 ], [ -0.035496, 51.507884 ], [ -0.033702, 51.507433 ], [ -0.032098, 51.506732 ], [ -0.031197, 51.506216 ], [ -0.030283, 51.5055 ], [ -0.029602, 51.504807 ], [ -0.029256, 51.503795 ], [ -0.029148, 51.502961 ], [ -0.02918, 51.502132 ], [ -0.028875, 51.501163 ], [ -0.028852, 51.500018 ], [ -0.028975, 51.49907 ], [ -0.029254, 51.497947 ], [ -0.029789, 51.496468 ], [ -0.029702, 51.495276 ], [ -0.029803, 51.494249 ], [ -0.029417, 51.493744 ], [ -0.029222, 51.493273 ], [ -0.030037, 51.493208 ], [ -0.03055, 51.493252 ], [ -0.03149, 51.493253 ], [ -0.03216, 51.493263 ], [ -0.032455, 51.49323 ], [ -0.032593, 51.493274 ], [ -0.032971, 51.493197 ], [ -0.033235, 51.493238 ], [ -0.033557, 51.493207 ], [ -0.033959, 51.493116 ], [ -0.034634, 51.492971 ], [ -0.035192, 51.4928 ], [ -0.03602, 51.492699 ], [ -0.036595, 51.492574 ], [ -0.036749, 51.492463 ], [ -0.03712, 51.492201 ], [ -0.037481, 51.492098 ], [ -0.037775, 51.492136 ], [ -0.038144, 51.49208 ], [ -0.03859, 51.491978 ], [ -0.039043, 51.491927 ], [ -0.039336, 51.492098 ], [ -0.039545, 51.49233 ], [ -0.039725, 51.492549 ], [ -0.039955, 51.492568 ], [ -0.039558, 51.491915 ], [ -0.040475, 51.49158 ], [ -0.039717, 51.490832 ], [ -0.041162, 51.490286 ], [ -0.041975, 51.490003 ], [ -0.041637, 51.489752 ], [ -0.041975, 51.489697 ], [ -0.042728, 51.48978 ], [ -0.043787, 51.489794 ], [ -0.044011, 51.48987 ], [ -0.044064, 51.490066 ], [ -0.044433, 51.490056 ], [ -0.045239, 51.489888 ], [ -0.04593, 51.48974 ], [ -0.046052, 51.490155 ], [ -0.046372, 51.490104 ], [ -0.047528, 51.489847 ], [ -0.048604, 51.489613 ], [ -0.04969, 51.489392 ], [ -0.04949, 51.489134 ], [ -0.049077, 51.488288 ], [ -0.049111, 51.488093 ], [ -0.049281, 51.487915 ], [ -0.049709, 51.487738 ], [ -0.049925, 51.487659 ], [ -0.050443, 51.487558 ], [ -0.051187, 51.487407 ], [ -0.05198, 51.487374 ], [ -0.052756, 51.48724 ], [ -0.053557, 51.487296 ], [ -0.054509, 51.487248 ], [ -0.055663, 51.487209 ], [ -0.057215, 51.487173 ], [ -0.059481, 51.487117 ], [ -0.059944, 51.487041 ], [ -0.060568, 51.487012 ], [ -0.060781, 51.487312 ], [ -0.057858, 51.488165 ], [ -0.057467, 51.488515 ], [ -0.059559, 51.490192 ], [ -0.060814, 51.492102 ], [ -0.057774, 51.492881 ], [ -0.057314, 51.493604 ], [ -0.057261, 51.494044 ], [ -0.057681, 51.494435 ], [ -0.059026, 51.495141 ], [ -0.05944, 51.495485 ], [ -0.059693, 51.496465 ], [ -0.059879, 51.497354 ], [ -0.060017, 51.498286 ], [ -0.060042, 51.499078 ], [ -0.060091, 51.499639 ], [ -0.060256, 51.500048 ], [ -0.060406, 51.500553 ], [ -0.060393, 51.500972 ], [ -0.060195, 51.501664 ], [ -0.059935, 51.502313 ], [ -0.058912, 51.502354 ], [ -0.057421, 51.502543 ], [ -0.056452, 51.502669 ], [ -0.055458, 51.502818 ], [ -0.054416, 51.503229 ], [ -0.053617, 51.503541 ], [ -0.052677, 51.504008 ], [ -0.052425, 51.50415 ], [ -0.05214, 51.504312 ] ] ] } },
{ "type": "Feature", "properties": { "_ROWID_": 566, "pk": 566, "g_unit": 10187795.0, "g_name": "CHELSEA", "namestatus": "P", "g_language": "eng", "unittype": "PR_DIST", "g_status": "RegD", "nation": "ENGLAND", "g_year": 1851.0, "im_auth": "GBHGIS", "im_note": null, "notes": null }, "geometry": { "type": "MultiPolygon", "coordinates": [ [ [ [ -0.156538, 51.493827 ], [ -0.156565, 51.493316 ], [ -0.156406, 51.492852 ], [ -0.156203, 51.492036 ], [ -0.156122, 51.491261 ], [ -0.155881, 51.490925 ], [ -0.155368, 51.490587 ], [ -0.155199, 51.490411 ], [ -0.154754, 51.490186 ], [ -0.154344, 51.489952 ], [ -0.15406, 51.48989 ], [ -0.153404, 51.489836 ], [ -0.152954, 51.48992 ], [ -0.152432, 51.489858 ], [ -0.151845, 51.489762 ], [ -0.151004, 51.489712 ], [ -0.150384, 51.489549 ], [ -0.15067, 51.488952 ], [ -0.151039, 51.488297 ], [ -0.151689, 51.48747 ], [ -0.152367, 51.486742 ], [ -0.152748, 51.486189 ], [ -0.153801, 51.485199 ], [ -0.155293, 51.485641 ], [ -0.156612, 51.485813 ], [ -0.157355, 51.485946 ], [ -0.157669, 51.486048 ], [ -0.159332, 51.485176 ], [ -0.158783, 51.484639 ], [ -0.158527, 51.48393 ], [ -0.158482, 51.483224 ], [ -0.15939, 51.483208 ], [ -0.160202, 51.483069 ], [ -0.161279, 51.483005 ], [ -0.162604, 51.48289 ], [ -0.164838, 51.482509 ], [ -0.166431, 51.482369 ], [ -0.168879, 51.481922 ], [ -0.170738, 51.481433 ], [ -0.171331, 51.481247 ], [ -0.171764, 51.481113 ], [ -0.172154, 51.480993 ], [ -0.173308, 51.480547 ], [ -0.174328, 51.479988 ], [ -0.175028, 51.479521 ], [ -0.175517, 51.479075 ], [ -0.176247, 51.478557 ], [ -0.176464, 51.478057 ], [ -0.177044, 51.47754 ], [ -0.177183, 51.477361 ], [ -0.178499, 51.477599 ], [ -0.179114, 51.477766 ], [ -0.17994, 51.47777 ], [ -0.180659, 51.477644 ], [ -0.181413, 51.477385 ], [ -0.181798, 51.477222 ], [ -0.182076, 51.477171 ], [ -0.182223, 51.477153 ], [ -0.183168, 51.476777 ], [ -0.184085, 51.476534 ], [ -0.184279, 51.47703 ], [ -0.18443, 51.477455 ], [ -0.18476, 51.478057 ], [ -0.185099, 51.478406 ], [ -0.185482, 51.478849 ], [ -0.185725, 51.479402 ], [ -0.186055, 51.479762 ], [ -0.186606, 51.48019 ], [ -0.187764, 51.480836 ], [ -0.186651, 51.481732 ], [ -0.186013, 51.48236 ], [ -0.185287, 51.482883 ], [ -0.184309, 51.48347 ], [ -0.183466, 51.484013 ], [ -0.182696, 51.484518 ], [ -0.181303, 51.485364 ], [ -0.180085, 51.486064 ], [ -0.178562, 51.487016 ], [ -0.177108, 51.487796 ], [ -0.175956, 51.488624 ], [ -0.174687, 51.489466 ], [ -0.17379, 51.490114 ], [ -0.17243, 51.491069 ], [ -0.171318, 51.491771 ], [ -0.170456, 51.492382 ], [ -0.169565, 51.492961 ], [ -0.169066, 51.493268 ], [ -0.168849, 51.493481 ], [ -0.168565, 51.4937 ], [ -0.168519, 51.493909 ], [ -0.167904, 51.493857 ], [ -0.167769, 51.493995 ], [ -0.167396, 51.494292 ], [ -0.166948, 51.494757 ], [ -0.16658, 51.495162 ], [ -0.165497, 51.495943 ], [ -0.164898, 51.496265 ], [ -0.164515, 51.496533 ], [ -0.164082, 51.497059 ], [ -0.16366, 51.497555 ], [ -0.163405, 51.497954 ], [ -0.163238, 51.498104 ], [ -0.162964, 51.498115 ], [ -0.162947, 51.4983 ], [ -0.162877, 51.498632 ], [ -0.162655, 51.498692 ], [ -0.16252, 51.498872 ], [ -0.162244, 51.499467 ], [ -0.162333, 51.49965 ], [ -0.162217, 51.499971 ], [ -0.161983, 51.500537 ], [ -0.161688, 51.501062 ], [ -0.162482, 51.50148 ], [ -0.162144, 51.501754 ], [ -0.161891, 51.501979 ], [ -0.160295, 51.502457 ], [ -0.159701, 51.502522 ], [ -0.159691, 51.502246 ], [ -0.159137, 51.501936 ], [ -0.158696, 51.501098 ], [ -0.158595, 51.500702 ], [ -0.158709, 51.499924 ], [ -0.158646, 51.499407 ], [ -0.158702, 51.498833 ], [ -0.158081, 51.498345 ], [ -0.15749, 51.497663 ], [ -0.157201, 51.496807 ], [ -0.156858, 51.495799 ], [ -0.156625, 51.495038 ], [ -0.157051, 51.494728 ], [ -0.156779, 51.494447 ], [ -0.156538, 51.493827 ] ] ], [ [ [ -0.204272, 51.527001 ], [ -0.2045, 51.525622 ], [ -0.205064, 51.525387 ], [ -0.205489, 51.525087 ], [ -0.205999, 51.525411 ], [ -0.207088, 51.525876 ], [ -0.207635, 51.525811 ], [ -0.208039, 51.525832 ], [ -0.208445, 51.525538 ], [ -0.208814, 51.525016 ], [ -0.209567, 51.524454 ], [ -0.210115, 51.523912 ], [ -0.210385, 51.52374 ], [ -0.210812, 51.523597 ], [ -0.211509, 51.523685 ], [ -0.211934, 51.52382 ], [ -0.212629, 51.524388 ], [ -0.212986, 51.525175 ], [ -0.213411, 51.525791 ], [ -0.213507, 51.52619 ], [ -0.214374, 51.526366 ], [ -0.214728, 51.526475 ], [ -0.214932, 51.526658 ], [ -0.215123, 51.52682 ], [ -0.215281, 51.527238 ], [ -0.215634, 51.527853 ], [ -0.215901, 51.528333 ], [ -0.215856, 51.529078 ], [ -0.215614, 51.529354 ], [ -0.215007, 51.529815 ], [ -0.215036, 51.530208 ], [ -0.215308, 51.530961 ], [ -0.215106, 51.531033 ], [ -0.213617, 51.531472 ], [ -0.212646, 51.531589 ], [ -0.211581, 51.53182 ], [ -0.210471, 51.531958 ], [ -0.209492, 51.532278 ], [ -0.208434, 51.532606 ], [ -0.207661, 51.532795 ], [ -0.206816, 51.533042 ], [ -0.205619, 51.533084 ], [ -0.205216, 51.531648 ], [ -0.204879, 51.531005 ], [ -0.204586, 51.530334 ], [ -0.204287, 51.529659 ], [ -0.204327, 51.528924 ], [ -0.204344, 51.528332 ], [ -0.204272, 51.527001 ] ] ] ] } },
{ "type": "Feature", "properties": { "_ROWID_": 567, "pk": 567, "g_unit": 10043748.0, "g_name": "STEPNEY", "namestatus": "P", "g_language": "eng", "unittype": "PR_DIST", "g_status": "RegD", "nation": "ENGLAND", "g_year": 1851.0, "im_auth": "GBHGIS", "im_note": null, "notes": null }, "geometry": { "type": "MultiPolygon", "coordinates": [ [ [ [ -0.062596, 51.504236 ], [ -0.061583, 51.504179 ], [ -0.061339, 51.504334 ], [ -0.060945, 51.504627 ], [ -0.060194, 51.504721 ], [ -0.059312, 51.504675 ], [ -0.058396, 51.504678 ], [ -0.057945, 51.504866 ], [ -0.057291, 51.505132 ], [ -0.056416, 51.505628 ], [ -0.055893, 51.505942 ], [ -0.055402, 51.506227 ], [ -0.054567, 51.506106 ], [ -0.0539, 51.505846 ], [ -0.053646, 51.505456 ], [ -0.053161, 51.504837 ], [ -0.052425, 51.50415 ], [ -0.052677, 51.504008 ], [ -0.053617, 51.503541 ], [ -0.054416, 51.503229 ], [ -0.055458, 51.502818 ], [ -0.056452, 51.502669 ], [ -0.057421, 51.502543 ], [ -0.058912, 51.502354 ], [ -0.059935, 51.502313 ], [ -0.0607, 51.502382 ], [ -0.062138, 51.502461 ], [ -0.063789, 51.502616 ], [ -0.065707, 51.503014 ], [ -0.067307, 51.503377 ], [ -0.068239, 51.50385 ], [ -0.067699, 51.504334 ], [ -0.067278, 51.504892 ], [ -0.066873, 51.505422 ], [ -0.066752, 51.506017 ], [ -0.066401, 51.506617 ], [ -0.066811, 51.507065 ], [ -0.067105, 51.507572 ], [ -0.067545, 51.508072 ], [ -0.06805, 51.508456 ], [ -0.068408, 51.508684 ], [ -0.068839, 51.508895 ], [ -0.068877, 51.509109 ], [ -0.068365, 51.509131 ], [ -0.067555, 51.509315 ], [ -0.066488, 51.509581 ], [ -0.06624, 51.509696 ], [ -0.065613, 51.51018 ], [ -0.065058, 51.510161 ], [ -0.064781, 51.508924 ], [ -0.064644, 51.508616 ], [ -0.065536, 51.508479 ], [ -0.065308, 51.506946 ], [ -0.065239, 51.506076 ], [ -0.065696, 51.505767 ], [ -0.066045, 51.505496 ], [ -0.066361, 51.505018 ], [ -0.066169, 51.504964 ], [ -0.065568, 51.504907 ], [ -0.064971, 51.504689 ], [ -0.064331, 51.504535 ], [ -0.062596, 51.504236 ] ] ], [ [ [ -0.033742, 51.530212 ], [ -0.033129, 51.52943 ], [ -0.03281, 51.529448 ], [ -0.032393, 51.529079 ], [ -0.032111, 51.529021 ], [ -0.031877, 51.528775 ], [ -0.031115, 51.527657 ], [ -0.030092, 51.526056 ], [ -0.029749, 51.525728 ], [ -0.029345, 51.525035 ], [ -0.028678, 51.523977 ], [ -0.028363, 51.523463 ], [ -0.027586, 51.522176 ], [ -0.02802, 51.521814 ], [ -0.0282, 51.521633 ], [ -0.028238, 51.521195 ], [ -0.028255, 51.520776 ], [ -0.02823, 51.520411 ], [ -0.027405, 51.520103 ], [ -0.026485, 51.519735 ], [ -0.02542, 51.519328 ], [ -0.024853, 51.518939 ], [ -0.02444, 51.518736 ], [ -0.02392, 51.518567 ], [ -0.02352, 51.518454 ], [ -0.023135, 51.518399 ], [ -0.022861, 51.517905 ], [ -0.022379, 51.517035 ], [ -0.021679, 51.516444 ], [ -0.023212, 51.515821 ], [ -0.024055, 51.514088 ], [ -0.025128, 51.513612 ], [ -0.024973, 51.513481 ], [ -0.02473, 51.513085 ], [ -0.024494, 51.512644 ], [ -0.024418, 51.51217 ], [ -0.024293, 51.511075 ], [ -0.024418, 51.510153 ], [ -0.024693, 51.509268 ], [ -0.024708, 51.509273 ], [ -0.024447, 51.508885 ], [ -0.023583, 51.508365 ], [ -0.024058, 51.508532 ], [ -0.024667, 51.508709 ], [ -0.025539, 51.508876 ], [ -0.026216, 51.509254 ], [ -0.027061, 51.509051 ], [ -0.028317, 51.509103 ], [ -0.027975, 51.508313 ], [ -0.02908, 51.508139 ], [ -0.02893, 51.507865 ], [ -0.02912, 51.507602 ], [ -0.029782, 51.507354 ], [ -0.030369, 51.506998 ], [ -0.031197, 51.506216 ], [ -0.032098, 51.506732 ], [ -0.033702, 51.507433 ], [ -0.035496, 51.507884 ], [ -0.03742, 51.508186 ], [ -0.038994, 51.508215 ], [ -0.040939, 51.508275 ], [ -0.043108, 51.508104 ], [ -0.044721, 51.507834 ], [ -0.045792, 51.507536 ], [ -0.046528, 51.507241 ], [ -0.047912, 51.5065 ], [ -0.048994, 51.505956 ], [ -0.049812, 51.505459 ], [ -0.051355, 51.504756 ], [ -0.05214, 51.504312 ], [ -0.052557, 51.50461 ], [ -0.052982, 51.505026 ], [ -0.053444, 51.505636 ], [ -0.054038, 51.506187 ], [ -0.054286, 51.506735 ], [ -0.05437, 51.507311 ], [ -0.054115, 51.507322 ], [ -0.054591, 51.507733 ], [ -0.054835, 51.508035 ], [ -0.055175, 51.50875 ], [ -0.055484, 51.509369 ], [ -0.055831, 51.509434 ], [ -0.056601, 51.509538 ], [ -0.056864, 51.51138 ], [ -0.056247, 51.511382 ], [ -0.05551, 51.511368 ], [ -0.054491, 51.511355 ], [ -0.05382, 51.511178 ], [ -0.053264, 51.510887 ], [ -0.052117, 51.510895 ], [ -0.05013, 51.51101 ], [ -0.050172, 51.512224 ], [ -0.050224, 51.513321 ], [ -0.050764, 51.51343 ], [ -0.051569, 51.513852 ], [ -0.051949, 51.514256 ], [ -0.052456, 51.514768 ], [ -0.053223, 51.514657 ], [ -0.054266, 51.514687 ], [ -0.055805, 51.514673 ], [ -0.057846, 51.514858 ], [ -0.059767, 51.515007 ], [ -0.061656, 51.514982 ], [ -0.063159, 51.515016 ], [ -0.066121, 51.515159 ], [ -0.067151, 51.515177 ], [ -0.067717, 51.516315 ], [ -0.067411, 51.516456 ], [ -0.066088, 51.516956 ], [ -0.065006, 51.517128 ], [ -0.063809, 51.517223 ], [ -0.062946, 51.517321 ], [ -0.061374, 51.517582 ], [ -0.060234, 51.517673 ], [ -0.058613, 51.517919 ], [ -0.057004, 51.518154 ], [ -0.056615, 51.518157 ], [ -0.056862, 51.518959 ], [ -0.056946, 51.519893 ], [ -0.057056, 51.520222 ], [ -0.056018, 51.520363 ], [ -0.055495, 51.520578 ], [ -0.054719, 51.521197 ], [ -0.053809, 51.521943 ], [ -0.052984, 51.522509 ], [ -0.05228, 51.522942 ], [ -0.053443, 51.523561 ], [ -0.053616, 51.52442 ], [ -0.05346, 51.524883 ], [ -0.05302, 51.525497 ], [ -0.052973, 51.52595 ], [ -0.053005, 51.526352 ], [ -0.053094, 51.526626 ], [ -0.051739, 51.526789 ], [ -0.051086, 51.527028 ], [ -0.050416, 51.525902 ], [ -0.049774, 51.526191 ], [ -0.049078, 51.526201 ], [ -0.048002, 51.526542 ], [ -0.047055, 51.526635 ], [ -0.046955, 51.526541 ], [ -0.045806, 51.526791 ], [ -0.044332, 51.527082 ], [ -0.042829, 51.52759 ], [ -0.042459, 51.527792 ], [ -0.04205, 51.52708 ], [ -0.041455, 51.526489 ], [ -0.040319, 51.526967 ], [ -0.039705, 51.527099 ], [ -0.039625, 51.52705 ], [ -0.039072, 51.526346 ], [ -0.03727, 51.527358 ], [ -0.034091, 51.528585 ], [ -0.034827, 51.529931 ], [ -0.034469, 51.530021 ], [ -0.033742, 51.530212 ] ] ] ] } },
{ "type": "Feature", "properties": { "_ROWID_": 568, "pk": 568, "g_unit": 10043724.0, "g_name": "ST LUKE", "namestatus": "P", "g_language": "eng", "unittype": "PR_DIST", "g_status": "RegD", "nation": "ENGLAND", "g_year": 1851.0, "im_auth": "GBHGIS", "im_note": null, "notes": null }, "geometry": { "type": "Polygon", "coordinates": [ [ [ -0.095581, 51.531194 ], [ -0.0949, 51.530317 ], [ -0.094626, 51.529728 ], [ -0.094539, 51.529476 ], [ -0.092976, 51.529755 ], [ -0.092489, 51.528382 ], [ -0.091711, 51.528443 ], [ -0.090175, 51.528504 ], [ -0.089271, 51.528668 ], [ -0.088978, 51.527492 ], [ -0.08871, 51.527144 ], [ -0.088074, 51.526598 ], [ -0.087935, 51.526064 ], [ -0.087743, 51.525642 ], [ -0.087663, 51.525346 ], [ -0.086488, 51.525672 ], [ -0.085174, 51.525963 ], [ -0.084898, 51.525229 ], [ -0.084279, 51.52449 ], [ -0.084442, 51.523814 ], [ -0.084562, 51.523148 ], [ -0.084599, 51.522163 ], [ -0.08498, 51.521067 ], [ -0.085269, 51.520149 ], [ -0.085814, 51.519361 ], [ -0.08623, 51.518719 ], [ -0.088167, 51.51941 ], [ -0.08905, 51.519685 ], [ -0.090059, 51.520014 ], [ -0.090658, 51.520135 ], [ -0.09135, 51.520324 ], [ -0.091815, 51.520614 ], [ -0.09202, 51.520681 ], [ -0.092229, 51.520708 ], [ -0.092465, 51.520737 ], [ -0.092398, 51.521076 ], [ -0.093136, 51.521158 ], [ -0.093281, 51.521381 ], [ -0.094073, 51.521314 ], [ -0.094265, 51.521545 ], [ -0.09508, 51.521447 ], [ -0.095304, 51.521707 ], [ -0.096022, 51.521493 ], [ -0.096793, 51.521368 ], [ -0.097167, 51.521377 ], [ -0.097105, 51.522147 ], [ -0.098139, 51.522921 ], [ -0.098689, 51.523469 ], [ -0.099367, 51.525925 ], [ -0.099838, 51.527121 ], [ -0.100247, 51.527886 ], [ -0.100508, 51.52895 ], [ -0.100552, 51.529206 ], [ -0.100607, 51.529452 ], [ -0.100512, 51.529765 ], [ -0.100079, 51.530531 ], [ -0.098557, 51.530788 ], [ -0.097946, 51.53086 ], [ -0.097049, 51.530976 ], [ -0.095581, 51.531194 ] ] ] } },
{ "type": "Feature", "properties": { "_ROWID_": 570, "pk": 570, "g_unit": 10154730.0, "g_name": "ST GILES IN THE FIELDS AND ST GEORGE BLOOMSBURY", "namestatus": "P", "g_language": "eng", "unittype": "PR_DIST", "g_status": "RegD", "nation": "ENGLAND", "g_year": 1851.0, "im_auth": "GBHGIS", "im_note": null, "notes": null }, "geometry": { "type": "Polygon", "coordinates": [ [ [ -0.126392, 51.525491 ], [ -0.125612, 51.525749 ], [ -0.125082, 51.526011 ], [ -0.124598, 51.526306 ], [ -0.124169, 51.52602 ], [ -0.123811, 51.525746 ], [ -0.123256, 51.525417 ], [ -0.123368, 51.525152 ], [ -0.123772, 51.524573 ], [ -0.124275, 51.52373 ], [ -0.125106, 51.522581 ], [ -0.124082, 51.521522 ], [ -0.123062, 51.52084 ], [ -0.122074, 51.520128 ], [ -0.121704, 51.519693 ], [ -0.121394, 51.519365 ], [ -0.121223, 51.519354 ], [ -0.120906, 51.518836 ], [ -0.120755, 51.518311 ], [ -0.120052, 51.518422 ], [ -0.119974, 51.51785 ], [ -0.118694, 51.518031 ], [ -0.117251, 51.518109 ], [ -0.116007, 51.518312 ], [ -0.1156, 51.518303 ], [ -0.115679, 51.517767 ], [ -0.116091, 51.517725 ], [ -0.115719, 51.517111 ], [ -0.115252, 51.516611 ], [ -0.114942, 51.516186 ], [ -0.114534, 51.515636 ], [ -0.115133, 51.515539 ], [ -0.115742, 51.515289 ], [ -0.116351, 51.515056 ], [ -0.117155, 51.514747 ], [ -0.117732, 51.514474 ], [ -0.118201, 51.514873 ], [ -0.118285, 51.514814 ], [ -0.118892, 51.514491 ], [ -0.119607, 51.514113 ], [ -0.120161, 51.513707 ], [ -0.120716, 51.513987 ], [ -0.121511, 51.514311 ], [ -0.122601, 51.514822 ], [ -0.122889, 51.514963 ], [ -0.123342, 51.515301 ], [ -0.123551, 51.515147 ], [ -0.124095, 51.514798 ], [ -0.124499, 51.514462 ], [ -0.125069, 51.514234 ], [ -0.126134, 51.513787 ], [ -0.127115, 51.513344 ], [ -0.127795, 51.512797 ], [ -0.12815, 51.512823 ], [ -0.128528, 51.512962 ], [ -0.128993, 51.513239 ], [ -0.129474, 51.513492 ], [ -0.129977, 51.51361 ], [ -0.130233, 51.514114 ], [ -0.130819, 51.515461 ], [ -0.131198, 51.516526 ], [ -0.131186, 51.516619 ], [ -0.131153, 51.51681 ], [ -0.131606, 51.517241 ], [ -0.131899, 51.517524 ], [ -0.132425, 51.518066 ], [ -0.133636, 51.519204 ], [ -0.134543, 51.520056 ], [ -0.135625, 51.520969 ], [ -0.134908, 51.521279 ], [ -0.133707, 51.521781 ], [ -0.132666, 51.522522 ], [ -0.131919, 51.523056 ], [ -0.131476, 51.523436 ], [ -0.131105, 51.523621 ], [ -0.129948, 51.524166 ], [ -0.128549, 51.524602 ], [ -0.127752, 51.525 ], [ -0.127349, 51.525295 ], [ -0.126392, 51.525491 ] ] ] } },
{ "type": "Feature", "properties": { "_ROWID_": 571, "pk": 571, "g_unit": 10030055.0, "g_name": "ROMFORD", "namestatus": "P", "g_language": "eng", "unittype": "PR_DIST", "g_status": "RegD", "nation": "ENGLAND", "g_year": 1851.0, "im_auth": "GBHGIS", "im_note": null, "notes": null }, "geometry": { "type": "Polygon", "coordinates": [ [ [ 0.128894, 51.620131 ], [ 0.130619, 51.620934 ], [ 0.13399, 51.621963 ], [ 0.136911, 51.622481 ], [ 0.138123, 51.622455 ], [ 0.139957, 51.622706 ], [ 0.150388, 51.622428 ], [ 0.152218, 51.622621 ], [ 0.179641, 51.623369 ], [ 0.182305, 51.624267 ], [ 0.186057, 51.624591 ], [ 0.188641, 51.624131 ], [ 0.192412, 51.624802 ], [ 0.1956, 51.625081 ], [ 0.198786, 51.62452 ], [ 0.199995, 51.624465 ], [ 0.205084, 51.624529 ], [ 0.207142, 51.625411 ], [ 0.208286, 51.62582 ], [ 0.210737, 51.626259 ], [ 0.220756, 51.629225 ], [ 0.222815, 51.630106 ], [ 0.22734, 51.63403 ], [ 0.229625, 51.635572 ], [ 0.240302, 51.630766 ], [ 0.239494, 51.620395 ], [ 0.250992, 51.618464 ], [ 0.254172, 51.6155 ], [ 0.253591, 51.61204 ], [ 0.257556, 51.606657 ], [ 0.257461, 51.603505 ], [ 0.253792, 51.600663 ], [ 0.279528, 51.597604 ], [ 0.286695, 51.597386 ], [ 0.291476, 51.599334 ], [ 0.298931, 51.611467 ], [ 0.304588, 51.610935 ], [ 0.308383, 51.60894 ], [ 0.313203, 51.61378 ], [ 0.324049, 51.609657 ], [ 0.322603, 51.605117 ], [ 0.312955, 51.602152 ], [ 0.298704, 51.601662 ], [ 0.293196, 51.599267 ], [ 0.295126, 51.588863 ], [ 0.307331, 51.577332 ], [ 0.327258, 51.550605 ], [ 0.327932, 51.547927 ], [ 0.303325, 51.546109 ], [ 0.28953, 51.548994 ], [ 0.286265, 51.542005 ], [ 0.280824, 51.542127 ], [ 0.280623, 51.544186 ], [ 0.277447, 51.545559 ], [ 0.267289, 51.542369 ], [ 0.262324, 51.544968 ], [ 0.259469, 51.544742 ], [ 0.259903, 51.540333 ], [ 0.264971, 51.533247 ], [ 0.264891, 51.524972 ], [ 0.266934, 51.524116 ], [ 0.266917, 51.522293 ], [ 0.264342, 51.522032 ], [ 0.263904, 51.517846 ], [ 0.253195, 51.517764 ], [ 0.249575, 51.528811 ], [ 0.246406, 51.523296 ], [ 0.241052, 51.522487 ], [ 0.244948, 51.519942 ], [ 0.244649, 51.518038 ], [ 0.23741, 51.5184 ], [ 0.240798, 51.51355 ], [ 0.240197, 51.511277 ], [ 0.244538, 51.510719 ], [ 0.245329, 51.509168 ], [ 0.235347, 51.506406 ], [ 0.230684, 51.506218 ], [ 0.223582, 51.503364 ], [ 0.239222, 51.503514 ], [ 0.239259, 51.501777 ], [ 0.213224, 51.494965 ], [ 0.209985, 51.484993 ], [ 0.20106, 51.484591 ], [ 0.184808, 51.483857 ], [ 0.177827, 51.491762 ], [ 0.173838, 51.503134 ], [ 0.172328, 51.504382 ], [ 0.17003, 51.505646 ], [ 0.167842, 51.506445 ], [ 0.164223, 51.50742 ], [ 0.161502, 51.507825 ], [ 0.159149, 51.508164 ], [ 0.157997, 51.508362 ], [ 0.155546, 51.508617 ], [ 0.152196, 51.508694 ], [ 0.147095, 51.509669 ], [ 0.144414, 51.510562 ], [ 0.141653, 51.511542 ], [ 0.133841, 51.514207 ], [ 0.13299, 51.514598 ], [ 0.130328, 51.515399 ], [ 0.126878, 51.515258 ], [ 0.123634, 51.514679 ], [ 0.121163, 51.514029 ], [ 0.118758, 51.513047 ], [ 0.118305, 51.513841 ], [ 0.118103, 51.513991 ], [ 0.117386, 51.513772 ], [ 0.11471, 51.512985 ], [ 0.112202, 51.512472 ], [ 0.111175, 51.512125 ], [ 0.109273, 51.511877 ], [ 0.107383, 51.511606 ], [ 0.105499, 51.511593 ], [ 0.103483, 51.51148 ], [ 0.101826, 51.511585 ], [ 0.100488, 51.51159 ], [ 0.09938, 51.511653 ], [ 0.097879, 51.511479 ], [ 0.096889, 51.511385 ], [ 0.096141, 51.511356 ], [ 0.096239, 51.512865 ], [ 0.096285, 51.513663 ], [ 0.096139, 51.514868 ], [ 0.095211, 51.514839 ], [ 0.09488, 51.514824 ], [ 0.095142, 51.516313 ], [ 0.094787, 51.516951 ], [ 0.09462, 51.517169 ], [ 0.094399, 51.517246 ], [ 0.093897, 51.517264 ], [ 0.09367, 51.517314 ], [ 0.093895, 51.517678 ], [ 0.09438, 51.517832 ], [ 0.094115, 51.518452 ], [ 0.093969, 51.518894 ], [ 0.093368, 51.518916 ], [ 0.09288, 51.518819 ], [ 0.092361, 51.518724 ], [ 0.092111, 51.518851 ], [ 0.091306, 51.518685 ], [ 0.090212, 51.518289 ], [ 0.089524, 51.51797 ], [ 0.088208, 51.517839 ], [ 0.087275, 51.517773 ], [ 0.086006, 51.517646 ], [ 0.085492, 51.517377 ], [ 0.084572, 51.517154 ], [ 0.083792, 51.516891 ], [ 0.083063, 51.516593 ], [ 0.082586, 51.516394 ], [ 0.082189, 51.516233 ], [ 0.08206, 51.516058 ], [ 0.081947, 51.515842 ], [ 0.08206, 51.515568 ], [ 0.082403, 51.515136 ], [ 0.082935, 51.514651 ], [ 0.083209, 51.514395 ], [ 0.083324, 51.51398 ], [ 0.083042, 51.513289 ], [ 0.082583, 51.512716 ], [ 0.08196, 51.512232 ], [ 0.081359, 51.511893 ], [ 0.080752, 51.5118 ], [ 0.079454, 51.511885 ], [ 0.077911, 51.512424 ], [ 0.077225, 51.512804 ], [ 0.076655, 51.513024 ], [ 0.075838, 51.513193 ], [ 0.075141, 51.513216 ], [ 0.074162, 51.512826 ], [ 0.073165, 51.512318 ], [ 0.072451, 51.511776 ], [ 0.071756, 51.511315 ], [ 0.070575, 51.513216 ], [ 0.068977, 51.516598 ], [ 0.067655, 51.51856 ], [ 0.066571, 51.522017 ], [ 0.069687, 51.522323 ], [ 0.071923, 51.523543 ], [ 0.073181, 51.524901 ], [ 0.073812, 51.527456 ], [ 0.072208, 51.530263 ], [ 0.071261, 51.531612 ], [ 0.07099, 51.533293 ], [ 0.069524, 51.534624 ], [ 0.067562, 51.535534 ], [ 0.066566, 51.537722 ], [ 0.067443, 51.539899 ], [ 0.066679, 51.541302 ], [ 0.069948, 51.543632 ], [ 0.070482, 51.544864 ], [ 0.069529, 51.547169 ], [ 0.069354, 51.550124 ], [ 0.068564, 51.55208 ], [ 0.064877, 51.555315 ], [ 0.061593, 51.555362 ], [ 0.057643, 51.557146 ], [ 0.053925, 51.561556 ], [ 0.053489, 51.562257 ], [ 0.052352, 51.564072 ], [ 0.051549, 51.566028 ], [ 0.049907, 51.567312 ], [ 0.046745, 51.569002 ], [ 0.043825, 51.571943 ], [ 0.040091, 51.573917 ], [ 0.039847, 51.575686 ], [ 0.041951, 51.576457 ], [ 0.042554, 51.578298 ], [ 0.039965, 51.578116 ], [ 0.037257, 51.579238 ], [ 0.037172, 51.581093 ], [ 0.040389, 51.582656 ], [ 0.039773, 51.584174 ], [ 0.03639, 51.584698 ], [ 0.035246, 51.586861 ], [ 0.036166, 51.587451 ], [ 0.04754, 51.590589 ], [ 0.062514, 51.606543 ], [ 0.072241, 51.603657 ], [ 0.075759, 51.604914 ], [ 0.079186, 51.606173 ], [ 0.08178, 51.60586 ], [ 0.085692, 51.604103 ], [ 0.087407, 51.603081 ], [ 0.091421, 51.604879 ], [ 0.093694, 51.605497 ], [ 0.09725, 51.606552 ], [ 0.101588, 51.607417 ], [ 0.104053, 51.608147 ], [ 0.106699, 51.608758 ], [ 0.109564, 51.609133 ], [ 0.110363, 51.609232 ], [ 0.113176, 51.609492 ], [ 0.11488, 51.610758 ], [ 0.115508, 51.612771 ], [ 0.117906, 51.613936 ], [ 0.121163, 51.615431 ], [ 0.122604, 51.616993 ], [ 0.12544, 51.618467 ], [ 0.127847, 51.619777 ], [ 0.128894, 51.620131 ] ] ] } },
{ "type": "Feature", "properties": { "_ROWID_": 572, "pk": 572, "g_unit": 10111675.0, "g_name": "WEST HAM", "namestatus": "P", "g_language": "eng", "unittype": "PR_DIST", "g_status": "RegD", "nation": "ENGLAND", "g_year": 1851.0, "im_auth": "GBHGIS", "im_note": null, "notes": null }, "geometry": { "type": "Polygon", "coordinates": [ [ [ -0.034814, 51.605276 ], [ -0.028754, 51.607913 ], [ -0.009602, 51.608701 ], [ 0.010091, 51.618972 ], [ 0.021809, 51.628519 ], [ 0.027839, 51.626228 ], [ 0.045387, 51.612967 ], [ 0.04858, 51.612526 ], [ 0.054652, 51.611882 ], [ 0.062514, 51.606543 ], [ 0.04754, 51.590589 ], [ 0.036166, 51.587451 ], [ 0.035246, 51.586861 ], [ 0.03639, 51.584698 ], [ 0.039773, 51.584174 ], [ 0.040389, 51.582656 ], [ 0.037172, 51.581093 ], [ 0.037257, 51.579238 ], [ 0.039965, 51.578116 ], [ 0.042554, 51.578298 ], [ 0.041951, 51.576457 ], [ 0.039847, 51.575686 ], [ 0.040091, 51.573917 ], [ 0.043825, 51.571943 ], [ 0.046745, 51.569002 ], [ 0.049907, 51.567312 ], [ 0.051549, 51.566028 ], [ 0.052352, 51.564072 ], [ 0.053489, 51.562257 ], [ 0.053925, 51.561556 ], [ 0.057643, 51.557146 ], [ 0.061593, 51.555362 ], [ 0.064877, 51.555315 ], [ 0.068564, 51.55208 ], [ 0.069354, 51.550124 ], [ 0.069529, 51.547169 ], [ 0.070482, 51.544864 ], [ 0.069948, 51.543632 ], [ 0.066679, 51.541302 ], [ 0.067443, 51.539899 ], [ 0.066566, 51.537722 ], [ 0.067562, 51.535534 ], [ 0.069524, 51.534624 ], [ 0.07099, 51.533293 ], [ 0.071261, 51.531612 ], [ 0.072208, 51.530263 ], [ 0.073812, 51.527456 ], [ 0.073181, 51.524901 ], [ 0.071923, 51.523543 ], [ 0.069687, 51.522323 ], [ 0.066571, 51.522017 ], [ 0.067655, 51.51856 ], [ 0.068977, 51.516598 ], [ 0.070575, 51.513216 ], [ 0.071756, 51.511315 ], [ 0.071157, 51.510601 ], [ 0.070537, 51.509961 ], [ 0.070345, 51.509716 ], [ 0.069979, 51.508993 ], [ 0.06962, 51.508264 ], [ 0.069126, 51.507706 ], [ 0.068934, 51.507175 ], [ 0.068822, 51.506191 ], [ 0.068731, 51.505255 ], [ 0.069088, 51.505031 ], [ 0.069233, 51.504657 ], [ 0.069634, 51.503962 ], [ 0.070016, 51.5032 ], [ 0.069741, 51.50243 ], [ 0.069291, 51.501425 ], [ 0.069263, 51.501002 ], [ 0.068765, 51.500747 ], [ 0.068513, 51.500451 ], [ 0.06856, 51.499998 ], [ 0.068489, 51.499642 ], [ 0.068358, 51.499503 ], [ 0.068505, 51.49912 ], [ 0.068981, 51.497544 ], [ 0.069079, 51.496797 ], [ 0.06652, 51.496821 ], [ 0.064624, 51.496959 ], [ 0.06411, 51.499305 ], [ 0.063338, 51.500559 ], [ 0.062317, 51.501217 ], [ 0.061193, 51.502091 ], [ 0.061174, 51.502099 ], [ 0.060146, 51.502802 ], [ 0.059237, 51.503349 ], [ 0.05795, 51.503596 ], [ 0.056325, 51.5039 ], [ 0.055419, 51.503936 ], [ 0.054737, 51.503697 ], [ 0.054136, 51.503071 ], [ 0.053794, 51.502644 ], [ 0.05372, 51.501979 ], [ 0.053783, 51.501155 ], [ 0.053516, 51.500521 ], [ 0.053253, 51.499617 ], [ 0.052854, 51.498608 ], [ 0.052797, 51.498022 ], [ 0.052712, 51.497574 ], [ 0.052703, 51.49736 ], [ 0.049687, 51.497705 ], [ 0.04629, 51.497726 ], [ 0.043812, 51.497985 ], [ 0.041987, 51.498118 ], [ 0.039868, 51.498135 ], [ 0.038152, 51.497941 ], [ 0.035496, 51.497682 ], [ 0.033617, 51.497364 ], [ 0.031532, 51.497146 ], [ 0.029173, 51.496711 ], [ 0.027781, 51.496689 ], [ 0.025819, 51.496681 ], [ 0.024928, 51.496608 ], [ 0.024169, 51.496567 ], [ 0.022774, 51.496558 ], [ 0.020212, 51.497183 ], [ 0.018288, 51.497884 ], [ 0.016782, 51.498542 ], [ 0.014605, 51.500018 ], [ 0.012707, 51.501405 ], [ 0.010835, 51.502891 ], [ 0.009272, 51.504024 ], [ 0.007788, 51.504973 ], [ 0.006794, 51.505597 ], [ 0.008247, 51.507081 ], [ 0.008695, 51.507598 ], [ 0.008778, 51.50795 ], [ 0.008887, 51.508385 ], [ 0.0089, 51.508747 ], [ 0.008774, 51.509005 ], [ 0.008265, 51.509235 ], [ 0.007607, 51.509448 ], [ 0.006692, 51.509599 ], [ 0.005899, 51.509661 ], [ 0.005498, 51.509762 ], [ 0.005286, 51.509942 ], [ 0.005199, 51.510164 ], [ 0.005401, 51.510502 ], [ 0.006008, 51.511173 ], [ 0.006496, 51.511942 ], [ 0.006737, 51.512759 ], [ 0.006698, 51.513429 ], [ 0.006674, 51.51375 ], [ 0.006327, 51.514147 ], [ 0.005812, 51.514353 ], [ 0.005372, 51.514361 ], [ 0.005093, 51.514329 ], [ 0.004764, 51.514186 ], [ 0.004327, 51.51381 ], [ 0.004214, 51.513542 ], [ 0.004156, 51.513039 ], [ 0.004112, 51.512411 ], [ 0.004082, 51.511931 ], [ 0.003896, 51.511424 ], [ 0.003695, 51.510934 ], [ 0.003428, 51.510662 ], [ 0.00281, 51.510493 ], [ 0.002445, 51.510435 ], [ 0.002044, 51.510575 ], [ 0.001849, 51.510767 ], [ 0.001706, 51.511105 ], [ 0.001887, 51.511449 ], [ 0.002315, 51.51232 ], [ 0.002634, 51.513007 ], [ 0.003011, 51.513751 ], [ 0.003237, 51.514228 ], [ 0.003289, 51.514534 ], [ 0.003372, 51.514825 ], [ 0.003408, 51.515011 ], [ 0.002585, 51.515567 ], [ 0.001968, 51.51584 ], [ 0.001249, 51.516102 ], [ 0.000333, 51.51645 ], [ -0.000507, 51.516733 ], [ -0.00134, 51.517171 ], [ -0.002099, 51.517631 ], [ -0.002729, 51.517844 ], [ -0.00308, 51.517892 ], [ -0.003626, 51.517793 ], [ -0.004096, 51.517567 ], [ -0.004498, 51.517049 ], [ -0.004929, 51.5166 ], [ -0.005573, 51.516333 ], [ -0.006009, 51.516539 ], [ -0.006087, 51.516975 ], [ -0.006254, 51.517561 ], [ -0.006733, 51.518174 ], [ -0.007082, 51.518492 ], [ -0.007548, 51.518821 ], [ -0.008301, 51.519167 ], [ -0.009076, 51.519528 ], [ -0.00936, 51.519819 ], [ -0.009545, 51.5203 ], [ -0.009364, 51.520845 ], [ -0.00906, 51.521287 ], [ -0.008867, 51.521757 ], [ -0.008451, 51.522327 ], [ -0.008236, 51.522696 ], [ -0.008356, 51.52305 ], [ -0.008508, 51.523428 ], [ -0.008589, 51.523859 ], [ -0.008528, 51.524545 ], [ -0.008322, 51.524977 ], [ -0.008041, 51.525516 ], [ -0.008067, 51.525901 ], [ -0.00846, 51.526386 ], [ -0.008811, 51.526674 ], [ -0.00901, 51.526977 ], [ -0.009131, 51.527313 ], [ -0.009538, 51.527602 ], [ -0.009887, 51.527859 ], [ -0.010272, 51.52803 ], [ -0.010541, 51.528137 ], [ -0.010911, 51.528508 ], [ -0.011059, 51.528831 ], [ -0.011184, 51.529077 ], [ -0.011352, 51.529248 ], [ -0.011838, 51.529319 ], [ -0.012388, 51.529391 ], [ -0.013462, 51.529462 ], [ -0.013922, 51.529597 ], [ -0.014449, 51.529722 ], [ -0.014619, 51.52992 ], [ -0.014625, 51.530342 ], [ -0.014751, 51.530654 ], [ -0.015155, 51.530824 ], [ -0.015885, 51.530999 ], [ -0.016279, 51.531076 ], [ -0.016662, 51.531338 ], [ -0.016723, 51.531618 ], [ -0.01695, 51.531914 ], [ -0.017344, 51.532288 ], [ -0.017536, 51.53259 ], [ -0.017891, 51.533086 ], [ -0.017923, 51.533527 ], [ -0.017931, 51.533721 ], [ -0.015443, 51.53468 ], [ -0.017887, 51.536515 ], [ -0.018672, 51.536709 ], [ -0.01975, 51.537041 ], [ -0.019508, 51.537643 ], [ -0.01988, 51.537738 ], [ -0.019771, 51.538037 ], [ -0.019377, 51.53852 ], [ -0.019108, 51.539069 ], [ -0.018605, 51.539398 ], [ -0.018297, 51.539723 ], [ -0.018248, 51.540216 ], [ -0.017954, 51.540593 ], [ -0.017252, 51.540748 ], [ -0.016912, 51.540978 ], [ -0.016843, 51.541279 ], [ -0.01673, 51.541517 ], [ -0.016344, 51.541583 ], [ -0.01613, 51.541948 ], [ -0.016319, 51.54258 ], [ -0.016487, 51.543335 ], [ -0.016654, 51.543889 ], [ -0.01677, 51.544261 ], [ -0.016852, 51.544486 ], [ -0.016743, 51.54512 ], [ -0.016523, 51.545695 ], [ -0.016423, 51.546392 ], [ -0.01652, 51.547 ], [ -0.016838, 51.548002 ], [ -0.017079, 51.548911 ], [ -0.017567, 51.549793 ], [ -0.017579, 51.550406 ], [ -0.017609, 51.550915 ], [ -0.017468, 51.551121 ], [ -0.017487, 51.551433 ], [ -0.017432, 51.551449 ], [ -0.017581, 51.55243 ], [ -0.017718, 51.553099 ], [ -0.017878, 51.553641 ], [ -0.018099, 51.55421 ], [ -0.018267, 51.554674 ], [ -0.018548, 51.555029 ], [ -0.019008, 51.555126 ], [ -0.019379, 51.555207 ], [ -0.019648, 51.555578 ], [ -0.019919, 51.55583 ], [ -0.020414, 51.556056 ], [ -0.021054, 51.556317 ], [ -0.021712, 51.556586 ], [ -0.022222, 51.556733 ], [ -0.022776, 51.556879 ], [ -0.023363, 51.557004 ], [ -0.023559, 51.557193 ], [ -0.023872, 51.55763 ], [ -0.024023, 51.558325 ], [ -0.024357, 51.558762 ], [ -0.024794, 51.559243 ], [ -0.025368, 51.559638 ], [ -0.025811, 51.559862 ], [ -0.026187, 51.559935 ], [ -0.026815, 51.560117 ], [ -0.027401, 51.560533 ], [ -0.027958, 51.560779 ], [ -0.028636, 51.560903 ], [ -0.029402, 51.561208 ], [ -0.029937, 51.561463 ], [ -0.030472, 51.56158 ], [ -0.031845, 51.561513 ], [ -0.032628, 51.561454 ], [ -0.032765, 51.561217 ], [ -0.032524, 51.561009 ], [ -0.032153, 51.561103 ], [ -0.031486, 51.560931 ], [ -0.0314, 51.560628 ], [ -0.031713, 51.560537 ], [ -0.032372, 51.560341 ], [ -0.033247, 51.560298 ], [ -0.033833, 51.560543 ], [ -0.034483, 51.560786 ], [ -0.035045, 51.560996 ], [ -0.035813, 51.561176 ], [ -0.036464, 51.561227 ], [ -0.037077, 51.561155 ], [ -0.037918, 51.561011 ], [ -0.038834, 51.561092 ], [ -0.03912, 51.561245 ], [ -0.039522, 51.561507 ], [ -0.0401, 51.561663 ], [ -0.041181, 51.561801 ], [ -0.041972, 51.561776 ], [ -0.041731, 51.561708 ], [ -0.042666, 51.56173 ], [ -0.043105, 51.561949 ], [ -0.043278, 51.562062 ], [ -0.04323, 51.562147 ], [ -0.043257, 51.562228 ], [ -0.043621, 51.562355 ], [ -0.043653, 51.562367 ], [ -0.043963, 51.562475 ], [ -0.044257, 51.56274 ], [ -0.044251, 51.562871 ], [ -0.044122, 51.563011 ], [ -0.043975, 51.563211 ], [ -0.044484, 51.563305 ], [ -0.044798, 51.563432 ], [ -0.045365, 51.563595 ], [ -0.045624, 51.5638 ], [ -0.045274, 51.563805 ], [ -0.045551, 51.563881 ], [ -0.045892, 51.564151 ], [ -0.04616, 51.564274 ], [ -0.046489, 51.564566 ], [ -0.046579, 51.564647 ], [ -0.046983, 51.565043 ], [ -0.047772, 51.565497 ], [ -0.048351, 51.565944 ], [ -0.049012, 51.566353 ], [ -0.049778, 51.566869 ], [ -0.05036, 51.567333 ], [ -0.050905, 51.567572 ], [ -0.051673, 51.567887 ], [ -0.052452, 51.568224 ], [ -0.052842, 51.56863 ], [ -0.053108, 51.569041 ], [ -0.053399, 51.569545 ], [ -0.053746, 51.569997 ], [ -0.054255, 51.570191 ], [ -0.054873, 51.570224 ], [ -0.055629, 51.570406 ], [ -0.055859, 51.570685 ], [ -0.056092, 51.571137 ], [ -0.056125, 51.571544 ], [ -0.055927, 51.572118 ], [ -0.055934, 51.572407 ], [ -0.056278, 51.57269 ], [ -0.056688, 51.57244 ], [ -0.056894, 51.572233 ], [ -0.057513, 51.572208 ], [ -0.057882, 51.572389 ], [ -0.05806, 51.572823 ], [ -0.058103, 51.573179 ], [ -0.057781, 51.573327 ], [ -0.057471, 51.573335 ], [ -0.056775, 51.573547 ], [ -0.056548, 51.573792 ], [ -0.056473, 51.574209 ], [ -0.056854, 51.574373 ], [ -0.057576, 51.574224 ], [ -0.057863, 51.574603 ], [ -0.058369, 51.574847 ], [ -0.058535, 51.575007 ], [ -0.058689, 51.575232 ], [ -0.059302, 51.575675 ], [ -0.060203, 51.57678 ], [ -0.061014, 51.577937 ], [ -0.062091, 51.579327 ], [ -0.062069, 51.57992 ], [ -0.061728, 51.580699 ], [ -0.060895, 51.581348 ], [ -0.059658, 51.582037 ], [ -0.058606, 51.582562 ], [ -0.057876, 51.582874 ], [ -0.056644, 51.583391 ], [ -0.055406, 51.584105 ], [ -0.055935, 51.584656 ], [ -0.05628, 51.585313 ], [ -0.055405, 51.585985 ], [ -0.053986, 51.586615 ], [ -0.053254, 51.586902 ], [ -0.053495, 51.588096 ], [ -0.053649, 51.589234 ], [ -0.053298, 51.590421 ], [ -0.052584, 51.591464 ], [ -0.051565, 51.591905 ], [ -0.050412, 51.592089 ], [ -0.04926, 51.592164 ], [ -0.047723, 51.592477 ], [ -0.047489, 51.593776 ], [ -0.047372, 51.594433 ], [ -0.04854, 51.595333 ], [ -0.047966, 51.595823 ], [ -0.046716, 51.595802 ], [ -0.047476, 51.596528 ], [ -0.048759, 51.596883 ], [ -0.049397, 51.59717 ], [ -0.048718, 51.597936 ], [ -0.047642, 51.598212 ], [ -0.046575, 51.598254 ], [ -0.04549, 51.598697 ], [ -0.044297, 51.599538 ], [ -0.043427, 51.600389 ], [ -0.042836, 51.602327 ], [ -0.04097, 51.603636 ], [ -0.040213, 51.603961 ], [ -0.039472, 51.603898 ], [ -0.038733, 51.603802 ], [ -0.037564, 51.603993 ], [ -0.03672, 51.604159 ], [ -0.03615, 51.604474 ], [ -0.035147, 51.605105 ], [ -0.034814, 51.605276 ] ] ] } },
{ "type": "Feature", "properties": { "_ROWID_": 573, "pk": 573, "g_unit": 10167681.0, "g_name": "HACKNEY", "namestatus": "P", "g_language": "eng", "unittype": "PR_DIST", "g_status": "RegD", "nation": "ENGLAND", "g_year": 1851.0, "im_auth": "GBHGIS", "im_note": null, "notes": null }, "geometry": { "type": "Polygon", "coordinates": [ [ [ -0.073007, 51.575523 ], [ -0.072915, 51.575537 ], [ -0.072092, 51.575552 ], [ -0.071668, 51.575524 ], [ -0.070003, 51.57562 ], [ -0.069092, 51.575802 ], [ -0.067751, 51.576021 ], [ -0.066679, 51.576115 ], [ -0.065514, 51.576274 ], [ -0.06372, 51.576416 ], [ -0.062922, 51.576345 ], [ -0.062272, 51.576348 ], [ -0.061796, 51.576232 ], [ -0.061413, 51.575723 ], [ -0.060878, 51.575569 ], [ -0.060265, 51.575447 ], [ -0.059649, 51.575327 ], [ -0.05912, 51.575303 ], [ -0.058689, 51.575232 ], [ -0.058535, 51.575007 ], [ -0.058369, 51.574847 ], [ -0.057863, 51.574603 ], [ -0.057576, 51.574224 ], [ -0.056854, 51.574373 ], [ -0.056473, 51.574209 ], [ -0.056548, 51.573792 ], [ -0.056775, 51.573547 ], [ -0.057471, 51.573335 ], [ -0.057781, 51.573327 ], [ -0.058103, 51.573179 ], [ -0.05806, 51.572823 ], [ -0.057882, 51.572389 ], [ -0.057513, 51.572208 ], [ -0.056894, 51.572233 ], [ -0.056688, 51.57244 ], [ -0.056278, 51.57269 ], [ -0.055934, 51.572407 ], [ -0.055927, 51.572118 ], [ -0.056125, 51.571544 ], [ -0.056092, 51.571137 ], [ -0.055859, 51.570685 ], [ -0.055629, 51.570406 ], [ -0.054873, 51.570224 ], [ -0.054255, 51.570191 ], [ -0.053746, 51.569997 ], [ -0.053399, 51.569545 ], [ -0.053108, 51.569041 ], [ -0.052842, 51.56863 ], [ -0.052452, 51.568224 ], [ -0.051673, 51.567887 ], [ -0.050905, 51.567572 ], [ -0.05036, 51.567333 ], [ -0.049778, 51.566869 ], [ -0.049012, 51.566353 ], [ -0.048351, 51.565944 ], [ -0.047772, 51.565497 ], [ -0.046983, 51.565043 ], [ -0.046579, 51.564647 ], [ -0.046489, 51.564566 ], [ -0.04616, 51.564274 ], [ -0.045892, 51.564151 ], [ -0.045551, 51.563881 ], [ -0.045274, 51.563805 ], [ -0.045624, 51.5638 ], [ -0.045365, 51.563595 ], [ -0.044798, 51.563432 ], [ -0.044484, 51.563305 ], [ -0.043975, 51.563211 ], [ -0.044122, 51.563011 ], [ -0.044251, 51.562871 ], [ -0.044257, 51.56274 ], [ -0.043963, 51.562475 ], [ -0.043653, 51.562367 ], [ -0.043621, 51.562355 ], [ -0.043257, 51.562228 ], [ -0.04323, 51.562147 ], [ -0.043278, 51.562062 ], [ -0.043105, 51.561949 ], [ -0.042666, 51.56173 ], [ -0.041731, 51.561708 ], [ -0.041972, 51.561776 ], [ -0.041181, 51.561801 ], [ -0.0401, 51.561663 ], [ -0.039522, 51.561507 ], [ -0.03912, 51.561245 ], [ -0.038834, 51.561092 ], [ -0.037918, 51.561011 ], [ -0.037077, 51.561155 ], [ -0.036464, 51.561227 ], [ -0.035813, 51.561176 ], [ -0.035045, 51.560996 ], [ -0.034483, 51.560786 ], [ -0.033833, 51.560543 ], [ -0.033247, 51.560298 ], [ -0.032372, 51.560341 ], [ -0.031713, 51.560537 ], [ -0.0314, 51.560628 ], [ -0.031486, 51.560931 ], [ -0.032153, 51.561103 ], [ -0.032524, 51.561009 ], [ -0.032765, 51.561217 ], [ -0.032628, 51.561454 ], [ -0.031845, 51.561513 ], [ -0.030472, 51.56158 ], [ -0.029937, 51.561463 ], [ -0.029402, 51.561208 ], [ -0.028636, 51.560903 ], [ -0.027958, 51.560779 ], [ -0.027401, 51.560533 ], [ -0.026815, 51.560117 ], [ -0.026187, 51.559935 ], [ -0.025811, 51.559862 ], [ -0.025368, 51.559638 ], [ -0.024794, 51.559243 ], [ -0.024357, 51.558762 ], [ -0.024023, 51.558325 ], [ -0.023872, 51.55763 ], [ -0.023559, 51.557193 ], [ -0.023363, 51.557004 ], [ -0.022776, 51.556879 ], [ -0.022222, 51.556733 ], [ -0.021712, 51.556586 ], [ -0.021054, 51.556317 ], [ -0.020414, 51.556056 ], [ -0.019919, 51.55583 ], [ -0.019648, 51.555578 ], [ -0.019379, 51.555207 ], [ -0.019008, 51.555126 ], [ -0.018548, 51.555029 ], [ -0.018267, 51.554674 ], [ -0.018099, 51.55421 ], [ -0.017878, 51.553641 ], [ -0.017718, 51.553099 ], [ -0.017581, 51.55243 ], [ -0.017432, 51.551449 ], [ -0.017487, 51.551433 ], [ -0.017468, 51.551121 ], [ -0.017609, 51.550915 ], [ -0.017579, 51.550406 ], [ -0.017567, 51.549793 ], [ -0.017079, 51.548911 ], [ -0.016838, 51.548002 ], [ -0.01652, 51.547 ], [ -0.016423, 51.546392 ], [ -0.016523, 51.545695 ], [ -0.016743, 51.54512 ], [ -0.016852, 51.544486 ], [ -0.018151, 51.544214 ], [ -0.019397, 51.543982 ], [ -0.019978, 51.544019 ], [ -0.020475, 51.54397 ], [ -0.021117, 51.543764 ], [ -0.021953, 51.543669 ], [ -0.022104, 51.543694 ], [ -0.022604, 51.543577 ], [ -0.022792, 51.543974 ], [ -0.025253, 51.543656 ], [ -0.025565, 51.543319 ], [ -0.026028, 51.542725 ], [ -0.027582, 51.542112 ], [ -0.029043, 51.541817 ], [ -0.030042, 51.541557 ], [ -0.031245, 51.541181 ], [ -0.031882, 51.540889 ], [ -0.035277, 51.540685 ], [ -0.034888, 51.54025 ], [ -0.034523, 51.539301 ], [ -0.035245, 51.538814 ], [ -0.036755, 51.537935 ], [ -0.039029, 51.536496 ], [ -0.039254, 51.536373 ], [ -0.040491, 51.536129 ], [ -0.041834, 51.537509 ], [ -0.043472, 51.536731 ], [ -0.043897, 51.536857 ], [ -0.044379, 51.536814 ], [ -0.045351, 51.536592 ], [ -0.04584, 51.536555 ], [ -0.047144, 51.536582 ], [ -0.048204, 51.536375 ], [ -0.04944, 51.536185 ], [ -0.051485, 51.535985 ], [ -0.053137, 51.535664 ], [ -0.053625, 51.535579 ], [ -0.054224, 51.535272 ], [ -0.054863, 51.53504 ], [ -0.056302, 51.534584 ], [ -0.057404, 51.534485 ], [ -0.058282, 51.534129 ], [ -0.060042, 51.533799 ], [ -0.059873, 51.534354 ], [ -0.059849, 51.534924 ], [ -0.060052, 51.535449 ], [ -0.061256, 51.535318 ], [ -0.062535, 51.535173 ], [ -0.062568, 51.535976 ], [ -0.062051, 51.537106 ], [ -0.062901, 51.537236 ], [ -0.063285, 51.537589 ], [ -0.063498, 51.537841 ], [ -0.064791, 51.538514 ], [ -0.065613, 51.538884 ], [ -0.065968, 51.538973 ], [ -0.06618, 51.539259 ], [ -0.066425, 51.539703 ], [ -0.067838, 51.539694 ], [ -0.069444, 51.539541 ], [ -0.070684, 51.539435 ], [ -0.07191, 51.539512 ], [ -0.072329, 51.539493 ], [ -0.073337, 51.53948 ], [ -0.073895, 51.539451 ], [ -0.074518, 51.539446 ], [ -0.076058, 51.539276 ], [ -0.076867, 51.539221 ], [ -0.077294, 51.53911 ], [ -0.077371, 51.537968 ], [ -0.077294, 51.537396 ], [ -0.077327, 51.53723 ], [ -0.077294, 51.536595 ], [ -0.078372, 51.536769 ], [ -0.079936, 51.53707 ], [ -0.081756, 51.537162 ], [ -0.082442, 51.53729 ], [ -0.083636, 51.537431 ], [ -0.084704, 51.537536 ], [ -0.085193, 51.537495 ], [ -0.085124, 51.537056 ], [ -0.08532, 51.536908 ], [ -0.086388, 51.53688 ], [ -0.087091, 51.536987 ], [ -0.087209, 51.537002 ], [ -0.087142, 51.537308 ], [ -0.086804, 51.538624 ], [ -0.086121, 51.540566 ], [ -0.085232, 51.543105 ], [ -0.084522, 51.545095 ], [ -0.084307, 51.545767 ], [ -0.084528, 51.546349 ], [ -0.083679, 51.546329 ], [ -0.082646, 51.546223 ], [ -0.080968, 51.546166 ], [ -0.080762, 51.546416 ], [ -0.079906, 51.546326 ], [ -0.078402, 51.546189 ], [ -0.077526, 51.546516 ], [ -0.077075, 51.546703 ], [ -0.076974, 51.546959 ], [ -0.077058, 51.547727 ], [ -0.077359, 51.548509 ], [ -0.077795, 51.549398 ], [ -0.078096, 51.549738 ], [ -0.078219, 51.549913 ], [ -0.078767, 51.550587 ], [ -0.079099, 51.551145 ], [ -0.079676, 51.551653 ], [ -0.079838, 51.551807 ], [ -0.0801, 51.552018 ], [ -0.080513, 51.552146 ], [ -0.081112, 51.552193 ], [ -0.080924, 51.552672 ], [ -0.080453, 51.553959 ], [ -0.080092, 51.555152 ], [ -0.079444, 51.555291 ], [ -0.078947, 51.55534 ], [ -0.078467, 51.555261 ], [ -0.077996, 51.55534 ], [ -0.077121, 51.555169 ], [ -0.076238, 51.555111 ], [ -0.074998, 51.5551 ], [ -0.074735, 51.555512 ], [ -0.074602, 51.556409 ], [ -0.074468, 51.558373 ], [ -0.073988, 51.559851 ], [ -0.074656, 51.5598 ], [ -0.075199, 51.559596 ], [ -0.076287, 51.559221 ], [ -0.077851, 51.558709 ], [ -0.078827, 51.558258 ], [ -0.078993, 51.558035 ], [ -0.079279, 51.557522 ], [ -0.079448, 51.556537 ], [ -0.079607, 51.555505 ], [ -0.080003, 51.555512 ], [ -0.081004, 51.555496 ], [ -0.082474, 51.555642 ], [ -0.083641, 51.555775 ], [ -0.083787, 51.555487 ], [ -0.083942, 51.555096 ], [ -0.084089, 51.554589 ], [ -0.084281, 51.554183 ], [ -0.084629, 51.553713 ], [ -0.085081, 51.552963 ], [ -0.085359, 51.552213 ], [ -0.085831, 51.552216 ], [ -0.085533, 51.552886 ], [ -0.085038, 51.553792 ], [ -0.08467, 51.554588 ], [ -0.084256, 51.555471 ], [ -0.084083, 51.555889 ], [ -0.085359, 51.555918 ], [ -0.085412, 51.555405 ], [ -0.085475, 51.554934 ], [ -0.085873, 51.554002 ], [ -0.086172, 51.553232 ], [ -0.086371, 51.552712 ], [ -0.086516, 51.552376 ], [ -0.087018, 51.552563 ], [ -0.08764, 51.552723 ], [ -0.088231, 51.552839 ], [ -0.088655, 51.553351 ], [ -0.089123, 51.553929 ], [ -0.089608, 51.553815 ], [ -0.090017, 51.553747 ], [ -0.090542, 51.554026 ], [ -0.09101, 51.554284 ], [ -0.090994, 51.554936 ], [ -0.09072, 51.556053 ], [ -0.090691, 51.55707 ], [ -0.090139, 51.557247 ], [ -0.089865, 51.557344 ], [ -0.089374, 51.557554 ], [ -0.088661, 51.558342 ], [ -0.088214, 51.559205 ], [ -0.087885, 51.560156 ], [ -0.087896, 51.561006 ], [ -0.088334, 51.561525 ], [ -0.089051, 51.56206 ], [ -0.089837, 51.562289 ], [ -0.090695, 51.56258 ], [ -0.090288, 51.56349 ], [ -0.090501, 51.563443 ], [ -0.091203, 51.562972 ], [ -0.092058, 51.562506 ], [ -0.092291, 51.563399 ], [ -0.093041, 51.564727 ], [ -0.09335, 51.565411 ], [ -0.093819, 51.56625 ], [ -0.093961, 51.567072 ], [ -0.094064, 51.567874 ], [ -0.094475, 51.568479 ], [ -0.094922, 51.569476 ], [ -0.095952, 51.570615 ], [ -0.096155, 51.570842 ], [ -0.096687, 51.571748 ], [ -0.097283, 51.572942 ], [ -0.097797, 51.573895 ], [ -0.09837, 51.574945 ], [ -0.098167, 51.575018 ], [ -0.097457, 51.575341 ], [ -0.096641, 51.575578 ], [ -0.096456, 51.575312 ], [ -0.096117, 51.574922 ], [ -0.095804, 51.574499 ], [ -0.095252, 51.574428 ], [ -0.094642, 51.574359 ], [ -0.093658, 51.574324 ], [ -0.092572, 51.574425 ], [ -0.091761, 51.574435 ], [ -0.091236, 51.574606 ], [ -0.090136, 51.574853 ], [ -0.089457, 51.575012 ], [ -0.089067, 51.574944 ], [ -0.088345, 51.574916 ], [ -0.087415, 51.574958 ], [ -0.086283, 51.575031 ], [ -0.084803, 51.575177 ], [ -0.083465, 51.575295 ], [ -0.083392, 51.575322 ], [ -0.082542, 51.575447 ], [ -0.081755, 51.575554 ], [ -0.080865, 51.575688 ], [ -0.080007, 51.57566 ], [ -0.079141, 51.575607 ], [ -0.078483, 51.575459 ], [ -0.077868, 51.575256 ], [ -0.077235, 51.575865 ], [ -0.076868, 51.575818 ], [ -0.076121, 51.575675 ], [ -0.075456, 51.575661 ], [ -0.075805, 51.575227 ], [ -0.075195, 51.575236 ], [ -0.07403, 51.575464 ], [ -0.073007, 51.575523 ] ] ] } },
{ "type": "Feature", "properties": { "_ROWID_": 574, "pk": 574, "g_unit": 10075464.0, "g_name": "ISLINGTON", "namestatus": "P", "g_language": "eng", "unittype": "PR_DIST", "g_status": "RegD", "nation": "ENGLAND", "g_year": 1851.0, "im_auth": "GBHGIS", "im_note": null, "notes": null }, "geometry": { "type": "Polygon", "coordinates": [ [ [ -0.141662, 51.569339 ], [ -0.140985, 51.569413 ], [ -0.140465, 51.569521 ], [ -0.139306, 51.56999 ], [ -0.1383, 51.57056 ], [ -0.136604, 51.571318 ], [ -0.135705, 51.571691 ], [ -0.134196, 51.572419 ], [ -0.133204, 51.573075 ], [ -0.13251, 51.573475 ], [ -0.131422, 51.573722 ], [ -0.130728, 51.573858 ], [ -0.129035, 51.574098 ], [ -0.127561, 51.574279 ], [ -0.126527, 51.574335 ], [ -0.125903, 51.574209 ], [ -0.125653, 51.574022 ], [ -0.12504, 51.574178 ], [ -0.124492, 51.574313 ], [ -0.123865, 51.574634 ], [ -0.123188, 51.574799 ], [ -0.122666, 51.574842 ], [ -0.120854, 51.575221 ], [ -0.119941, 51.575373 ], [ -0.119505, 51.575416 ], [ -0.118968, 51.574986 ], [ -0.118103, 51.574587 ], [ -0.117291, 51.574058 ], [ -0.116787, 51.573647 ], [ -0.115954, 51.573025 ], [ -0.115296, 51.572475 ], [ -0.115934, 51.572001 ], [ -0.114418, 51.570739 ], [ -0.114846, 51.570466 ], [ -0.113428, 51.569796 ], [ -0.112155, 51.569211 ], [ -0.111002, 51.568683 ], [ -0.109703, 51.567945 ], [ -0.108403, 51.567306 ], [ -0.107413, 51.566576 ], [ -0.106698, 51.565859 ], [ -0.105965, 51.565307 ], [ -0.105157, 51.564861 ], [ -0.104667, 51.564596 ], [ -0.104524, 51.564432 ], [ -0.104126, 51.564552 ], [ -0.103125, 51.565305 ], [ -0.101937, 51.566008 ], [ -0.100734, 51.566789 ], [ -0.099586, 51.567654 ], [ -0.098717, 51.568504 ], [ -0.097599, 51.569284 ], [ -0.096253, 51.570286 ], [ -0.095952, 51.570615 ], [ -0.094922, 51.569476 ], [ -0.094475, 51.568479 ], [ -0.094064, 51.567874 ], [ -0.093961, 51.567072 ], [ -0.093819, 51.56625 ], [ -0.09335, 51.565411 ], [ -0.093041, 51.564727 ], [ -0.092291, 51.563399 ], [ -0.092058, 51.562506 ], [ -0.091203, 51.562972 ], [ -0.090501, 51.563443 ], [ -0.090288, 51.56349 ], [ -0.090695, 51.56258 ], [ -0.089837, 51.562289 ], [ -0.089051, 51.56206 ], [ -0.088334, 51.561525 ], [ -0.087896, 51.561006 ], [ -0.087885, 51.560156 ], [ -0.088214, 51.559205 ], [ -0.088661, 51.558342 ], [ -0.089374, 51.557554 ], [ -0.089865, 51.557344 ], [ -0.090139, 51.557247 ], [ -0.090691, 51.55707 ], [ -0.09072, 51.556053 ], [ -0.090994, 51.554936 ], [ -0.09101, 51.554284 ], [ -0.090542, 51.554026 ], [ -0.090017, 51.553747 ], [ -0.089608, 51.553815 ], [ -0.089123, 51.553929 ], [ -0.088655, 51.553351 ], [ -0.088231, 51.552839 ], [ -0.08764, 51.552723 ], [ -0.087018, 51.552563 ], [ -0.086516, 51.552376 ], [ -0.086371, 51.552712 ], [ -0.086172, 51.553232 ], [ -0.085873, 51.554002 ], [ -0.085475, 51.554934 ], [ -0.085412, 51.555405 ], [ -0.085359, 51.555918 ], [ -0.084083, 51.555889 ], [ -0.084256, 51.555471 ], [ -0.08467, 51.554588 ], [ -0.085038, 51.553792 ], [ -0.085533, 51.552886 ], [ -0.085831, 51.552216 ], [ -0.085359, 51.552213 ], [ -0.085081, 51.552963 ], [ -0.084629, 51.553713 ], [ -0.084281, 51.554183 ], [ -0.084089, 51.554589 ], [ -0.083942, 51.555096 ], [ -0.083787, 51.555487 ], [ -0.083641, 51.555775 ], [ -0.082474, 51.555642 ], [ -0.081004, 51.555496 ], [ -0.080003, 51.555512 ], [ -0.079607, 51.555505 ], [ -0.079448, 51.556537 ], [ -0.079279, 51.557522 ], [ -0.078993, 51.558035 ], [ -0.078827, 51.558258 ], [ -0.077851, 51.558709 ], [ -0.076287, 51.559221 ], [ -0.075199, 51.559596 ], [ -0.074656, 51.5598 ], [ -0.073988, 51.559851 ], [ -0.074468, 51.558373 ], [ -0.074602, 51.556409 ], [ -0.074735, 51.555512 ], [ -0.074998, 51.5551 ], [ -0.076238, 51.555111 ], [ -0.077121, 51.555169 ], [ -0.077996, 51.55534 ], [ -0.078467, 51.555261 ], [ -0.078947, 51.55534 ], [ -0.079444, 51.555291 ], [ -0.080092, 51.555152 ], [ -0.080453, 51.553959 ], [ -0.080924, 51.552672 ], [ -0.081112, 51.552193 ], [ -0.080513, 51.552146 ], [ -0.0801, 51.552018 ], [ -0.079838, 51.551807 ], [ -0.079676, 51.551653 ], [ -0.079099, 51.551145 ], [ -0.078767, 51.550587 ], [ -0.078219, 51.549913 ], [ -0.078096, 51.549738 ], [ -0.077795, 51.549398 ], [ -0.077359, 51.548509 ], [ -0.077058, 51.547727 ], [ -0.076974, 51.546959 ], [ -0.077075, 51.546703 ], [ -0.077526, 51.546516 ], [ -0.078402, 51.546189 ], [ -0.079906, 51.546326 ], [ -0.080762, 51.546416 ], [ -0.080968, 51.546166 ], [ -0.082646, 51.546223 ], [ -0.083679, 51.546329 ], [ -0.084528, 51.546349 ], [ -0.084307, 51.545767 ], [ -0.084522, 51.545095 ], [ -0.085232, 51.543105 ], [ -0.086121, 51.540566 ], [ -0.086804, 51.538624 ], [ -0.087142, 51.537308 ], [ -0.087209, 51.537002 ], [ -0.087758, 51.537095 ], [ -0.088164, 51.537342 ], [ -0.088627, 51.537549 ], [ -0.088852, 51.536961 ], [ -0.089465, 51.536103 ], [ -0.089941, 51.535808 ], [ -0.090573, 51.535371 ], [ -0.091369, 51.534846 ], [ -0.092162, 51.534326 ], [ -0.093216, 51.533723 ], [ -0.094195, 51.53332 ], [ -0.095286, 51.532812 ], [ -0.096033, 51.532485 ], [ -0.09633, 51.532391 ], [ -0.095581, 51.531194 ], [ -0.097049, 51.530976 ], [ -0.097946, 51.53086 ], [ -0.098557, 51.530788 ], [ -0.100079, 51.530531 ], [ -0.100512, 51.529765 ], [ -0.100607, 51.529452 ], [ -0.100552, 51.529206 ], [ -0.100508, 51.52895 ], [ -0.1015, 51.529425 ], [ -0.10225, 51.529927 ], [ -0.103125, 51.530354 ], [ -0.104136, 51.530726 ], [ -0.104636, 51.530881 ], [ -0.10522, 51.531103 ], [ -0.105158, 51.531949 ], [ -0.105226, 51.532369 ], [ -0.105566, 51.532771 ], [ -0.105886, 51.533076 ], [ -0.10611, 51.533543 ], [ -0.106191, 51.534042 ], [ -0.107392, 51.533951 ], [ -0.107971, 51.533715 ], [ -0.107995, 51.533558 ], [ -0.108687, 51.53343 ], [ -0.108898, 51.533413 ], [ -0.109793, 51.533166 ], [ -0.110343, 51.533111 ], [ -0.110384, 51.533011 ], [ -0.111138, 51.533103 ], [ -0.113167, 51.533464 ], [ -0.114621, 51.533785 ], [ -0.115329, 51.533948 ], [ -0.116903, 51.534229 ], [ -0.117951, 51.534299 ], [ -0.118596, 51.534337 ], [ -0.119567, 51.533507 ], [ -0.120574, 51.53274 ], [ -0.121407, 51.532106 ], [ -0.121752, 51.531772 ], [ -0.121901, 51.531204 ], [ -0.121915, 51.530904 ], [ -0.122562, 51.530929 ], [ -0.123441, 51.530863 ], [ -0.123351, 51.531242 ], [ -0.123325, 51.53186 ], [ -0.123314, 51.532845 ], [ -0.123188, 51.533768 ], [ -0.123148, 51.534614 ], [ -0.123136, 51.535537 ], [ -0.123158, 51.536403 ], [ -0.12326, 51.53705 ], [ -0.123378, 51.537768 ], [ -0.12361, 51.538424 ], [ -0.124281, 51.539062 ], [ -0.124905, 51.539736 ], [ -0.125589, 51.540454 ], [ -0.125801, 51.541138 ], [ -0.125871, 51.541354 ], [ -0.126398, 51.542183 ], [ -0.126483, 51.543161 ], [ -0.126708, 51.544062 ], [ -0.127049, 51.544887 ], [ -0.127208, 51.546046 ], [ -0.127406, 51.546996 ], [ -0.127734, 51.547669 ], [ -0.128477, 51.548111 ], [ -0.129551, 51.548615 ], [ -0.130257, 51.549102 ], [ -0.130821, 51.549866 ], [ -0.131145, 51.55047 ], [ -0.131652, 51.551191 ], [ -0.131748, 51.551352 ], [ -0.13199, 51.55141 ], [ -0.132734, 51.551808 ], [ -0.133567, 51.552262 ], [ -0.134183, 51.552737 ], [ -0.134827, 51.553246 ], [ -0.135467, 51.553742 ], [ -0.135708, 51.554162 ], [ -0.136036, 51.55447 ], [ -0.136669, 51.554661 ], [ -0.137673, 51.555067 ], [ -0.1381, 51.555601 ], [ -0.138747, 51.556577 ], [ -0.139438, 51.557512 ], [ -0.139844, 51.558388 ], [ -0.140946, 51.560151 ], [ -0.140997, 51.560784 ], [ -0.140866, 51.561418 ], [ -0.140601, 51.562138 ], [ -0.140505, 51.562636 ], [ -0.140519, 51.56321 ], [ -0.140446, 51.564075 ], [ -0.140519, 51.564729 ], [ -0.140825, 51.565616 ], [ -0.140974, 51.566311 ], [ -0.141107, 51.567009 ], [ -0.141174, 51.567653 ], [ -0.141351, 51.568184 ], [ -0.142034, 51.569027 ], [ -0.141662, 51.569339 ] ] ] } },
{ "type": "Feature", "properties": { "_ROWID_": 575, "pk": 575, "g_unit": 10093351.0, "g_name": "PANCRAS", "namestatus": "O", "g_language": "eng", "unittype": "PR_DIST", "g_status": "RegD", "nation": "ENGLAND", "g_year": 1851.0, "im_auth": "GBHGIS", "im_note": null, "notes": null }, "geometry": { "type": "Polygon", "coordinates": [ [ [ -0.173105, 51.570909 ], [ -0.171876, 51.571397 ], [ -0.172886, 51.571711 ], [ -0.170015, 51.571712 ], [ -0.169101, 51.571847 ], [ -0.167843, 51.57208 ], [ -0.166367, 51.572467 ], [ -0.165439, 51.572538 ], [ -0.165182, 51.572368 ], [ -0.163602, 51.572332 ], [ -0.161025, 51.572444 ], [ -0.159049, 51.57239 ], [ -0.156368, 51.572043 ], [ -0.153968, 51.571859 ], [ -0.15094, 51.571743 ], [ -0.149108, 51.571646 ], [ -0.145308, 51.570563 ], [ -0.143729, 51.570196 ], [ -0.142834, 51.569877 ], [ -0.141988, 51.56956 ], [ -0.141662, 51.569339 ], [ -0.142034, 51.569027 ], [ -0.141351, 51.568184 ], [ -0.141174, 51.567653 ], [ -0.141107, 51.567009 ], [ -0.140974, 51.566311 ], [ -0.140825, 51.565616 ], [ -0.140519, 51.564729 ], [ -0.140446, 51.564075 ], [ -0.140519, 51.56321 ], [ -0.140505, 51.562636 ], [ -0.140601, 51.562138 ], [ -0.140866, 51.561418 ], [ -0.140997, 51.560784 ], [ -0.140946, 51.560151 ], [ -0.139844, 51.558388 ], [ -0.139438, 51.557512 ], [ -0.138747, 51.556577 ], [ -0.1381, 51.555601 ], [ -0.137673, 51.555067 ], [ -0.136669, 51.554661 ], [ -0.136036, 51.55447 ], [ -0.135708, 51.554162 ], [ -0.135467, 51.553742 ], [ -0.134827, 51.553246 ], [ -0.134183, 51.552737 ], [ -0.133567, 51.552262 ], [ -0.132734, 51.551808 ], [ -0.13199, 51.55141 ], [ -0.131748, 51.551352 ], [ -0.131652, 51.551191 ], [ -0.131145, 51.55047 ], [ -0.130821, 51.549866 ], [ -0.130257, 51.549102 ], [ -0.129551, 51.548615 ], [ -0.128477, 51.548111 ], [ -0.127734, 51.547669 ], [ -0.127406, 51.546996 ], [ -0.127208, 51.546046 ], [ -0.127049, 51.544887 ], [ -0.126708, 51.544062 ], [ -0.126483, 51.543161 ], [ -0.126398, 51.542183 ], [ -0.125871, 51.541354 ], [ -0.125801, 51.541138 ], [ -0.125589, 51.540454 ], [ -0.124905, 51.539736 ], [ -0.124281, 51.539062 ], [ -0.12361, 51.538424 ], [ -0.123378, 51.537768 ], [ -0.12326, 51.53705 ], [ -0.123158, 51.536403 ], [ -0.123136, 51.535537 ], [ -0.123148, 51.534614 ], [ -0.123188, 51.533768 ], [ -0.123314, 51.532845 ], [ -0.123325, 51.53186 ], [ -0.123351, 51.531242 ], [ -0.123441, 51.530863 ], [ -0.122562, 51.530929 ], [ -0.121915, 51.530904 ], [ -0.120622, 51.531005 ], [ -0.119248, 51.530749 ], [ -0.118046, 51.530422 ], [ -0.117353, 51.530198 ], [ -0.117102, 51.530103 ], [ -0.116681, 51.52987 ], [ -0.116545, 51.529328 ], [ -0.116418, 51.528152 ], [ -0.116164, 51.527822 ], [ -0.11548, 51.527421 ], [ -0.114716, 51.526966 ], [ -0.114265, 51.526663 ], [ -0.113671, 51.526438 ], [ -0.114351, 51.526091 ], [ -0.114963, 51.52556 ], [ -0.114716, 51.525167 ], [ -0.114158, 51.524441 ], [ -0.11353, 51.524073 ], [ -0.11286, 51.523724 ], [ -0.113493, 51.523173 ], [ -0.113944, 51.522994 ], [ -0.114787, 51.52279 ], [ -0.115175, 51.523145 ], [ -0.115903, 51.522986 ], [ -0.116929, 51.523011 ], [ -0.117625, 51.523035 ], [ -0.118412, 51.523069 ], [ -0.119646, 51.52297 ], [ -0.121018, 51.522688 ], [ -0.122079, 51.522267 ], [ -0.123184, 51.521921 ], [ -0.123735, 51.521705 ], [ -0.124082, 51.521522 ], [ -0.125106, 51.522581 ], [ -0.124275, 51.52373 ], [ -0.123772, 51.524573 ], [ -0.123368, 51.525152 ], [ -0.123256, 51.525417 ], [ -0.123811, 51.525746 ], [ -0.124169, 51.52602 ], [ -0.124598, 51.526306 ], [ -0.125082, 51.526011 ], [ -0.125612, 51.525749 ], [ -0.126392, 51.525491 ], [ -0.127349, 51.525295 ], [ -0.127752, 51.525 ], [ -0.128549, 51.524602 ], [ -0.129948, 51.524166 ], [ -0.131105, 51.523621 ], [ -0.131476, 51.523436 ], [ -0.131919, 51.523056 ], [ -0.132666, 51.522522 ], [ -0.133707, 51.521781 ], [ -0.134908, 51.521279 ], [ -0.135625, 51.520969 ], [ -0.134543, 51.520056 ], [ -0.133636, 51.519204 ], [ -0.132425, 51.518066 ], [ -0.131899, 51.517524 ], [ -0.131606, 51.517241 ], [ -0.131153, 51.51681 ], [ -0.131186, 51.516619 ], [ -0.131198, 51.516526 ], [ -0.131494, 51.516661 ], [ -0.132361, 51.516784 ], [ -0.133008, 51.516915 ], [ -0.133945, 51.517278 ], [ -0.134607, 51.517747 ], [ -0.1352, 51.518049 ], [ -0.135903, 51.51842 ], [ -0.136365, 51.518713 ], [ -0.136696, 51.518938 ], [ -0.137128, 51.519155 ], [ -0.137352, 51.519384 ], [ -0.137664, 51.519529 ], [ -0.138038, 51.519839 ], [ -0.138203, 51.520075 ], [ -0.138651, 51.520442 ], [ -0.139092, 51.520579 ], [ -0.139481, 51.520636 ], [ -0.139688, 51.520572 ], [ -0.140539, 51.521115 ], [ -0.141912, 51.52231 ], [ -0.143149, 51.523338 ], [ -0.143969, 51.524022 ], [ -0.144055, 51.524254 ], [ -0.144535, 51.524891 ], [ -0.145103, 51.525322 ], [ -0.14543, 51.525646 ], [ -0.14565, 51.525863 ], [ -0.146482, 51.526401 ], [ -0.147168, 51.52707 ], [ -0.148229, 51.528113 ], [ -0.148904, 51.528974 ], [ -0.149578, 51.529763 ], [ -0.15052, 51.530297 ], [ -0.150878, 51.53106 ], [ -0.151219, 51.531913 ], [ -0.151544, 51.532852 ], [ -0.151901, 51.533758 ], [ -0.152318, 51.533969 ], [ -0.153201, 51.534555 ], [ -0.154396, 51.535535 ], [ -0.155728, 51.536452 ], [ -0.156427, 51.537068 ], [ -0.156673, 51.537285 ], [ -0.157493, 51.537757 ], [ -0.158523, 51.538757 ], [ -0.159221, 51.539289 ], [ -0.160246, 51.54024 ], [ -0.15923, 51.541175 ], [ -0.158217, 51.541922 ], [ -0.157804, 51.542363 ], [ -0.157233, 51.54274 ], [ -0.156173, 51.542631 ], [ -0.155672, 51.542634 ], [ -0.155468, 51.543003 ], [ -0.154646, 51.543199 ], [ -0.153562, 51.543458 ], [ -0.15326, 51.543635 ], [ -0.154261, 51.544183 ], [ -0.155393, 51.544905 ], [ -0.156071, 51.545428 ], [ -0.156153, 51.54553 ], [ -0.156132, 51.545856 ], [ -0.156199, 51.545964 ], [ -0.156957, 51.546442 ], [ -0.157499, 51.54668 ], [ -0.157763, 51.546784 ], [ -0.157871, 51.547838 ], [ -0.157669, 51.548432 ], [ -0.15783, 51.548928 ], [ -0.15782, 51.549385 ], [ -0.157518, 51.549911 ], [ -0.15753, 51.550537 ], [ -0.157754, 51.55097 ], [ -0.158138, 51.551364 ], [ -0.158146, 51.551757 ], [ -0.158067, 51.552615 ], [ -0.158208, 51.553809 ], [ -0.158554, 51.555247 ], [ -0.158855, 51.556327 ], [ -0.15923, 51.55727 ], [ -0.159694, 51.557897 ], [ -0.160385, 51.558576 ], [ -0.160541, 51.558768 ], [ -0.160806, 51.559069 ], [ -0.161223, 51.559023 ], [ -0.161642, 51.559132 ], [ -0.161992, 51.559694 ], [ -0.162318, 51.560212 ], [ -0.162524, 51.560813 ], [ -0.16266, 51.560911 ], [ -0.163351, 51.561151 ], [ -0.163733, 51.561975 ], [ -0.163887, 51.562158 ], [ -0.164612, 51.562733 ], [ -0.165316, 51.563093 ], [ -0.165834, 51.563474 ], [ -0.167112, 51.563881 ], [ -0.168518, 51.564512 ], [ -0.169426, 51.565028 ], [ -0.170364, 51.565837 ], [ -0.171144, 51.566241 ], [ -0.171807, 51.566602 ], [ -0.172482, 51.567145 ], [ -0.172598, 51.567449 ], [ -0.172824, 51.568151 ], [ -0.172995, 51.56896 ], [ -0.173187, 51.570039 ], [ -0.173105, 51.570909 ] ] ] } },
{ "type": "Feature", "properties": { "_ROWID_": 576, "pk": 576, "g_unit": 10084477.0, "g_name": "HAMPSTEAD", "namestatus": "P", "g_language": "eng", "unittype": "PR_DIST", "g_status": "RegD", "nation": "ENGLAND", "g_year": 1851.0, "im_auth": "GBHGIS", "im_note": null, "notes": null }, "geometry": { "type": "Polygon", "coordinates": [ [ [ -0.180943, 51.570842 ], [ -0.179589, 51.570279 ], [ -0.175902, 51.57014 ], [ -0.174869, 51.57 ], [ -0.174411, 51.57015 ], [ -0.173809, 51.570626 ], [ -0.173512, 51.570776 ], [ -0.173105, 51.570909 ], [ -0.173187, 51.570039 ], [ -0.172995, 51.56896 ], [ -0.172824, 51.568151 ], [ -0.172598, 51.567449 ], [ -0.172482, 51.567145 ], [ -0.171807, 51.566602 ], [ -0.171144, 51.566241 ], [ -0.170364, 51.565837 ], [ -0.169426, 51.565028 ], [ -0.168518, 51.564512 ], [ -0.167112, 51.563881 ], [ -0.165834, 51.563474 ], [ -0.165316, 51.563093 ], [ -0.164612, 51.562733 ], [ -0.163887, 51.562158 ], [ -0.163733, 51.561975 ], [ -0.163351, 51.561151 ], [ -0.16266, 51.560911 ], [ -0.162524, 51.560813 ], [ -0.162318, 51.560212 ], [ -0.161992, 51.559694 ], [ -0.161642, 51.559132 ], [ -0.161223, 51.559023 ], [ -0.160806, 51.559069 ], [ -0.160541, 51.558768 ], [ -0.160385, 51.558576 ], [ -0.159694, 51.557897 ], [ -0.15923, 51.55727 ], [ -0.158855, 51.556327 ], [ -0.158554, 51.555247 ], [ -0.158208, 51.553809 ], [ -0.158067, 51.552615 ], [ -0.158146, 51.551757 ], [ -0.158138, 51.551364 ], [ -0.157754, 51.55097 ], [ -0.15753, 51.550537 ], [ -0.157518, 51.549911 ], [ -0.15782, 51.549385 ], [ -0.15783, 51.548928 ], [ -0.157669, 51.548432 ], [ -0.157871, 51.547838 ], [ -0.157763, 51.546784 ], [ -0.157499, 51.54668 ], [ -0.156957, 51.546442 ], [ -0.156199, 51.545964 ], [ -0.156132, 51.545856 ], [ -0.156153, 51.54553 ], [ -0.156071, 51.545428 ], [ -0.155393, 51.544905 ], [ -0.154261, 51.544183 ], [ -0.15326, 51.543635 ], [ -0.153562, 51.543458 ], [ -0.154646, 51.543199 ], [ -0.155468, 51.543003 ], [ -0.155672, 51.542634 ], [ -0.156173, 51.542631 ], [ -0.157233, 51.54274 ], [ -0.157804, 51.542363 ], [ -0.158217, 51.541922 ], [ -0.15923, 51.541175 ], [ -0.160246, 51.54024 ], [ -0.159221, 51.539289 ], [ -0.158523, 51.538757 ], [ -0.159508, 51.538374 ], [ -0.16032, 51.53818 ], [ -0.161183, 51.538231 ], [ -0.161569, 51.538372 ], [ -0.162379, 51.538161 ], [ -0.164038, 51.537868 ], [ -0.165107, 51.537783 ], [ -0.166421, 51.537651 ], [ -0.167624, 51.537579 ], [ -0.168344, 51.537529 ], [ -0.169219, 51.537541 ], [ -0.170269, 51.537625 ], [ -0.171098, 51.537874 ], [ -0.171889, 51.538063 ], [ -0.172655, 51.538401 ], [ -0.173308, 51.538614 ], [ -0.174048, 51.538833 ], [ -0.175194, 51.538944 ], [ -0.176392, 51.539039 ], [ -0.177706, 51.538906 ], [ -0.178526, 51.538761 ], [ -0.179831, 51.5384 ], [ -0.181662, 51.537781 ], [ -0.18252, 51.537442 ], [ -0.182973, 51.537297 ], [ -0.183357, 51.537063 ], [ -0.183918, 51.536711 ], [ -0.184874, 51.536081 ], [ -0.185565, 51.535819 ], [ -0.185873, 51.535729 ], [ -0.186713, 51.536199 ], [ -0.18709, 51.5364 ], [ -0.18839, 51.536661 ], [ -0.189676, 51.536929 ], [ -0.189419, 51.536094 ], [ -0.189157, 51.535513 ], [ -0.189141, 51.535387 ], [ -0.189706, 51.535606 ], [ -0.190313, 51.536014 ], [ -0.191575, 51.537215 ], [ -0.192933, 51.538429 ], [ -0.194972, 51.540368 ], [ -0.199619, 51.543988 ], [ -0.20574, 51.547776 ], [ -0.209686, 51.550911 ], [ -0.211027, 51.551918 ], [ -0.212724, 51.553281 ], [ -0.214413, 51.55479 ], [ -0.213523, 51.555387 ], [ -0.21227, 51.555939 ], [ -0.21112, 51.556362 ], [ -0.210285, 51.555636 ], [ -0.209759, 51.555313 ], [ -0.208413, 51.555748 ], [ -0.206935, 51.556031 ], [ -0.206757, 51.554889 ], [ -0.205129, 51.555201 ], [ -0.203627, 51.555448 ], [ -0.201576, 51.555819 ], [ -0.200167, 51.555951 ], [ -0.200337, 51.556473 ], [ -0.200255, 51.557001 ], [ -0.199887, 51.557436 ], [ -0.199457, 51.557844 ], [ -0.199284, 51.558361 ], [ -0.198968, 51.558791 ], [ -0.198276, 51.559412 ], [ -0.197899, 51.559736 ], [ -0.197325, 51.559806 ], [ -0.197163, 51.560019 ], [ -0.197458, 51.560423 ], [ -0.197578, 51.560762 ], [ -0.196484, 51.56055 ], [ -0.195634, 51.560493 ], [ -0.195108, 51.560511 ], [ -0.194973, 51.560706 ], [ -0.194701, 51.560883 ], [ -0.19418, 51.561024 ], [ -0.193854, 51.561033 ], [ -0.193167, 51.561354 ], [ -0.19274, 51.56168 ], [ -0.192019, 51.561786 ], [ -0.191149, 51.561909 ], [ -0.190736, 51.562417 ], [ -0.190286, 51.56342 ], [ -0.191469, 51.564399 ], [ -0.193704, 51.564871 ], [ -0.192694, 51.56542 ], [ -0.192048, 51.565726 ], [ -0.192426, 51.565654 ], [ -0.191833, 51.565931 ], [ -0.191701, 51.566032 ], [ -0.191487, 51.566165 ], [ -0.190411, 51.566591 ], [ -0.189636, 51.567132 ], [ -0.189486, 51.567384 ], [ -0.187921, 51.56781 ], [ -0.187151, 51.568064 ], [ -0.186775, 51.568275 ], [ -0.185724, 51.568689 ], [ -0.184678, 51.569216 ], [ -0.183962, 51.569486 ], [ -0.183077, 51.569795 ], [ -0.180889, 51.569767 ], [ -0.180513, 51.569835 ], [ -0.181074, 51.570642 ], [ -0.180943, 51.570842 ] ] ] } },
{ "type": "Feature", "properties": { "_ROWID_": 577, "pk": 577, "g_unit": 10097630.0, "g_name": "BRENTFORD", "namestatus": "P", "g_language": "eng", "unittype": "PR_DIST", "g_status": "RegD", "nation": "ENGLAND", "g_year": 1851.0, "im_auth": "GBHGIS", "im_note": null, "notes": null }, "geometry": { "type": "Polygon", "coordinates": [ [ [ -0.341926, 51.559136 ], [ -0.340898, 51.558175 ], [ -0.33732, 51.557321 ], [ -0.335002, 51.556888 ], [ -0.332821, 51.55613 ], [ -0.331696, 51.55525 ], [ -0.330101, 51.554535 ], [ -0.328482, 51.554422 ], [ -0.327501, 51.554523 ], [ -0.3261, 51.55338 ], [ -0.324717, 51.552931 ], [ -0.322697, 51.553369 ], [ -0.321577, 51.553557 ], [ -0.320473, 51.553457 ], [ -0.319535, 51.55258 ], [ -0.319758, 51.551602 ], [ -0.319782, 51.550968 ], [ -0.319499, 51.549839 ], [ -0.318702, 51.548846 ], [ -0.318339, 51.548639 ], [ -0.317965, 51.54875 ], [ -0.310063, 51.547337 ], [ -0.308992, 51.547467 ], [ -0.308159, 51.547542 ], [ -0.30716, 51.547096 ], [ -0.307136, 51.546431 ], [ -0.307304, 51.545507 ], [ -0.307581, 51.544005 ], [ -0.307748, 51.543052 ], [ -0.307792, 51.541516 ], [ -0.307402, 51.540612 ], [ -0.306871, 51.539735 ], [ -0.306176, 51.537955 ], [ -0.306246, 51.536939 ], [ -0.307256, 51.535061 ], [ -0.307009, 51.533544 ], [ -0.306611, 51.532548 ], [ -0.30652, 51.532459 ], [ -0.304624, 51.532287 ], [ -0.302339, 51.532717 ], [ -0.302793, 51.533307 ], [ -0.30353, 51.533698 ], [ -0.299816, 51.533316 ], [ -0.297393, 51.533771 ], [ -0.297877, 51.535 ], [ -0.295607, 51.535024 ], [ -0.295056, 51.534871 ], [ -0.294542, 51.535154 ], [ -0.293798, 51.535377 ], [ -0.292972, 51.535162 ], [ -0.292612, 51.534721 ], [ -0.292114, 51.534131 ], [ -0.29114, 51.533937 ], [ -0.291429, 51.533506 ], [ -0.291204, 51.533065 ], [ -0.290934, 51.532536 ], [ -0.289879, 51.531407 ], [ -0.289277, 51.530986 ], [ -0.286985, 51.530611 ], [ -0.285822, 51.53012 ], [ -0.285461, 51.529474 ], [ -0.285195, 51.528743 ], [ -0.285068, 51.528102 ], [ -0.284886, 51.527809 ], [ -0.27995, 51.527989 ], [ -0.277909, 51.527988 ], [ -0.274277, 51.528924 ], [ -0.272414, 51.529334 ], [ -0.270324, 51.529567 ], [ -0.268738, 51.529864 ], [ -0.26644, 51.53079 ], [ -0.264878, 51.531842 ], [ -0.263648, 51.532609 ], [ -0.262231, 51.533287 ], [ -0.260727, 51.533675 ], [ -0.258242, 51.534021 ], [ -0.256131, 51.534284 ], [ -0.253789, 51.534457 ], [ -0.251032, 51.53442 ], [ -0.250008, 51.53429 ], [ -0.248995, 51.533898 ], [ -0.247622, 51.533121 ], [ -0.246618, 51.532523 ], [ -0.247601, 51.532421 ], [ -0.247719, 51.532186 ], [ -0.247948, 51.531813 ], [ -0.248292, 51.531265 ], [ -0.248861, 51.530819 ], [ -0.249214, 51.530394 ], [ -0.249806, 51.529723 ], [ -0.250196, 51.529228 ], [ -0.250693, 51.528805 ], [ -0.250517, 51.528601 ], [ -0.249049, 51.528166 ], [ -0.247699, 51.527985 ], [ -0.246682, 51.527912 ], [ -0.246065, 51.527544 ], [ -0.245734, 51.527171 ], [ -0.244968, 51.526667 ], [ -0.244507, 51.526362 ], [ -0.244502, 51.525898 ], [ -0.244441, 51.525618 ], [ -0.244457, 51.525291 ], [ -0.24457, 51.524824 ], [ -0.245211, 51.524341 ], [ -0.245704, 51.52374 ], [ -0.246093, 51.523324 ], [ -0.246606, 51.523084 ], [ -0.246918, 51.522988 ], [ -0.247062, 51.522765 ], [ -0.247269, 51.522475 ], [ -0.247556, 51.522425 ], [ -0.24754, 51.522139 ], [ -0.247568, 51.521804 ], [ -0.247824, 51.521389 ], [ -0.248026, 51.521215 ], [ -0.248856, 51.520919 ], [ -0.249633, 51.520951 ], [ -0.249772, 51.520743 ], [ -0.250076, 51.520674 ], [ -0.249948, 51.520386 ], [ -0.250145, 51.520311 ], [ -0.250981, 51.520298 ], [ -0.251309, 51.520016 ], [ -0.252145, 51.519449 ], [ -0.252301, 51.518577 ], [ -0.251917, 51.517204 ], [ -0.251108, 51.514773 ], [ -0.250898, 51.51346 ], [ -0.249031, 51.512152 ], [ -0.247673, 51.512088 ], [ -0.247179, 51.511801 ], [ -0.246558, 51.511289 ], [ -0.245843, 51.510493 ], [ -0.245421, 51.509773 ], [ -0.244779, 51.508358 ], [ -0.244182, 51.506625 ], [ -0.245656, 51.506555 ], [ -0.244593, 51.504421 ], [ -0.246512, 51.503936 ], [ -0.247023, 51.50446 ], [ -0.247432, 51.50448 ], [ -0.249461, 51.504198 ], [ -0.251749, 51.504178 ], [ -0.252164, 51.504415 ], [ -0.253533, 51.50431 ], [ -0.254739, 51.504088 ], [ -0.255963, 51.503707 ], [ -0.255681, 51.503375 ], [ -0.254731, 51.502791 ], [ -0.254101, 51.502182 ], [ -0.253569, 51.501173 ], [ -0.253334, 51.500381 ], [ -0.252669, 51.500238 ], [ -0.251613, 51.500181 ], [ -0.250652, 51.500019 ], [ -0.251577, 51.499613 ], [ -0.250916, 51.49935 ], [ -0.249826, 51.498715 ], [ -0.248884, 51.498037 ], [ -0.248147, 51.497263 ], [ -0.247863, 51.497306 ], [ -0.246912, 51.497377 ], [ -0.245721, 51.497644 ], [ -0.244498, 51.497939 ], [ -0.243803, 51.498072 ], [ -0.2431, 51.498394 ], [ -0.243195, 51.497867 ], [ -0.243251, 51.497298 ], [ -0.243601, 51.496647 ], [ -0.244053, 51.495908 ], [ -0.244714, 51.494661 ], [ -0.245224, 51.493622 ], [ -0.245294, 51.493348 ], [ -0.245513, 51.492943 ], [ -0.245489, 51.492334 ], [ -0.245791, 51.491603 ], [ -0.245885, 51.491063 ], [ -0.246169, 51.490469 ], [ -0.247137, 51.490177 ], [ -0.249753, 51.488891 ], [ -0.252709, 51.486655 ], [ -0.259246, 51.47299 ], [ -0.259829, 51.472762 ], [ -0.262754, 51.47268 ], [ -0.277185, 51.47713 ], [ -0.27939, 51.481601 ], [ -0.279589, 51.481774 ], [ -0.284213, 51.485807 ], [ -0.285738, 51.486596 ], [ -0.288434, 51.48799 ], [ -0.290932, 51.488783 ], [ -0.294874, 51.489139 ], [ -0.298324, 51.488294 ], [ -0.301574, 51.486435 ], [ -0.306591, 51.480454 ], [ -0.308053, 51.47923 ], [ -0.314554, 51.473994 ], [ -0.31432, 51.473483 ], [ -0.316502, 51.472485 ], [ -0.318946, 51.471332 ], [ -0.320613, 51.469939 ], [ -0.320629, 51.469513 ], [ -0.32013, 51.46792 ], [ -0.319554, 51.466788 ], [ -0.3223, 51.466095 ], [ -0.321459, 51.463054 ], [ -0.317305, 51.460721 ], [ -0.314617, 51.46022 ], [ -0.310865, 51.459176 ], [ -0.310466, 51.459061 ], [ -0.309119, 51.458657 ], [ -0.3072, 51.458632 ], [ -0.304396, 51.453038 ], [ -0.304487, 51.452589 ], [ -0.30517, 51.451244 ], [ -0.313225, 51.447252 ], [ -0.319746, 51.445968 ], [ -0.320536, 51.445821 ], [ -0.328245, 51.444833 ], [ -0.331299, 51.444117 ], [ -0.33323, 51.442588 ], [ -0.330547, 51.437633 ], [ -0.330163, 51.436215 ], [ -0.327828, 51.433512 ], [ -0.326817, 51.433155 ], [ -0.327249, 51.43312 ], [ -0.328553, 51.432959 ], [ -0.329969, 51.432916 ], [ -0.331932, 51.432905 ], [ -0.333292, 51.432994 ], [ -0.33877, 51.435401 ], [ -0.341778, 51.436076 ], [ -0.342792, 51.436149 ], [ -0.347774, 51.436873 ], [ -0.350086, 51.437089 ], [ -0.352156, 51.437371 ], [ -0.353793, 51.437649 ], [ -0.361057, 51.44178 ], [ -0.362587, 51.442633 ], [ -0.364273, 51.44314 ], [ -0.36513, 51.443361 ], [ -0.365177, 51.443363 ], [ -0.36562, 51.442964 ], [ -0.366194, 51.443282 ], [ -0.367191, 51.443483 ], [ -0.367991, 51.443529 ], [ -0.368838, 51.443892 ], [ -0.370349, 51.444776 ], [ -0.370991, 51.444982 ], [ -0.378479, 51.444971 ], [ -0.385095, 51.450065 ], [ -0.385364, 51.450943 ], [ -0.386406, 51.451851 ], [ -0.387534, 51.452734 ], [ -0.388315, 51.452672 ], [ -0.388406, 51.452703 ], [ -0.390488, 51.454705 ], [ -0.39065, 51.455151 ], [ -0.39094, 51.455793 ], [ -0.39147, 51.456276 ], [ -0.392361, 51.456904 ], [ -0.39381, 51.45702 ], [ -0.394637, 51.456873 ], [ -0.396183, 51.45707 ], [ -0.397531, 51.457701 ], [ -0.398883, 51.458523 ], [ -0.399734, 51.459636 ], [ -0.401171, 51.460537 ], [ -0.400294, 51.462034 ], [ -0.40095, 51.463525 ], [ -0.401789, 51.464771 ], [ -0.403349, 51.466052 ], [ -0.403652, 51.466768 ], [ -0.415612, 51.477114 ], [ -0.414626, 51.476806 ], [ -0.412237, 51.476709 ], [ -0.412, 51.47712 ], [ -0.411895, 51.477669 ], [ -0.411788, 51.478302 ], [ -0.411484, 51.479456 ], [ -0.410436, 51.48121 ], [ -0.409455, 51.48211 ], [ -0.408897, 51.482517 ], [ -0.40611, 51.484166 ], [ -0.404786, 51.4855 ], [ -0.404054, 51.486789 ], [ -0.403465, 51.487943 ], [ -0.402734, 51.489151 ], [ -0.40201, 51.490422 ], [ -0.401681, 51.491406 ], [ -0.401409, 51.492256 ], [ -0.40096, 51.493078 ], [ -0.400204, 51.49428 ], [ -0.399645, 51.495164 ], [ -0.399529, 51.495631 ], [ -0.399408, 51.497034 ], [ -0.398977, 51.496835 ], [ -0.395567, 51.496455 ], [ -0.394002, 51.496643 ], [ -0.393304, 51.496493 ], [ -0.391083, 51.495645 ], [ -0.387953, 51.494687 ], [ -0.385449, 51.494117 ], [ -0.382232, 51.493868 ], [ -0.38066, 51.49435 ], [ -0.37953, 51.4947 ], [ -0.378507, 51.494823 ], [ -0.377427, 51.494608 ], [ -0.376488, 51.493966 ], [ -0.375818, 51.493188 ], [ -0.375106, 51.49206 ], [ -0.373933, 51.491336 ], [ -0.372612, 51.491481 ], [ -0.372032, 51.490411 ], [ -0.369278, 51.490189 ], [ -0.368053, 51.490935 ], [ -0.366912, 51.492041 ], [ -0.364345, 51.494613 ], [ -0.362358, 51.495649 ], [ -0.36086, 51.496261 ], [ -0.35559, 51.498115 ], [ -0.349193, 51.498583 ], [ -0.348101, 51.498243 ], [ -0.346748, 51.497507 ], [ -0.345378, 51.496445 ], [ -0.344228, 51.495748 ], [ -0.343462, 51.495244 ], [ -0.343367, 51.495173 ], [ -0.342924, 51.49485 ], [ -0.342831, 51.49482 ], [ -0.341901, 51.494557 ], [ -0.339803, 51.494537 ], [ -0.338928, 51.494671 ], [ -0.337407, 51.495073 ], [ -0.336955, 51.495432 ], [ -0.336388, 51.496472 ], [ -0.33622, 51.496968 ], [ -0.336745, 51.497125 ], [ -0.337326, 51.497649 ], [ -0.337364, 51.498409 ], [ -0.336646, 51.499232 ], [ -0.33718, 51.500171 ], [ -0.337334, 51.500775 ], [ -0.336985, 51.501322 ], [ -0.337551, 51.501893 ], [ -0.338618, 51.502255 ], [ -0.339237, 51.503103 ], [ -0.340972, 51.503454 ], [ -0.341826, 51.503462 ], [ -0.343503, 51.503987 ], [ -0.343948, 51.504472 ], [ -0.343251, 51.505154 ], [ -0.341767, 51.505498 ], [ -0.342067, 51.506159 ], [ -0.342951, 51.50751 ], [ -0.342691, 51.508073 ], [ -0.34193, 51.508213 ], [ -0.341614, 51.509041 ], [ -0.342878, 51.510568 ], [ -0.351375, 51.512151 ], [ -0.349593, 51.51266 ], [ -0.350698, 51.512999 ], [ -0.350803, 51.514123 ], [ -0.348616, 51.514301 ], [ -0.346877, 51.51481 ], [ -0.348805, 51.515924 ], [ -0.349719, 51.516524 ], [ -0.349093, 51.517427 ], [ -0.348897, 51.517865 ], [ -0.349775, 51.518053 ], [ -0.350701, 51.518066 ], [ -0.351949, 51.518171 ], [ -0.352921, 51.518184 ], [ -0.354495, 51.518206 ], [ -0.355652, 51.518339 ], [ -0.357495, 51.518864 ], [ -0.359104, 51.519385 ], [ -0.360993, 51.51988 ], [ -0.363202, 51.520526 ], [ -0.364213, 51.520892 ], [ -0.365669, 51.521938 ], [ -0.365563, 51.522436 ], [ -0.365216, 51.523253 ], [ -0.364634, 51.524125 ], [ -0.364617, 51.52474 ], [ -0.36574, 51.526075 ], [ -0.366778, 51.527144 ], [ -0.367409, 51.527798 ], [ -0.367468, 51.528941 ], [ -0.366835, 51.529986 ], [ -0.366437, 51.532437 ], [ -0.36564, 51.534208 ], [ -0.365374, 51.535314 ], [ -0.365308, 51.535926 ], [ -0.365245, 51.536479 ], [ -0.364398, 51.536788 ], [ -0.363506, 51.537039 ], [ -0.362847, 51.537292 ], [ -0.362463, 51.537666 ], [ -0.362627, 51.538367 ], [ -0.362035, 51.539408 ], [ -0.360848, 51.540207 ], [ -0.360047, 51.540547 ], [ -0.358973, 51.540824 ], [ -0.357529, 51.541185 ], [ -0.357101, 51.541529 ], [ -0.358594, 51.542505 ], [ -0.358835, 51.543611 ], [ -0.35862, 51.544507 ], [ -0.358889, 51.546133 ], [ -0.357464, 51.547274 ], [ -0.354905, 51.549035 ], [ -0.353143, 51.55063 ], [ -0.351864, 51.551794 ], [ -0.3501, 51.552629 ], [ -0.349452, 51.552878 ], [ -0.348245, 51.553405 ], [ -0.346489, 51.554964 ], [ -0.346601, 51.555685 ], [ -0.346492, 51.556144 ], [ -0.345395, 51.557023 ], [ -0.344304, 51.557671 ], [ -0.343352, 51.558263 ], [ -0.342596, 51.558627 ], [ -0.341926, 51.559136 ] ] ] } },
{ "type": "Feature", "properties": { "_ROWID_": 579, "pk": 579, "g_unit": 10111936.0, "g_name": "POPLAR", "namestatus": "P", "g_language": "eng", "unittype": "PR_DIST", "g_status": "RegD", "nation": "ENGLAND", "g_year": 1851.0, "im_auth": "GBHGIS", "im_note": null, "notes": null }, "geometry": { "type": "Polygon", "coordinates": [ [ [ -0.016852, 51.544486 ], [ -0.01677, 51.544261 ], [ -0.016654, 51.543889 ], [ -0.016487, 51.543335 ], [ -0.016319, 51.54258 ], [ -0.01613, 51.541948 ], [ -0.016344, 51.541583 ], [ -0.01673, 51.541517 ], [ -0.016843, 51.541279 ], [ -0.016912, 51.540978 ], [ -0.017252, 51.540748 ], [ -0.017954, 51.540593 ], [ -0.018248, 51.540216 ], [ -0.018297, 51.539723 ], [ -0.018605, 51.539398 ], [ -0.019108, 51.539069 ], [ -0.019377, 51.53852 ], [ -0.019771, 51.538037 ], [ -0.01988, 51.537738 ], [ -0.019508, 51.537643 ], [ -0.01975, 51.537041 ], [ -0.018672, 51.536709 ], [ -0.017887, 51.536515 ], [ -0.015443, 51.53468 ], [ -0.017931, 51.533721 ], [ -0.017923, 51.533527 ], [ -0.017891, 51.533086 ], [ -0.017536, 51.53259 ], [ -0.017344, 51.532288 ], [ -0.01695, 51.531914 ], [ -0.016723, 51.531618 ], [ -0.016662, 51.531338 ], [ -0.016279, 51.531076 ], [ -0.015885, 51.530999 ], [ -0.015155, 51.530824 ], [ -0.014751, 51.530654 ], [ -0.014625, 51.530342 ], [ -0.014619, 51.52992 ], [ -0.014449, 51.529722 ], [ -0.013922, 51.529597 ], [ -0.013462, 51.529462 ], [ -0.012388, 51.529391 ], [ -0.011838, 51.529319 ], [ -0.011352, 51.529248 ], [ -0.011184, 51.529077 ], [ -0.011059, 51.528831 ], [ -0.010911, 51.528508 ], [ -0.010541, 51.528137 ], [ -0.010272, 51.52803 ], [ -0.009887, 51.527859 ], [ -0.009538, 51.527602 ], [ -0.009131, 51.527313 ], [ -0.00901, 51.526977 ], [ -0.008811, 51.526674 ], [ -0.00846, 51.526386 ], [ -0.008067, 51.525901 ], [ -0.008041, 51.525516 ], [ -0.008322, 51.524977 ], [ -0.008528, 51.524545 ], [ -0.008589, 51.523859 ], [ -0.008508, 51.523428 ], [ -0.008356, 51.52305 ], [ -0.008236, 51.522696 ], [ -0.008451, 51.522327 ], [ -0.008867, 51.521757 ], [ -0.00906, 51.521287 ], [ -0.009364, 51.520845 ], [ -0.009545, 51.5203 ], [ -0.00936, 51.519819 ], [ -0.009076, 51.519528 ], [ -0.008301, 51.519167 ], [ -0.007548, 51.518821 ], [ -0.007082, 51.518492 ], [ -0.006733, 51.518174 ], [ -0.006254, 51.517561 ], [ -0.006087, 51.516975 ], [ -0.006009, 51.516539 ], [ -0.005573, 51.516333 ], [ -0.004929, 51.5166 ], [ -0.004498, 51.517049 ], [ -0.004096, 51.517567 ], [ -0.003626, 51.517793 ], [ -0.00308, 51.517892 ], [ -0.002729, 51.517844 ], [ -0.002099, 51.517631 ], [ -0.00134, 51.517171 ], [ -0.000507, 51.516733 ], [ 0.000333, 51.51645 ], [ 0.001249, 51.516102 ], [ 0.001968, 51.51584 ], [ 0.002585, 51.515567 ], [ 0.003408, 51.515011 ], [ 0.003372, 51.514825 ], [ 0.003289, 51.514534 ], [ 0.003237, 51.514228 ], [ 0.003011, 51.513751 ], [ 0.002634, 51.513007 ], [ 0.002315, 51.51232 ], [ 0.001887, 51.511449 ], [ 0.001706, 51.511105 ], [ 0.001849, 51.510767 ], [ 0.002044, 51.510575 ], [ 0.002445, 51.510435 ], [ 0.00281, 51.510493 ], [ 0.003428, 51.510662 ], [ 0.003695, 51.510934 ], [ 0.003896, 51.511424 ], [ 0.004082, 51.511931 ], [ 0.004112, 51.512411 ], [ 0.004156, 51.513039 ], [ 0.004214, 51.513542 ], [ 0.004327, 51.51381 ], [ 0.004764, 51.514186 ], [ 0.005093, 51.514329 ], [ 0.005372, 51.514361 ], [ 0.005812, 51.514353 ], [ 0.006327, 51.514147 ], [ 0.006674, 51.51375 ], [ 0.006698, 51.513429 ], [ 0.006737, 51.512759 ], [ 0.006496, 51.511942 ], [ 0.006008, 51.511173 ], [ 0.005401, 51.510502 ], [ 0.005199, 51.510164 ], [ 0.005286, 51.509942 ], [ 0.005498, 51.509762 ], [ 0.005899, 51.509661 ], [ 0.006692, 51.509599 ], [ 0.007607, 51.509448 ], [ 0.008265, 51.509235 ], [ 0.008774, 51.509005 ], [ 0.0089, 51.508747 ], [ 0.008887, 51.508385 ], [ 0.008778, 51.50795 ], [ 0.008695, 51.507598 ], [ 0.008247, 51.507081 ], [ 0.006794, 51.505597 ], [ 0.006225, 51.505736 ], [ 0.005158, 51.506231 ], [ 0.004128, 51.506593 ], [ 0.002604, 51.506575 ], [ 0.001253, 51.506536 ], [ -0.000054, 51.506358 ], [ -0.001239, 51.505926 ], [ -0.00206, 51.505363 ], [ -0.003117, 51.504541 ], [ -0.003939, 51.504004 ], [ -0.004413, 51.503193 ], [ -0.004856, 51.502392 ], [ -0.005105, 51.501368 ], [ -0.005051, 51.500215 ], [ -0.004823, 51.499124 ], [ -0.004342, 51.49799 ], [ -0.003702, 51.496931 ], [ -0.003028, 51.495671 ], [ -0.002501, 51.494811 ], [ -0.001175, 51.493336 ], [ -0.001047, 51.492824 ], [ -0.000686, 51.492094 ], [ -0.000429, 51.491386 ], [ -0.000531, 51.490867 ], [ -0.000682, 51.490199 ], [ -0.000591, 51.489693 ], [ -0.001094, 51.488527 ], [ -0.001712, 51.487695 ], [ -0.002083, 51.487432 ], [ -0.002791, 51.48698 ], [ -0.00343, 51.486574 ], [ -0.004273, 51.486065 ], [ -0.004921, 51.485856 ], [ -0.005356, 51.485728 ], [ -0.005624, 51.485601 ], [ -0.006254, 51.485419 ], [ -0.007376, 51.48504 ], [ -0.008217, 51.48494 ], [ -0.008843, 51.484746 ], [ -0.009383, 51.484698 ], [ -0.009931, 51.484614 ], [ -0.010495, 51.48453 ], [ -0.011262, 51.484434 ], [ -0.011847, 51.484413 ], [ -0.012508, 51.484346 ], [ -0.013168, 51.484344 ], [ -0.01384, 51.484325 ], [ -0.014552, 51.484372 ], [ -0.015208, 51.484365 ], [ -0.016028, 51.484433 ], [ -0.016713, 51.484487 ], [ -0.01715, 51.484545 ], [ -0.017616, 51.484652 ], [ -0.018431, 51.484763 ], [ -0.01929, 51.485017 ], [ -0.020134, 51.48529 ], [ -0.020679, 51.485536 ], [ -0.021651, 51.485827 ], [ -0.021638, 51.485948 ], [ -0.022197, 51.48615 ], [ -0.023114, 51.486689 ], [ -0.024064, 51.48719 ], [ -0.024751, 51.487646 ], [ -0.025622, 51.488289 ], [ -0.026293, 51.488803 ], [ -0.026693, 51.489221 ], [ -0.027096, 51.489565 ], [ -0.027226, 51.489794 ], [ -0.027576, 51.490188 ], [ -0.027657, 51.490662 ], [ -0.027933, 51.490915 ], [ -0.028291, 51.491373 ], [ -0.028509, 51.491645 ], [ -0.028847, 51.4921 ], [ -0.02907, 51.492601 ], [ -0.029222, 51.493273 ], [ -0.029417, 51.493744 ], [ -0.029803, 51.494249 ], [ -0.029702, 51.495276 ], [ -0.029789, 51.496468 ], [ -0.029254, 51.497947 ], [ -0.028975, 51.49907 ], [ -0.028852, 51.500018 ], [ -0.028875, 51.501163 ], [ -0.02918, 51.502132 ], [ -0.029148, 51.502961 ], [ -0.029256, 51.503795 ], [ -0.029602, 51.504807 ], [ -0.030283, 51.5055 ], [ -0.031197, 51.506216 ], [ -0.030369, 51.506998 ], [ -0.029782, 51.507354 ], [ -0.02912, 51.507602 ], [ -0.02893, 51.507865 ], [ -0.02908, 51.508139 ], [ -0.027975, 51.508313 ], [ -0.028317, 51.509103 ], [ -0.027061, 51.509051 ], [ -0.026216, 51.509254 ], [ -0.025539, 51.508876 ], [ -0.024667, 51.508709 ], [ -0.024058, 51.508532 ], [ -0.023583, 51.508365 ], [ -0.024447, 51.508885 ], [ -0.024708, 51.509273 ], [ -0.024693, 51.509268 ], [ -0.024418, 51.510153 ], [ -0.024293, 51.511075 ], [ -0.024418, 51.51217 ], [ -0.024494, 51.512644 ], [ -0.02473, 51.513085 ], [ -0.024973, 51.513481 ], [ -0.025128, 51.513612 ], [ -0.024055, 51.514088 ], [ -0.023212, 51.515821 ], [ -0.021679, 51.516444 ], [ -0.022379, 51.517035 ], [ -0.022861, 51.517905 ], [ -0.023135, 51.518399 ], [ -0.02352, 51.518454 ], [ -0.02392, 51.518567 ], [ -0.02444, 51.518736 ], [ -0.024853, 51.518939 ], [ -0.02542, 51.519328 ], [ -0.026485, 51.519735 ], [ -0.027405, 51.520103 ], [ -0.02823, 51.520411 ], [ -0.028255, 51.520776 ], [ -0.028238, 51.521195 ], [ -0.0282, 51.521633 ], [ -0.02802, 51.521814 ], [ -0.027586, 51.522176 ], [ -0.028363, 51.523463 ], [ -0.028678, 51.523977 ], [ -0.029345, 51.525035 ], [ -0.029749, 51.525728 ], [ -0.030092, 51.526056 ], [ -0.031115, 51.527657 ], [ -0.031877, 51.528775 ], [ -0.032111, 51.529021 ], [ -0.032393, 51.529079 ], [ -0.03281, 51.529448 ], [ -0.033129, 51.52943 ], [ -0.033742, 51.530212 ], [ -0.034469, 51.530021 ], [ -0.034827, 51.529931 ], [ -0.034929, 51.530119 ], [ -0.035852, 51.531154 ], [ -0.036212, 51.531415 ], [ -0.037443, 51.533846 ], [ -0.038397, 51.533924 ], [ -0.037504, 51.534274 ], [ -0.037879, 51.53514 ], [ -0.037872, 51.5359 ], [ -0.038806, 51.536187 ], [ -0.039029, 51.536496 ], [ -0.036755, 51.537935 ], [ -0.035245, 51.538814 ], [ -0.034523, 51.539301 ], [ -0.034888, 51.54025 ], [ -0.035277, 51.540685 ], [ -0.031882, 51.540889 ], [ -0.031245, 51.541181 ], [ -0.030042, 51.541557 ], [ -0.029043, 51.541817 ], [ -0.027582, 51.542112 ], [ -0.026028, 51.542725 ], [ -0.025565, 51.543319 ], [ -0.025253, 51.543656 ], [ -0.022792, 51.543974 ], [ -0.022604, 51.543577 ], [ -0.022104, 51.543694 ], [ -0.021953, 51.543669 ], [ -0.021117, 51.543764 ], [ -0.020475, 51.54397 ], [ -0.019978, 51.544019 ], [ -0.019397, 51.543982 ], [ -0.018151, 51.544214 ], [ -0.016852, 51.544486 ] ] ] } },
{ "type": "Feature", "properties": { "_ROWID_": 581, "pk": 581, "g_unit": 10081749.0, "g_name": "ST OLAVE SOUTHWARK", "namestatus": "O", "g_language": "eng", "unittype": "PR_DIST", "g_status": "RegD", "nation": "ENGLAND", "g_year": 1851.0, "im_auth": "GBHGIS", "im_note": null, "notes": null }, "geometry": { "type": "Polygon", "coordinates": [ [ [ -0.086912, 51.507781 ], [ -0.085502, 51.507627 ], [ -0.083648, 51.507399 ], [ -0.0814, 51.507104 ], [ -0.07988, 51.506982 ], [ -0.078707, 51.506723 ], [ -0.077844, 51.506409 ], [ -0.076251, 51.506038 ], [ -0.076054, 51.505976 ], [ -0.075255, 51.505724 ], [ -0.074742, 51.505674 ], [ -0.074099, 51.505529 ], [ -0.073467, 51.505418 ], [ -0.072481, 51.505154 ], [ -0.071792, 51.504908 ], [ -0.07086, 51.504613 ], [ -0.069666, 51.504136 ], [ -0.0689, 51.503808 ], [ -0.068239, 51.50385 ], [ -0.068458, 51.50365 ], [ -0.069288, 51.502983 ], [ -0.069723, 51.502715 ], [ -0.070409, 51.502247 ], [ -0.070869, 51.501887 ], [ -0.071323, 51.501511 ], [ -0.073144, 51.500464 ], [ -0.073874, 51.500419 ], [ -0.074464, 51.500297 ], [ -0.075084, 51.500122 ], [ -0.075721, 51.49993 ], [ -0.076236, 51.499756 ], [ -0.07677, 51.499687 ], [ -0.077186, 51.499786 ], [ -0.077408, 51.499881 ], [ -0.077957, 51.500158 ], [ -0.077517, 51.501028 ], [ -0.077237, 51.501501 ], [ -0.07824, 51.501661 ], [ -0.078896, 51.501782 ], [ -0.079701, 51.501909 ], [ -0.080285, 51.502013 ], [ -0.081331, 51.502237 ], [ -0.081672, 51.502268 ], [ -0.082119, 51.50223 ], [ -0.082386, 51.502155 ], [ -0.082864, 51.501938 ], [ -0.083713, 51.501949 ], [ -0.084627, 51.502102 ], [ -0.085468, 51.502234 ], [ -0.086399, 51.502238 ], [ -0.087126, 51.502198 ], [ -0.087579, 51.502196 ], [ -0.087852, 51.50224 ], [ -0.087859, 51.502463 ], [ -0.088121, 51.502576 ], [ -0.088031, 51.502816 ], [ -0.087503, 51.503623 ], [ -0.087238, 51.503949 ], [ -0.087058, 51.504126 ], [ -0.086742, 51.504294 ], [ -0.088995, 51.505186 ], [ -0.088253, 51.505761 ], [ -0.087761, 51.506124 ], [ -0.087569, 51.506408 ], [ -0.087297, 51.507035 ], [ -0.086912, 51.507781 ] ] ] } },
{ "type": "Feature", "properties": { "_ROWID_": 582, "pk": 582, "g_unit": 10005218.0, "g_name": "ST MARGARET AND ST JOHN", "namestatus": "P", "g_language": "eng", "unittype": "PR_DIST", "g_status": "RegD", "nation": "ENGLAND", "g_year": 1851.0, "im_auth": "GBHGIS", "im_note": null, "notes": null }, "geometry": { "type": "MultiPolygon", "coordinates": [ [ [ [ -0.129818, 51.485974 ], [ -0.130597, 51.485619 ], [ -0.131941, 51.487247 ], [ -0.137863, 51.490945 ], [ -0.13927, 51.492424 ], [ -0.140539, 51.493894 ], [ -0.143263, 51.497028 ], [ -0.143457, 51.499187 ], [ -0.142711, 51.500621 ], [ -0.140921, 51.501294 ], [ -0.129707, 51.504699 ], [ -0.125571, 51.505282 ], [ -0.121471, 51.505256 ], [ -0.12189, 51.504486 ], [ -0.122215, 51.503567 ], [ -0.122438, 51.502719 ], [ -0.122659, 51.501981 ], [ -0.12278, 51.501657 ], [ -0.122868, 51.501145 ], [ -0.122981, 51.500132 ], [ -0.12306, 51.499221 ], [ -0.12311, 51.498851 ], [ -0.123178, 51.498326 ], [ -0.12315, 51.497627 ], [ -0.123258, 51.496935 ], [ -0.123265, 51.496279 ], [ -0.123558, 51.495579 ], [ -0.123515, 51.495029 ], [ -0.123645, 51.494408 ], [ -0.123707, 51.494075 ], [ -0.123827, 51.493764 ], [ -0.124423, 51.492826 ], [ -0.124469, 51.492467 ], [ -0.124748, 51.491503 ], [ -0.125268, 51.490492 ], [ -0.125806, 51.4899 ], [ -0.126614, 51.48904 ], [ -0.127134, 51.488445 ], [ -0.127853, 51.487602 ], [ -0.128666, 51.486869 ], [ -0.129818, 51.485974 ] ] ], [ [ [ -0.174683, 51.507037 ], [ -0.173729, 51.506294 ], [ -0.172879, 51.505982 ], [ -0.169512, 51.505392 ], [ -0.165747, 51.505311 ], [ -0.162223, 51.504809 ], [ -0.161286, 51.504644 ], [ -0.160529, 51.504193 ], [ -0.15966, 51.502849 ], [ -0.159477, 51.502601 ], [ -0.159217, 51.50227 ], [ -0.159691, 51.502246 ], [ -0.159701, 51.502522 ], [ -0.160295, 51.502457 ], [ -0.161891, 51.501979 ], [ -0.162144, 51.501754 ], [ -0.162482, 51.50148 ], [ -0.162701, 51.501263 ], [ -0.163091, 51.500843 ], [ -0.16387, 51.500289 ], [ -0.16488, 51.499563 ], [ -0.16582, 51.498885 ], [ -0.166247, 51.499433 ], [ -0.168056, 51.498654 ], [ -0.168253, 51.498942 ], [ -0.168403, 51.499254 ], [ -0.169223, 51.499158 ], [ -0.170228, 51.499082 ], [ -0.171379, 51.498897 ], [ -0.171746, 51.498734 ], [ -0.172541, 51.498618 ], [ -0.172524, 51.498551 ], [ -0.173349, 51.498485 ], [ -0.17336, 51.498401 ], [ -0.173606, 51.498358 ], [ -0.174469, 51.498248 ], [ -0.175659, 51.497915 ], [ -0.176668, 51.497165 ], [ -0.177002, 51.49749 ], [ -0.1776, 51.498141 ], [ -0.178158, 51.498748 ], [ -0.178594, 51.499412 ], [ -0.17902, 51.500205 ], [ -0.179333, 51.500713 ], [ -0.179732, 51.501415 ], [ -0.180439, 51.501409 ], [ -0.180773, 51.5015 ], [ -0.181186, 51.501455 ], [ -0.181889, 51.501556 ], [ -0.183036, 51.501679 ], [ -0.184252, 51.501871 ], [ -0.185172, 51.50199 ], [ -0.187315, 51.502256 ], [ -0.188679, 51.502391 ], [ -0.189633, 51.502192 ], [ -0.190162, 51.503295 ], [ -0.190689, 51.504122 ], [ -0.191382, 51.505302 ], [ -0.192124, 51.506215 ], [ -0.193268, 51.507746 ], [ -0.192107, 51.508035 ], [ -0.190868, 51.508368 ], [ -0.190078, 51.507838 ], [ -0.188945, 51.507383 ], [ -0.187902, 51.507109 ], [ -0.186818, 51.506837 ], [ -0.184972, 51.507127 ], [ -0.183049, 51.507406 ], [ -0.181418, 51.507576 ], [ -0.179571, 51.50796 ], [ -0.178463, 51.508233 ], [ -0.177398, 51.508488 ], [ -0.176554, 51.508676 ], [ -0.17623, 51.508794 ], [ -0.174683, 51.507037 ] ] ] ] } },
{ "type": "Feature", "properties": { "_ROWID_": 583, "pk": 583, "g_unit": 10005620.0, "g_name": "BERMONDSEY", "namestatus": "P", "g_language": "eng", "unittype": "PR_DIST", "g_status": "RegD", "nation": "ENGLAND", "g_year": 1851.0, "im_auth": "GBHGIS", "im_note": null, "notes": null }, "geometry": { "type": "Polygon", "coordinates": [ [ [ -0.068239, 51.50385 ], [ -0.067307, 51.503377 ], [ -0.065707, 51.503014 ], [ -0.063789, 51.502616 ], [ -0.062138, 51.502461 ], [ -0.0607, 51.502382 ], [ -0.059935, 51.502313 ], [ -0.060195, 51.501664 ], [ -0.060393, 51.500972 ], [ -0.060406, 51.500553 ], [ -0.060256, 51.500048 ], [ -0.060091, 51.499639 ], [ -0.060042, 51.499078 ], [ -0.060017, 51.498286 ], [ -0.059879, 51.497354 ], [ -0.059693, 51.496465 ], [ -0.05944, 51.495485 ], [ -0.059026, 51.495141 ], [ -0.057681, 51.494435 ], [ -0.057261, 51.494044 ], [ -0.057314, 51.493604 ], [ -0.057774, 51.492881 ], [ -0.060814, 51.492102 ], [ -0.059559, 51.490192 ], [ -0.057467, 51.488515 ], [ -0.057858, 51.488165 ], [ -0.060781, 51.487312 ], [ -0.060568, 51.487012 ], [ -0.061089, 51.48667 ], [ -0.061139, 51.486279 ], [ -0.061427, 51.486216 ], [ -0.062685, 51.486137 ], [ -0.063135, 51.486075 ], [ -0.062611, 51.486402 ], [ -0.063666, 51.486639 ], [ -0.064941, 51.486939 ], [ -0.065973, 51.487089 ], [ -0.067093, 51.487374 ], [ -0.067941, 51.487741 ], [ -0.068779, 51.48796 ], [ -0.069269, 51.488123 ], [ -0.07024, 51.488256 ], [ -0.07112, 51.488463 ], [ -0.071646, 51.488494 ], [ -0.071789, 51.488262 ], [ -0.073302, 51.488325 ], [ -0.074783, 51.488424 ], [ -0.075474, 51.488488 ], [ -0.075949, 51.488148 ], [ -0.076293, 51.487882 ], [ -0.077987, 51.488752 ], [ -0.077379, 51.489191 ], [ -0.079546, 51.490268 ], [ -0.080077, 51.490535 ], [ -0.079909, 51.490771 ], [ -0.080483, 51.491228 ], [ -0.08103, 51.491518 ], [ -0.081582, 51.491875 ], [ -0.082159, 51.492326 ], [ -0.082599, 51.492629 ], [ -0.083036, 51.492558 ], [ -0.083356, 51.492448 ], [ -0.083564, 51.492578 ], [ -0.08391, 51.4928 ], [ -0.0843, 51.493218 ], [ -0.084448, 51.493465 ], [ -0.084756, 51.493818 ], [ -0.083715, 51.494266 ], [ -0.084068, 51.494772 ], [ -0.084252, 51.494944 ], [ -0.084535, 51.495155 ], [ -0.084841, 51.495471 ], [ -0.085232, 51.496126 ], [ -0.085503, 51.496533 ], [ -0.085572, 51.496672 ], [ -0.085266, 51.497269 ], [ -0.085438, 51.497478 ], [ -0.086027, 51.497825 ], [ -0.08647, 51.49812 ], [ -0.087127, 51.498429 ], [ -0.087739, 51.498747 ], [ -0.088034, 51.498896 ], [ -0.088239, 51.499054 ], [ -0.08777, 51.499446 ], [ -0.087086, 51.499832 ], [ -0.088452, 51.500497 ], [ -0.089272, 51.500859 ], [ -0.088981, 51.501464 ], [ -0.088617, 51.50194 ], [ -0.087852, 51.50224 ], [ -0.087579, 51.502196 ], [ -0.087126, 51.502198 ], [ -0.086399, 51.502238 ], [ -0.085468, 51.502234 ], [ -0.084627, 51.502102 ], [ -0.083713, 51.501949 ], [ -0.082864, 51.501938 ], [ -0.082386, 51.502155 ], [ -0.082119, 51.50223 ], [ -0.081672, 51.502268 ], [ -0.081331, 51.502237 ], [ -0.080285, 51.502013 ], [ -0.079701, 51.501909 ], [ -0.078896, 51.501782 ], [ -0.07824, 51.501661 ], [ -0.077237, 51.501501 ], [ -0.077517, 51.501028 ], [ -0.077957, 51.500158 ], [ -0.077408, 51.499881 ], [ -0.077186, 51.499786 ], [ -0.07677, 51.499687 ], [ -0.076236, 51.499756 ], [ -0.075721, 51.49993 ], [ -0.075084, 51.500122 ], [ -0.074464, 51.500297 ], [ -0.073874, 51.500419 ], [ -0.073144, 51.500464 ], [ -0.071323, 51.501511 ], [ -0.070869, 51.501887 ], [ -0.070409, 51.502247 ], [ -0.069723, 51.502715 ], [ -0.069288, 51.502983 ], [ -0.068458, 51.50365 ], [ -0.068239, 51.50385 ] ] ] } },
{ "type": "Feature", "properties": { "_ROWID_": 584, "pk": 584, "g_unit": 10210549.0, "g_name": "SOUTHWARK ST GEORGE THE MARTYR", "namestatus": "P", "g_language": "eng", "unittype": "PR_DIST", "g_status": "RegD", "nation": "ENGLAND", "g_year": 1851.0, "im_auth": "GBHGIS", "im_note": null, "notes": null }, "geometry": { "type": "Polygon", "coordinates": [ [ [ -0.087852, 51.50224 ], [ -0.088617, 51.50194 ], [ -0.088981, 51.501464 ], [ -0.089272, 51.500859 ], [ -0.088452, 51.500497 ], [ -0.087086, 51.499832 ], [ -0.08777, 51.499446 ], [ -0.088239, 51.499054 ], [ -0.088034, 51.498896 ], [ -0.087739, 51.498747 ], [ -0.087127, 51.498429 ], [ -0.08647, 51.49812 ], [ -0.086027, 51.497825 ], [ -0.085438, 51.497478 ], [ -0.085266, 51.497269 ], [ -0.085572, 51.496672 ], [ -0.085503, 51.496533 ], [ -0.085232, 51.496126 ], [ -0.084841, 51.495471 ], [ -0.084535, 51.495155 ], [ -0.084252, 51.494944 ], [ -0.084068, 51.494772 ], [ -0.083715, 51.494266 ], [ -0.084756, 51.493818 ], [ -0.084448, 51.493465 ], [ -0.0843, 51.493218 ], [ -0.08391, 51.4928 ], [ -0.083564, 51.492578 ], [ -0.083356, 51.492448 ], [ -0.083036, 51.492558 ], [ -0.082599, 51.492629 ], [ -0.082159, 51.492326 ], [ -0.081582, 51.491875 ], [ -0.08103, 51.491518 ], [ -0.080483, 51.491228 ], [ -0.079909, 51.490771 ], [ -0.080077, 51.490535 ], [ -0.079546, 51.490268 ], [ -0.077379, 51.489191 ], [ -0.077987, 51.488752 ], [ -0.076293, 51.487882 ], [ -0.077499, 51.48704 ], [ -0.078096, 51.487246 ], [ -0.077946, 51.487572 ], [ -0.082253, 51.490176 ], [ -0.084564, 51.491234 ], [ -0.085963, 51.491715 ], [ -0.087712, 51.492405 ], [ -0.089209, 51.493468 ], [ -0.090378, 51.493991 ], [ -0.090683, 51.494425 ], [ -0.088932, 51.494896 ], [ -0.088208, 51.495287 ], [ -0.087615, 51.495449 ], [ -0.087069, 51.495552 ], [ -0.086783, 51.495666 ], [ -0.087371, 51.496386 ], [ -0.088677, 51.497446 ], [ -0.090217, 51.498801 ], [ -0.090945, 51.499738 ], [ -0.091326, 51.50042 ], [ -0.09159, 51.500853 ], [ -0.091809, 51.501068 ], [ -0.091996, 51.501221 ], [ -0.092378, 51.501181 ], [ -0.09269, 51.501237 ], [ -0.092895, 51.501333 ], [ -0.093827, 51.500805 ], [ -0.095371, 51.50008 ], [ -0.096543, 51.499329 ], [ -0.096937, 51.499105 ], [ -0.0973, 51.498888 ], [ -0.097809, 51.498423 ], [ -0.09867, 51.497709 ], [ -0.099512, 51.496831 ], [ -0.100024, 51.495985 ], [ -0.100196, 51.495275 ], [ -0.100483, 51.49435 ], [ -0.101925, 51.49413 ], [ -0.102083, 51.493754 ], [ -0.103588, 51.493391 ], [ -0.104443, 51.49325 ], [ -0.106594, 51.493885 ], [ -0.108075, 51.494484 ], [ -0.109165, 51.494715 ], [ -0.110256, 51.495099 ], [ -0.110852, 51.495277 ], [ -0.111268, 51.495482 ], [ -0.111879, 51.496433 ], [ -0.11049, 51.496664 ], [ -0.109918, 51.497611 ], [ -0.109577, 51.498196 ], [ -0.10935, 51.498609 ], [ -0.108664, 51.499482 ], [ -0.108506, 51.499936 ], [ -0.108303, 51.500227 ], [ -0.107983, 51.500494 ], [ -0.107299, 51.500941 ], [ -0.106816, 51.501339 ], [ -0.106204, 51.50175 ], [ -0.105756, 51.502039 ], [ -0.104291, 51.502126 ], [ -0.101173, 51.502548 ], [ -0.100578, 51.50187 ], [ -0.097705, 51.502148 ], [ -0.096586, 51.503273 ], [ -0.094757, 51.502811 ], [ -0.09391, 51.50233 ], [ -0.092665, 51.50388 ], [ -0.091235, 51.503801 ], [ -0.091652, 51.503301 ], [ -0.088892, 51.502073 ], [ -0.087852, 51.50224 ] ] ] } },
{ "type": "Feature", "properties": { "_ROWID_": 585, "pk": 585, "g_unit": 10111900.0, "g_name": "NEWINGTON ST MARY", "namestatus": "P", "g_language": "eng", "unittype": "PR_DIST", "g_status": "RegD", "nation": "ENGLAND", "g_year": 1851.0, "im_auth": "GBHGIS", "im_note": null, "notes": null }, "geometry": { "type": "Polygon", "coordinates": [ [ [ -0.096543, 51.499329 ], [ -0.095371, 51.50008 ], [ -0.093827, 51.500805 ], [ -0.092895, 51.501333 ], [ -0.09269, 51.501237 ], [ -0.092378, 51.501181 ], [ -0.091996, 51.501221 ], [ -0.091809, 51.501068 ], [ -0.09159, 51.500853 ], [ -0.091326, 51.50042 ], [ -0.090945, 51.499738 ], [ -0.090217, 51.498801 ], [ -0.088677, 51.497446 ], [ -0.087371, 51.496386 ], [ -0.086783, 51.495666 ], [ -0.087069, 51.495552 ], [ -0.087615, 51.495449 ], [ -0.088208, 51.495287 ], [ -0.088932, 51.494896 ], [ -0.090683, 51.494425 ], [ -0.090378, 51.493991 ], [ -0.089209, 51.493468 ], [ -0.087712, 51.492405 ], [ -0.085963, 51.491715 ], [ -0.084564, 51.491234 ], [ -0.082253, 51.490176 ], [ -0.077946, 51.487572 ], [ -0.078096, 51.487246 ], [ -0.077499, 51.48704 ], [ -0.078819, 51.486225 ], [ -0.079671, 51.485861 ], [ -0.079967, 51.485683 ], [ -0.080456, 51.486118 ], [ -0.08123, 51.485874 ], [ -0.082323, 51.485432 ], [ -0.082895, 51.485268 ], [ -0.083768, 51.484933 ], [ -0.084831, 51.484656 ], [ -0.085779, 51.484321 ], [ -0.086674, 51.483844 ], [ -0.087376, 51.483577 ], [ -0.087971, 51.483316 ], [ -0.088738, 51.483092 ], [ -0.09003, 51.482849 ], [ -0.090533, 51.482786 ], [ -0.091645, 51.482623 ], [ -0.093421, 51.48245 ], [ -0.093799, 51.482405 ], [ -0.094574, 51.482336 ], [ -0.094387, 51.481486 ], [ -0.094334, 51.480831 ], [ -0.09423, 51.480684 ], [ -0.095239, 51.480414 ], [ -0.096671, 51.480284 ], [ -0.098242, 51.480273 ], [ -0.09924, 51.480225 ], [ -0.099886, 51.480232 ], [ -0.100282, 51.480234 ], [ -0.10027, 51.479823 ], [ -0.101174, 51.479452 ], [ -0.101975, 51.479256 ], [ -0.102458, 51.479111 ], [ -0.102976, 51.479913 ], [ -0.103445, 51.480707 ], [ -0.104, 51.481249 ], [ -0.104355, 51.481687 ], [ -0.104896, 51.482316 ], [ -0.105361, 51.482823 ], [ -0.105802, 51.483009 ], [ -0.106887, 51.48364 ], [ -0.106664, 51.484328 ], [ -0.106632, 51.484675 ], [ -0.106813, 51.484836 ], [ -0.107415, 51.485003 ], [ -0.108184, 51.485194 ], [ -0.108584, 51.485359 ], [ -0.108869, 51.485541 ], [ -0.107988, 51.486218 ], [ -0.107143, 51.487098 ], [ -0.106332, 51.48777 ], [ -0.105491, 51.48871 ], [ -0.104824, 51.489496 ], [ -0.10374, 51.490442 ], [ -0.10333, 51.491047 ], [ -0.103569, 51.491144 ], [ -0.102672, 51.491822 ], [ -0.103513, 51.492452 ], [ -0.104231, 51.492951 ], [ -0.104443, 51.49325 ], [ -0.103588, 51.493391 ], [ -0.102083, 51.493754 ], [ -0.101925, 51.49413 ], [ -0.100483, 51.49435 ], [ -0.100196, 51.495275 ], [ -0.100024, 51.495985 ], [ -0.099512, 51.496831 ], [ -0.09867, 51.497709 ], [ -0.097809, 51.498423 ], [ -0.0973, 51.498888 ], [ -0.096937, 51.499105 ], [ -0.096543, 51.499329 ] ] ] } },
{ "type": "Feature", "properties": { "_ROWID_": 588, "pk": 588, "g_unit": 10167450.0, "g_name": "CAMBERWELL", "namestatus": "P", "g_language": "eng", "unittype": "PR_DIST", "g_status": "RegD", "nation": "ENGLAND", "g_year": 1851.0, "im_auth": "GBHGIS", "im_note": null, "notes": null }, "geometry": { "type": "Polygon", "coordinates": [ [ [ -0.054509, 51.487248 ], [ -0.05425, 51.486975 ], [ -0.053529, 51.485842 ], [ -0.053162, 51.485063 ], [ -0.052899, 51.4844 ], [ -0.052838, 51.483872 ], [ -0.05294, 51.482973 ], [ -0.052981, 51.482136 ], [ -0.052858, 51.481369 ], [ -0.052718, 51.480561 ], [ -0.052715, 51.48004 ], [ -0.053112, 51.479635 ], [ -0.053629, 51.479157 ], [ -0.054046, 51.478683 ], [ -0.053563, 51.478543 ], [ -0.05338, 51.478495 ], [ -0.052583, 51.478176 ], [ -0.051688, 51.477863 ], [ -0.051692, 51.477461 ], [ -0.051704, 51.477025 ], [ -0.051796, 51.475914 ], [ -0.052014, 51.474988 ], [ -0.052168, 51.474004 ], [ -0.052273, 51.473184 ], [ -0.052377, 51.472637 ], [ -0.05242, 51.47236 ], [ -0.052452, 51.472028 ], [ -0.052319, 51.471168 ], [ -0.052112, 51.470161 ], [ -0.051959, 51.469512 ], [ -0.052027, 51.469378 ], [ -0.052571, 51.468997 ], [ -0.052544, 51.468963 ], [ -0.052489, 51.468892 ], [ -0.051977, 51.468565 ], [ -0.051522, 51.467731 ], [ -0.051232, 51.467333 ], [ -0.051691, 51.467096 ], [ -0.051338, 51.46689 ], [ -0.051037, 51.466559 ], [ -0.050795, 51.466614 ], [ -0.05077, 51.466134 ], [ -0.050513, 51.466008 ], [ -0.050057, 51.465895 ], [ -0.049663, 51.465809 ], [ -0.048632, 51.465312 ], [ -0.047787, 51.464922 ], [ -0.047076, 51.464606 ], [ -0.046553, 51.464144 ], [ -0.045786, 51.463231 ], [ -0.045561, 51.462818 ], [ -0.045099, 51.46122 ], [ -0.045002, 51.460629 ], [ -0.044913, 51.45995 ], [ -0.044995, 51.459728 ], [ -0.045134, 51.459261 ], [ -0.045209, 51.458678 ], [ -0.045508, 51.457814 ], [ -0.045855, 51.457069 ], [ -0.045661, 51.457012 ], [ -0.045285, 51.456926 ], [ -0.044834, 51.45686 ], [ -0.044382, 51.45669 ], [ -0.044002, 51.456448 ], [ -0.043683, 51.456244 ], [ -0.04312, 51.455875 ], [ -0.042347, 51.455488 ], [ -0.041807, 51.455138 ], [ -0.041194, 51.454902 ], [ -0.041363, 51.454574 ], [ -0.041606, 51.454176 ], [ -0.041829, 51.453798 ], [ -0.04223, 51.453393 ], [ -0.042741, 51.453009 ], [ -0.043444, 51.452506 ], [ -0.04399, 51.452071 ], [ -0.04436, 51.451839 ], [ -0.044606, 51.451809 ], [ -0.044788, 51.451691 ], [ -0.044925, 51.451447 ], [ -0.045087, 51.451223 ], [ -0.04552, 51.450798 ], [ -0.045786, 51.450368 ], [ -0.046151, 51.45002 ], [ -0.047143, 51.450046 ], [ -0.048054, 51.450147 ], [ -0.048752, 51.450386 ], [ -0.049707, 51.450125 ], [ -0.05082, 51.449696 ], [ -0.052227, 51.449118 ], [ -0.053103, 51.448861 ], [ -0.053742, 51.448675 ], [ -0.054036, 51.448773 ], [ -0.054356, 51.448937 ], [ -0.0549, 51.449152 ], [ -0.055801, 51.449555 ], [ -0.056435, 51.449844 ], [ -0.057043, 51.450082 ], [ -0.057719, 51.450327 ], [ -0.057919, 51.45019 ], [ -0.058378, 51.449832 ], [ -0.058927, 51.449499 ], [ -0.059566, 51.449192 ], [ -0.060249, 51.448783 ], [ -0.060997, 51.448411 ], [ -0.061548, 51.448019 ], [ -0.061829, 51.447741 ], [ -0.06216, 51.447257 ], [ -0.062797, 51.446397 ], [ -0.062979, 51.445868 ], [ -0.063214, 51.445222 ], [ -0.063422, 51.444607 ], [ -0.063433, 51.444255 ], [ -0.063378, 51.443772 ], [ -0.063283, 51.443375 ], [ -0.063318, 51.442858 ], [ -0.063638, 51.442192 ], [ -0.064024, 51.441635 ], [ -0.064611, 51.441176 ], [ -0.064505, 51.441068 ], [ -0.064124, 51.440907 ], [ -0.063615, 51.440809 ], [ -0.063533, 51.440602 ], [ -0.063361, 51.440028 ], [ -0.063204, 51.439449 ], [ -0.063142, 51.439247 ], [ -0.06309, 51.438669 ], [ -0.063125, 51.438331 ], [ -0.062961, 51.438011 ], [ -0.063029, 51.437412 ], [ -0.06354, 51.437148 ], [ -0.063882, 51.43673 ], [ -0.064299, 51.436072 ], [ -0.064807, 51.435556 ], [ -0.064982, 51.435286 ], [ -0.06513, 51.435043 ], [ -0.065608, 51.434343 ], [ -0.065867, 51.434136 ], [ -0.066208, 51.433886 ], [ -0.066584, 51.43372 ], [ -0.067029, 51.433468 ], [ -0.06764, 51.433212 ], [ -0.06799, 51.432955 ], [ -0.068644, 51.432729 ], [ -0.069337, 51.432536 ], [ -0.070107, 51.432399 ], [ -0.070792, 51.432315 ], [ -0.071459, 51.432354 ], [ -0.072029, 51.43237 ], [ -0.072509, 51.432157 ], [ -0.072901, 51.431708 ], [ -0.073233, 51.431323 ], [ -0.073852, 51.430786 ], [ -0.074442, 51.430232 ], [ -0.07478, 51.42973 ], [ -0.074753, 51.429219 ], [ -0.074837, 51.428799 ], [ -0.074773, 51.428379 ], [ -0.074433, 51.428047 ], [ -0.074248, 51.427747 ], [ -0.074037, 51.427315 ], [ -0.073828, 51.42694 ], [ -0.073713, 51.426707 ], [ -0.073819, 51.426515 ], [ -0.074144, 51.426132 ], [ -0.074602, 51.425887 ], [ -0.074794, 51.425371 ], [ -0.075559, 51.424406 ], [ -0.076423, 51.422996 ], [ -0.07672, 51.422261 ], [ -0.077482, 51.421098 ], [ -0.077898, 51.420272 ], [ -0.078594, 51.419859 ], [ -0.079161, 51.419429 ], [ -0.078719, 51.420321 ], [ -0.079619, 51.420551 ], [ -0.079277, 51.42128 ], [ -0.079706, 51.421527 ], [ -0.079914, 51.421816 ], [ -0.080652, 51.421769 ], [ -0.081119, 51.421712 ], [ -0.081146, 51.422188 ], [ -0.080998, 51.423237 ], [ -0.082562, 51.422872 ], [ -0.082445, 51.423657 ], [ -0.082594, 51.424664 ], [ -0.083115, 51.425694 ], [ -0.083874, 51.426887 ], [ -0.084517, 51.427474 ], [ -0.085182, 51.427853 ], [ -0.084888, 51.428345 ], [ -0.085104, 51.428685 ], [ -0.085692, 51.42875 ], [ -0.086638, 51.428977 ], [ -0.087306, 51.429341 ], [ -0.087838, 51.430136 ], [ -0.088201, 51.431129 ], [ -0.088528, 51.432085 ], [ -0.088924, 51.433159 ], [ -0.089061, 51.434083 ], [ -0.089507, 51.435105 ], [ -0.089497, 51.435794 ], [ -0.089885, 51.436547 ], [ -0.090516, 51.437854 ], [ -0.091097, 51.438768 ], [ -0.091618, 51.439492 ], [ -0.091915, 51.440315 ], [ -0.092432, 51.44116 ], [ -0.092668, 51.441676 ], [ -0.092962, 51.44227 ], [ -0.093424, 51.442711 ], [ -0.093731, 51.443138 ], [ -0.093983, 51.443366 ], [ -0.094306, 51.443943 ], [ -0.09454, 51.444695 ], [ -0.09483, 51.44551 ], [ -0.094913, 51.445803 ], [ -0.095178, 51.44614 ], [ -0.095629, 51.446526 ], [ -0.096377, 51.447408 ], [ -0.097417, 51.448018 ], [ -0.098181, 51.448547 ], [ -0.098722, 51.44903 ], [ -0.099185, 51.449473 ], [ -0.099597, 51.450017 ], [ -0.100221, 51.450375 ], [ -0.100605, 51.450505 ], [ -0.100747, 51.451204 ], [ -0.10107, 51.451888 ], [ -0.10126, 51.452124 ], [ -0.101221, 51.452326 ], [ -0.100884, 51.452801 ], [ -0.100821, 51.453249 ], [ -0.100783, 51.453613 ], [ -0.100846, 51.453896 ], [ -0.100661, 51.454157 ], [ -0.100453, 51.454307 ], [ -0.099886, 51.454644 ], [ -0.099476, 51.454953 ], [ -0.098897, 51.455274 ], [ -0.098641, 51.455435 ], [ -0.097864, 51.454865 ], [ -0.096678, 51.454034 ], [ -0.095613, 51.45323 ], [ -0.095305, 51.452938 ], [ -0.094009, 51.453066 ], [ -0.092912, 51.453181 ], [ -0.091874, 51.453246 ], [ -0.091055, 51.453283 ], [ -0.090349, 51.453337 ], [ -0.089833, 51.453418 ], [ -0.08929, 51.453638 ], [ -0.088849, 51.453932 ], [ -0.088582, 51.454096 ], [ -0.089087, 51.454433 ], [ -0.089541, 51.454857 ], [ -0.090092, 51.455409 ], [ -0.090398, 51.455771 ], [ -0.090505, 51.456041 ], [ -0.090746, 51.45605 ], [ -0.09118, 51.455934 ], [ -0.091543, 51.45579 ], [ -0.091827, 51.455679 ], [ -0.092164, 51.45599 ], [ -0.092623, 51.456327 ], [ -0.093156, 51.456789 ], [ -0.093807, 51.457196 ], [ -0.094373, 51.457634 ], [ -0.094704, 51.457811 ], [ -0.095107, 51.458039 ], [ -0.094727, 51.458588 ], [ -0.094068, 51.459228 ], [ -0.093275, 51.460029 ], [ -0.092495, 51.460727 ], [ -0.091815, 51.461315 ], [ -0.09127, 51.461981 ], [ -0.090823, 51.4627 ], [ -0.090498, 51.463348 ], [ -0.090342, 51.46406 ], [ -0.090197, 51.465013 ], [ -0.089943, 51.46542 ], [ -0.089944, 51.465722 ], [ -0.089984, 51.466133 ], [ -0.090387, 51.466655 ], [ -0.090546, 51.466937 ], [ -0.09125, 51.467758 ], [ -0.091777, 51.468599 ], [ -0.092071, 51.46901 ], [ -0.092477, 51.469822 ], [ -0.092716, 51.47012 ], [ -0.092769, 51.470776 ], [ -0.092734, 51.471209 ], [ -0.092697, 51.471569 ], [ -0.092869, 51.472149 ], [ -0.092952, 51.47275 ], [ -0.093068, 51.473405 ], [ -0.092893, 51.473982 ], [ -0.092952, 51.474392 ], [ -0.0931, 51.474949 ], [ -0.093293, 51.475384 ], [ -0.093447, 51.475574 ], [ -0.094873, 51.475478 ], [ -0.095652, 51.475259 ], [ -0.096404, 51.475197 ], [ -0.097176, 51.475018 ], [ -0.097811, 51.474911 ], [ -0.097532, 51.474151 ], [ -0.097422, 51.473423 ], [ -0.09745, 51.472971 ], [ -0.09755, 51.472491 ], [ -0.097523, 51.471993 ], [ -0.097515, 51.471722 ], [ -0.097522, 51.47149 ], [ -0.097639, 51.471138 ], [ -0.09789, 51.470884 ], [ -0.098532, 51.470639 ], [ -0.09914, 51.470516 ], [ -0.099428, 51.470453 ], [ -0.099841, 51.470383 ], [ -0.100331, 51.470184 ], [ -0.10072, 51.4701 ], [ -0.101129, 51.470004 ], [ -0.101328, 51.470003 ], [ -0.101639, 51.470095 ], [ -0.102306, 51.47008 ], [ -0.102927, 51.470044 ], [ -0.103855, 51.470078 ], [ -0.104423, 51.470097 ], [ -0.104587, 51.470108 ], [ -0.105074, 51.470623 ], [ -0.105465, 51.470648 ], [ -0.105792, 51.471094 ], [ -0.106306, 51.471496 ], [ -0.106661, 51.471881 ], [ -0.106614, 51.472209 ], [ -0.106569, 51.472551 ], [ -0.10665, 51.472842 ], [ -0.106682, 51.473092 ], [ -0.106658, 51.473303 ], [ -0.106281, 51.47379 ], [ -0.106031, 51.473949 ], [ -0.105614, 51.474226 ], [ -0.105375, 51.474366 ], [ -0.105115, 51.474604 ], [ -0.104953, 51.474704 ], [ -0.105171, 51.475149 ], [ -0.105419, 51.475395 ], [ -0.105526, 51.475588 ], [ -0.104588, 51.476065 ], [ -0.103554, 51.476546 ], [ -0.102811, 51.476928 ], [ -0.101996, 51.477259 ], [ -0.10175, 51.47736 ], [ -0.101516, 51.477493 ], [ -0.10105, 51.477778 ], [ -0.100128, 51.478172 ], [ -0.100881, 51.47909 ], [ -0.102063, 51.478794 ], [ -0.102458, 51.479111 ], [ -0.101975, 51.479256 ], [ -0.101174, 51.479452 ], [ -0.10027, 51.479823 ], [ -0.100282, 51.480234 ], [ -0.099886, 51.480232 ], [ -0.09924, 51.480225 ], [ -0.098242, 51.480273 ], [ -0.096671, 51.480284 ], [ -0.095239, 51.480414 ], [ -0.09423, 51.480684 ], [ -0.094334, 51.480831 ], [ -0.094387, 51.481486 ], [ -0.094574, 51.482336 ], [ -0.093799, 51.482405 ], [ -0.093421, 51.48245 ], [ -0.091645, 51.482623 ], [ -0.090533, 51.482786 ], [ -0.09003, 51.482849 ], [ -0.088738, 51.483092 ], [ -0.087971, 51.483316 ], [ -0.087376, 51.483577 ], [ -0.086674, 51.483844 ], [ -0.085779, 51.484321 ], [ -0.084831, 51.484656 ], [ -0.083768, 51.484933 ], [ -0.082895, 51.485268 ], [ -0.082323, 51.485432 ], [ -0.08123, 51.485874 ], [ -0.080456, 51.486118 ], [ -0.079967, 51.485683 ], [ -0.079671, 51.485861 ], [ -0.078819, 51.486225 ], [ -0.077499, 51.48704 ], [ -0.076293, 51.487882 ], [ -0.075949, 51.488148 ], [ -0.075474, 51.488488 ], [ -0.074783, 51.488424 ], [ -0.073302, 51.488325 ], [ -0.071789, 51.488262 ], [ -0.071646, 51.488494 ], [ -0.07112, 51.488463 ], [ -0.07024, 51.488256 ], [ -0.069269, 51.488123 ], [ -0.068779, 51.48796 ], [ -0.067941, 51.487741 ], [ -0.067093, 51.487374 ], [ -0.065973, 51.487089 ], [ -0.064941, 51.486939 ], [ -0.063666, 51.486639 ], [ -0.062611, 51.486402 ], [ -0.063135, 51.486075 ], [ -0.062685, 51.486137 ], [ -0.061427, 51.486216 ], [ -0.061139, 51.486279 ], [ -0.061089, 51.48667 ], [ -0.060568, 51.487012 ], [ -0.059944, 51.487041 ], [ -0.059481, 51.487117 ], [ -0.057215, 51.487173 ], [ -0.055663, 51.487209 ], [ -0.054509, 51.487248 ] ] ] } },
{ "type": "Feature", "properties": { "_ROWID_": 589, "pk": 589, "g_unit": 10043967.0, "g_name": "RICHMOND", "namestatus": "P", "g_language": "eng", "unittype": "PR_DIST", "g_status": "RegD", "nation": "ENGLAND", "g_year": 1851.0, "im_auth": "GBHGIS", "im_note": null, "notes": null }, "geometry": { "type": "Polygon", "coordinates": [ [ [ -0.233497, 51.489327 ], [ -0.233196, 51.489363 ], [ -0.232691, 51.489289 ], [ -0.23192, 51.488954 ], [ -0.231046, 51.488707 ], [ -0.23048, 51.488289 ], [ -0.229689, 51.48791 ], [ -0.229088, 51.487486 ], [ -0.227927, 51.486606 ], [ -0.227785, 51.486482 ], [ -0.22751, 51.48619 ], [ -0.227036, 51.485622 ], [ -0.226469, 51.48495 ], [ -0.226092, 51.484216 ], [ -0.225914, 51.483317 ], [ -0.22556, 51.482244 ], [ -0.225282, 51.481645 ], [ -0.225435, 51.481346 ], [ -0.225656, 51.481006 ], [ -0.22571, 51.480601 ], [ -0.225491, 51.479972 ], [ -0.225295, 51.47957 ], [ -0.225146, 51.479357 ], [ -0.225308, 51.479132 ], [ -0.225457, 51.478832 ], [ -0.225555, 51.478498 ], [ -0.225666, 51.478207 ], [ -0.225559, 51.477923 ], [ -0.225342, 51.477384 ], [ -0.225371, 51.476598 ], [ -0.224994, 51.475653 ], [ -0.224452, 51.474717 ], [ -0.22367, 51.473733 ], [ -0.222987, 51.472948 ], [ -0.222121, 51.472196 ], [ -0.222714, 51.471956 ], [ -0.223405, 51.471626 ], [ -0.224059, 51.471334 ], [ -0.223834, 51.471038 ], [ -0.224477, 51.470697 ], [ -0.225237, 51.470562 ], [ -0.225767, 51.470277 ], [ -0.226118, 51.470355 ], [ -0.227257, 51.470543 ], [ -0.227252, 51.470802 ], [ -0.226887, 51.470995 ], [ -0.227325, 51.471355 ], [ -0.227769, 51.471071 ], [ -0.228574, 51.471598 ], [ -0.228593, 51.471773 ], [ -0.228731, 51.472031 ], [ -0.229102, 51.472136 ], [ -0.22988, 51.472274 ], [ -0.230072, 51.472444 ], [ -0.230574, 51.472707 ], [ -0.231311, 51.472891 ], [ -0.232445, 51.473041 ], [ -0.2333, 51.472808 ], [ -0.233611, 51.47236 ], [ -0.233768, 51.471383 ], [ -0.234124, 51.470355 ], [ -0.234594, 51.469558 ], [ -0.234723, 51.468908 ], [ -0.234477, 51.468367 ], [ -0.234214, 51.467875 ], [ -0.234437, 51.467665 ], [ -0.234979, 51.467497 ], [ -0.235118, 51.466196 ], [ -0.235114, 51.465853 ], [ -0.235547, 51.465875 ], [ -0.237063, 51.466268 ], [ -0.239794, 51.466659 ], [ -0.242451, 51.46702 ], [ -0.245044, 51.467603 ], [ -0.247288, 51.467809 ], [ -0.250989, 51.467706 ], [ -0.252448, 51.467736 ], [ -0.253151, 51.46792 ], [ -0.254398, 51.468383 ], [ -0.255458, 51.467928 ], [ -0.256741, 51.466854 ], [ -0.258723, 51.464892 ], [ -0.259659, 51.463148 ], [ -0.258584, 51.462737 ], [ -0.258815, 51.461752 ], [ -0.259435, 51.460029 ], [ -0.259609, 51.4588 ], [ -0.259737, 51.456942 ], [ -0.25964, 51.456542 ], [ -0.258596, 51.455233 ], [ -0.257816, 51.454296 ], [ -0.256801, 51.453633 ], [ -0.255556, 51.452957 ], [ -0.254405, 51.452354 ], [ -0.253491, 51.451939 ], [ -0.252926, 51.45155 ], [ -0.252737, 51.450952 ], [ -0.252801, 51.450286 ], [ -0.252716, 51.449136 ], [ -0.252591, 51.447955 ], [ -0.25268, 51.44749 ], [ -0.253018, 51.446775 ], [ -0.253488, 51.445859 ], [ -0.254065, 51.444525 ], [ -0.254538, 51.443721 ], [ -0.255031, 51.443999 ], [ -0.258215, 51.44459 ], [ -0.261174, 51.444966 ], [ -0.264594, 51.444914 ], [ -0.265395, 51.442944 ], [ -0.275469, 51.444914 ], [ -0.276065, 51.444927 ], [ -0.279159, 51.443488 ], [ -0.283391, 51.440499 ], [ -0.288824, 51.43861 ], [ -0.293204, 51.437577 ], [ -0.300812, 51.437585 ], [ -0.309918, 51.438262 ], [ -0.316787, 51.439873 ], [ -0.319746, 51.445968 ], [ -0.313225, 51.447252 ], [ -0.30517, 51.451244 ], [ -0.304487, 51.452589 ], [ -0.304396, 51.453038 ], [ -0.3072, 51.458632 ], [ -0.309119, 51.458657 ], [ -0.310466, 51.459061 ], [ -0.310865, 51.459176 ], [ -0.314617, 51.46022 ], [ -0.317305, 51.460721 ], [ -0.321459, 51.463054 ], [ -0.3223, 51.466095 ], [ -0.319554, 51.466788 ], [ -0.32013, 51.46792 ], [ -0.320629, 51.469513 ], [ -0.320613, 51.469939 ], [ -0.318946, 51.471332 ], [ -0.316502, 51.472485 ], [ -0.31432, 51.473483 ], [ -0.314554, 51.473994 ], [ -0.308053, 51.47923 ], [ -0.306591, 51.480454 ], [ -0.301574, 51.486435 ], [ -0.298324, 51.488294 ], [ -0.294874, 51.489139 ], [ -0.290932, 51.488783 ], [ -0.288434, 51.48799 ], [ -0.285738, 51.486596 ], [ -0.284213, 51.485807 ], [ -0.279589, 51.481774 ], [ -0.27939, 51.481601 ], [ -0.277185, 51.47713 ], [ -0.262754, 51.47268 ], [ -0.259829, 51.472762 ], [ -0.259246, 51.47299 ], [ -0.252709, 51.486655 ], [ -0.249753, 51.488891 ], [ -0.247137, 51.490177 ], [ -0.246169, 51.490469 ], [ -0.245786, 51.489985 ], [ -0.245209, 51.489281 ], [ -0.244575, 51.488721 ], [ -0.243889, 51.488243 ], [ -0.243201, 51.488652 ], [ -0.242098, 51.489085 ], [ -0.24089, 51.489504 ], [ -0.239299, 51.489658 ], [ -0.237983, 51.489758 ], [ -0.236467, 51.489665 ], [ -0.23484, 51.489555 ], [ -0.233497, 51.489327 ] ] ] } },
{ "type": "Feature", "properties": { "_ROWID_": 590, "pk": 590, "g_unit": 10488011.0, "g_name": "WANDSWORTH", "namestatus": "P", "g_language": "eng", "unittype": "PR_DIST", "g_status": "RegD", "nation": "ENGLAND", "g_year": 1851.0, "im_auth": "GBHGIS", "im_note": null, "notes": null }, "geometry": { "type": "MultiPolygon", "coordinates": [ [ [ [ -0.099346, 51.438362 ], [ -0.099649, 51.438245 ], [ -0.100411, 51.438836 ], [ -0.101067, 51.43944 ], [ -0.101969, 51.440063 ], [ -0.10291, 51.440451 ], [ -0.103784, 51.440721 ], [ -0.104822, 51.440897 ], [ -0.105511, 51.440955 ], [ -0.106113, 51.440983 ], [ -0.106032, 51.441461 ], [ -0.10607, 51.441782 ], [ -0.105455, 51.442471 ], [ -0.105095, 51.443229 ], [ -0.104901, 51.444025 ], [ -0.104793, 51.444635 ], [ -0.104884, 51.445292 ], [ -0.104906, 51.445789 ], [ -0.104883, 51.446235 ], [ -0.104657, 51.446552 ], [ -0.104318, 51.446944 ], [ -0.103783, 51.447296 ], [ -0.10321, 51.447678 ], [ -0.102833, 51.448011 ], [ -0.102377, 51.448373 ], [ -0.101947, 51.44876 ], [ -0.101658, 51.449234 ], [ -0.101249, 51.449644 ], [ -0.100954, 51.449954 ], [ -0.100822, 51.450265 ], [ -0.100605, 51.450505 ], [ -0.100221, 51.450375 ], [ -0.099597, 51.450017 ], [ -0.099185, 51.449473 ], [ -0.098722, 51.44903 ], [ -0.098181, 51.448547 ], [ -0.097417, 51.448018 ], [ -0.096377, 51.447408 ], [ -0.095629, 51.446526 ], [ -0.095178, 51.44614 ], [ -0.094913, 51.445803 ], [ -0.09483, 51.44551 ], [ -0.09454, 51.444695 ], [ -0.094306, 51.443943 ], [ -0.093983, 51.443366 ], [ -0.094613, 51.443117 ], [ -0.094873, 51.442631 ], [ -0.09492, 51.44217 ], [ -0.094979, 51.441651 ], [ -0.094993, 51.441221 ], [ -0.095034, 51.440877 ], [ -0.09522, 51.440581 ], [ -0.095751, 51.440343 ], [ -0.096328, 51.44017 ], [ -0.096951, 51.439768 ], [ -0.097721, 51.439386 ], [ -0.09817, 51.43904 ], [ -0.098778, 51.438673 ], [ -0.099346, 51.438362 ] ] ], [ [ [ -0.128509, 51.484148 ], [ -0.129083, 51.483613 ], [ -0.129347, 51.482787 ], [ -0.12909, 51.482324 ], [ -0.128827, 51.481899 ], [ -0.129124, 51.481434 ], [ -0.129694, 51.480614 ], [ -0.130193, 51.479905 ], [ -0.130603, 51.479482 ], [ -0.131045, 51.478847 ], [ -0.131489, 51.478257 ], [ -0.131987, 51.477603 ], [ -0.132621, 51.476701 ], [ -0.132956, 51.476339 ], [ -0.133262, 51.475923 ], [ -0.133309, 51.475695 ], [ -0.133517, 51.475651 ], [ -0.134303, 51.47503 ], [ -0.13217, 51.474209 ], [ -0.13132, 51.474973 ], [ -0.130891, 51.474638 ], [ -0.130375, 51.474176 ], [ -0.129621, 51.473299 ], [ -0.129078, 51.472659 ], [ -0.128858, 51.472225 ], [ -0.129349, 51.471755 ], [ -0.128154, 51.470578 ], [ -0.128701, 51.470149 ], [ -0.128339, 51.469666 ], [ -0.128438, 51.469141 ], [ -0.127648, 51.468991 ], [ -0.126609, 51.468674 ], [ -0.126821, 51.468596 ], [ -0.127455, 51.468089 ], [ -0.128136, 51.467327 ], [ -0.128723, 51.466402 ], [ -0.12962, 51.465001 ], [ -0.12926, 51.464992 ], [ -0.129234, 51.464022 ], [ -0.129203, 51.462797 ], [ -0.129254, 51.46167 ], [ -0.129088, 51.460384 ], [ -0.128972, 51.459371 ], [ -0.129063, 51.458973 ], [ -0.128938, 51.458372 ], [ -0.128648, 51.457957 ], [ -0.128331, 51.457337 ], [ -0.128093, 51.456403 ], [ -0.12784, 51.455166 ], [ -0.127754, 51.454401 ], [ -0.127669, 51.45413 ], [ -0.12718, 51.453774 ], [ -0.126809, 51.453349 ], [ -0.126786, 51.452674 ], [ -0.126591, 51.451625 ], [ -0.12647, 51.450665 ], [ -0.126357, 51.449724 ], [ -0.12619, 51.448949 ], [ -0.126059, 51.448082 ], [ -0.126988, 51.447497 ], [ -0.126592, 51.447169 ], [ -0.125837, 51.44671 ], [ -0.124598, 51.446045 ], [ -0.124646, 51.446304 ], [ -0.1247, 51.446669 ], [ -0.124539, 51.4473 ], [ -0.124195, 51.447989 ], [ -0.123935, 51.44857 ], [ -0.122862, 51.449686 ], [ -0.121681, 51.449458 ], [ -0.121781, 51.449317 ], [ -0.121741, 51.448947 ], [ -0.121673, 51.448344 ], [ -0.121461, 51.447753 ], [ -0.121422, 51.447424 ], [ -0.121246, 51.446986 ], [ -0.120921, 51.4465 ], [ -0.120486, 51.445978 ], [ -0.120059, 51.445395 ], [ -0.119819, 51.444929 ], [ -0.119423, 51.44415 ], [ -0.119286, 51.443684 ], [ -0.118449, 51.44428 ], [ -0.117511, 51.444859 ], [ -0.11723, 51.444833 ], [ -0.116838, 51.444798 ], [ -0.116089, 51.444713 ], [ -0.11451, 51.444599 ], [ -0.114371, 51.444471 ], [ -0.114151, 51.444229 ], [ -0.113882, 51.443841 ], [ -0.113733, 51.443384 ], [ -0.113479, 51.442861 ], [ -0.113143, 51.44252 ], [ -0.112872, 51.442188 ], [ -0.112975, 51.442011 ], [ -0.113262, 51.441672 ], [ -0.11371, 51.441185 ], [ -0.114012, 51.440948 ], [ -0.114776, 51.440325 ], [ -0.115402, 51.439857 ], [ -0.115465, 51.43955 ], [ -0.115479, 51.438997 ], [ -0.115517, 51.438675 ], [ -0.115568, 51.438265 ], [ -0.115625, 51.437912 ], [ -0.115627, 51.437541 ], [ -0.115456, 51.437131 ], [ -0.115209, 51.436681 ], [ -0.115037, 51.436073 ], [ -0.114965, 51.435691 ], [ -0.114695, 51.434828 ], [ -0.114264, 51.433888 ], [ -0.113691, 51.432684 ], [ -0.112879, 51.431283 ], [ -0.112338, 51.430096 ], [ -0.11215, 51.429154 ], [ -0.111962, 51.427933 ], [ -0.111715, 51.426439 ], [ -0.111689, 51.425642 ], [ -0.111668, 51.42519 ], [ -0.114061, 51.425269 ], [ -0.114787, 51.423413 ], [ -0.112692, 51.423356 ], [ -0.11302, 51.423052 ], [ -0.113519, 51.422699 ], [ -0.114701, 51.422153 ], [ -0.115721, 51.421494 ], [ -0.116747, 51.421052 ], [ -0.118025, 51.420707 ], [ -0.11891, 51.420403 ], [ -0.119835, 51.419928 ], [ -0.120812, 51.419556 ], [ -0.121012, 51.419347 ], [ -0.121148, 51.419105 ], [ -0.121562, 51.418562 ], [ -0.121776, 51.418258 ], [ -0.122126, 51.417631 ], [ -0.122677, 51.417067 ], [ -0.12388, 51.415723 ], [ -0.124637, 51.414852 ], [ -0.125266, 51.414256 ], [ -0.125732, 51.41398 ], [ -0.126551, 51.413866 ], [ -0.127343, 51.413587 ], [ -0.127905, 51.413186 ], [ -0.127999, 51.412562 ], [ -0.128351, 51.411686 ], [ -0.128597, 51.411718 ], [ -0.129214, 51.411818 ], [ -0.130562, 51.41177 ], [ -0.131479, 51.411523 ], [ -0.132538, 51.411318 ], [ -0.133722, 51.411394 ], [ -0.135159, 51.411652 ], [ -0.137839, 51.411983 ], [ -0.139476, 51.41234 ], [ -0.141732, 51.412954 ], [ -0.14328, 51.413439 ], [ -0.143683, 51.413229 ], [ -0.14391, 51.413007 ], [ -0.143955, 51.412485 ], [ -0.144835, 51.412243 ], [ -0.146228, 51.412243 ], [ -0.147333, 51.412408 ], [ -0.147194, 51.41259 ], [ -0.146856, 51.413045 ], [ -0.146698, 51.413916 ], [ -0.146773, 51.414906 ], [ -0.146345, 51.414769 ], [ -0.146182, 51.414979 ], [ -0.145503, 51.416327 ], [ -0.144656, 51.417387 ], [ -0.144851, 51.417724 ], [ -0.1454, 51.417873 ], [ -0.146119, 51.418045 ], [ -0.146697, 51.418257 ], [ -0.147017, 51.418488 ], [ -0.147256, 51.418514 ], [ -0.14752, 51.418733 ], [ -0.147947, 51.419161 ], [ -0.148259, 51.419357 ], [ -0.148498, 51.419329 ], [ -0.149021, 51.419408 ], [ -0.149327, 51.4196 ], [ -0.150017, 51.42 ], [ -0.150803, 51.420296 ], [ -0.151632, 51.420469 ], [ -0.15177, 51.420287 ], [ -0.152206, 51.420124 ], [ -0.15291, 51.420326 ], [ -0.154241, 51.420845 ], [ -0.155989, 51.421421 ], [ -0.157604, 51.421843 ], [ -0.159126, 51.422357 ], [ -0.160137, 51.422734 ], [ -0.160521, 51.422243 ], [ -0.161314, 51.421392 ], [ -0.161595, 51.420992 ], [ -0.161763, 51.42081 ], [ -0.162081, 51.420579 ], [ -0.162702, 51.420543 ], [ -0.163348, 51.420556 ], [ -0.164347, 51.420615 ], [ -0.165241, 51.420708 ], [ -0.166249, 51.420816 ], [ -0.167306, 51.420996 ], [ -0.16881, 51.421406 ], [ -0.170164, 51.421845 ], [ -0.17118, 51.422291 ], [ -0.171517, 51.422746 ], [ -0.171752, 51.423015 ], [ -0.172227, 51.423459 ], [ -0.172726, 51.423839 ], [ -0.173559, 51.424156 ], [ -0.174965, 51.423486 ], [ -0.176519, 51.422709 ], [ -0.177308, 51.422525 ], [ -0.177627, 51.422905 ], [ -0.174474, 51.424387 ], [ -0.174917, 51.424627 ], [ -0.176718, 51.424494 ], [ -0.177853, 51.424374 ], [ -0.178085, 51.42322 ], [ -0.180504, 51.423154 ], [ -0.180709, 51.423697 ], [ -0.181195, 51.4249 ], [ -0.181688, 51.425148 ], [ -0.18221, 51.425446 ], [ -0.183096, 51.426275 ], [ -0.18359, 51.426994 ], [ -0.183703, 51.42732 ], [ -0.183894, 51.427883 ], [ -0.184098, 51.428143 ], [ -0.184675, 51.428728 ], [ -0.185429, 51.429107 ], [ -0.184204, 51.429391 ], [ -0.183986, 51.429742 ], [ -0.183823, 51.430384 ], [ -0.183674, 51.431011 ], [ -0.183618, 51.431572 ], [ -0.183637, 51.431592 ], [ -0.183855, 51.431703 ], [ -0.184425, 51.43184 ], [ -0.184627, 51.431673 ], [ -0.184711, 51.431726 ], [ -0.184629, 51.431968 ], [ -0.184674, 51.432143 ], [ -0.184489, 51.432186 ], [ -0.184387, 51.43244 ], [ -0.184729, 51.432602 ], [ -0.184764, 51.432501 ], [ -0.184911, 51.432328 ], [ -0.185325, 51.432402 ], [ -0.185387, 51.432547 ], [ -0.185115, 51.432723 ], [ -0.185135, 51.432921 ], [ -0.185423, 51.432953 ], [ -0.185863, 51.433011 ], [ -0.18611, 51.433135 ], [ -0.186106, 51.433406 ], [ -0.186505, 51.433664 ], [ -0.186728, 51.433566 ], [ -0.187403, 51.43358 ], [ -0.187712, 51.433468 ], [ -0.18839, 51.433204 ], [ -0.189528, 51.432753 ], [ -0.189503, 51.433018 ], [ -0.189503, 51.433485 ], [ -0.189612, 51.433902 ], [ -0.18963, 51.434349 ], [ -0.189473, 51.434845 ], [ -0.189242, 51.435399 ], [ -0.189414, 51.435723 ], [ -0.189081, 51.435969 ], [ -0.188987, 51.436076 ], [ -0.188674, 51.436324 ], [ -0.188401, 51.436529 ], [ -0.188595, 51.436945 ], [ -0.188751, 51.43762 ], [ -0.188716, 51.438299 ], [ -0.188581, 51.438729 ], [ -0.189659, 51.439328 ], [ -0.189588, 51.440362 ], [ -0.189265, 51.441759 ], [ -0.191419, 51.441611 ], [ -0.19452, 51.441164 ], [ -0.19657, 51.440777 ], [ -0.199638, 51.440221 ], [ -0.201974, 51.439907 ], [ -0.204914, 51.439747 ], [ -0.207438, 51.439435 ], [ -0.209618, 51.439155 ], [ -0.211569, 51.439056 ], [ -0.215159, 51.439156 ], [ -0.215508, 51.439396 ], [ -0.216493, 51.439918 ], [ -0.21785, 51.440089 ], [ -0.219029, 51.440113 ], [ -0.220175, 51.440256 ], [ -0.222277, 51.440588 ], [ -0.223319, 51.440594 ], [ -0.224292, 51.440512 ], [ -0.224979, 51.440621 ], [ -0.226596, 51.44061 ], [ -0.229818, 51.44043 ], [ -0.2311, 51.440277 ], [ -0.234032, 51.439497 ], [ -0.236567, 51.438289 ], [ -0.239143, 51.436669 ], [ -0.239671, 51.436105 ], [ -0.240068, 51.435875 ], [ -0.241112, 51.435305 ], [ -0.242842, 51.434559 ], [ -0.245513, 51.433741 ], [ -0.247638, 51.433358 ], [ -0.249076, 51.433034 ], [ -0.250369, 51.432968 ], [ -0.250346, 51.433212 ], [ -0.250273, 51.43355 ], [ -0.250344, 51.434341 ], [ -0.250699, 51.435075 ], [ -0.251244, 51.435452 ], [ -0.252447, 51.436605 ], [ -0.252934, 51.437126 ], [ -0.253193, 51.437537 ], [ -0.253416, 51.438475 ], [ -0.253736, 51.439213 ], [ -0.254149, 51.439652 ], [ -0.254087, 51.440193 ], [ -0.253636, 51.440499 ], [ -0.25372, 51.440795 ], [ -0.25403, 51.441167 ], [ -0.253867, 51.441795 ], [ -0.254061, 51.441969 ], [ -0.254044, 51.442169 ], [ -0.25372, 51.4423 ], [ -0.253906, 51.442594 ], [ -0.253906, 51.443047 ], [ -0.254355, 51.443402 ], [ -0.254538, 51.443721 ], [ -0.254065, 51.444525 ], [ -0.253488, 51.445859 ], [ -0.253018, 51.446775 ], [ -0.25268, 51.44749 ], [ -0.252591, 51.447955 ], [ -0.252716, 51.449136 ], [ -0.252801, 51.450286 ], [ -0.252737, 51.450952 ], [ -0.252926, 51.45155 ], [ -0.253491, 51.451939 ], [ -0.254405, 51.452354 ], [ -0.255556, 51.452957 ], [ -0.256801, 51.453633 ], [ -0.257816, 51.454296 ], [ -0.258596, 51.455233 ], [ -0.25964, 51.456542 ], [ -0.259737, 51.456942 ], [ -0.259609, 51.4588 ], [ -0.259435, 51.460029 ], [ -0.258815, 51.461752 ], [ -0.258584, 51.462737 ], [ -0.259659, 51.463148 ], [ -0.258723, 51.464892 ], [ -0.256741, 51.466854 ], [ -0.255458, 51.467928 ], [ -0.254398, 51.468383 ], [ -0.253151, 51.46792 ], [ -0.252448, 51.467736 ], [ -0.250989, 51.467706 ], [ -0.247288, 51.467809 ], [ -0.245044, 51.467603 ], [ -0.242452, 51.46702 ], [ -0.239794, 51.466659 ], [ -0.237063, 51.466268 ], [ -0.235547, 51.465875 ], [ -0.235114, 51.465853 ], [ -0.235118, 51.466196 ], [ -0.234979, 51.467497 ], [ -0.234437, 51.467665 ], [ -0.234214, 51.467875 ], [ -0.234477, 51.468367 ], [ -0.234723, 51.468908 ], [ -0.234594, 51.469558 ], [ -0.234124, 51.470355 ], [ -0.233768, 51.471383 ], [ -0.233611, 51.47236 ], [ -0.2333, 51.472808 ], [ -0.232445, 51.473041 ], [ -0.231311, 51.472891 ], [ -0.230574, 51.472707 ], [ -0.230072, 51.472444 ], [ -0.22988, 51.472274 ], [ -0.229102, 51.472136 ], [ -0.228731, 51.472031 ], [ -0.228593, 51.471773 ], [ -0.228574, 51.471598 ], [ -0.227769, 51.471071 ], [ -0.227325, 51.471355 ], [ -0.226887, 51.470995 ], [ -0.227252, 51.470802 ], [ -0.227257, 51.470543 ], [ -0.226118, 51.470355 ], [ -0.225767, 51.470277 ], [ -0.225237, 51.470562 ], [ -0.224477, 51.470697 ], [ -0.223834, 51.471038 ], [ -0.224059, 51.471334 ], [ -0.223405, 51.471626 ], [ -0.222714, 51.471956 ], [ -0.222121, 51.472196 ], [ -0.221132, 51.471183 ], [ -0.219924, 51.469991 ], [ -0.219206, 51.469482 ], [ -0.217933, 51.468823 ], [ -0.216143, 51.467567 ], [ -0.214842, 51.466775 ], [ -0.213671, 51.466357 ], [ -0.212157, 51.465859 ], [ -0.210572, 51.465326 ], [ -0.208608, 51.464805 ], [ -0.207465, 51.464565 ], [ -0.205745, 51.464254 ], [ -0.203771, 51.463867 ], [ -0.2015, 51.463561 ], [ -0.198855, 51.463496 ], [ -0.196928, 51.463414 ], [ -0.194128, 51.463454 ], [ -0.192699, 51.463722 ], [ -0.191645, 51.464001 ], [ -0.190269, 51.464333 ], [ -0.188927, 51.464674 ], [ -0.187727, 51.465299 ], [ -0.187009, 51.465725 ], [ -0.18591, 51.466352 ], [ -0.184479, 51.467576 ], [ -0.182907, 51.469191 ], [ -0.181701, 51.470399 ], [ -0.180815, 51.47149 ], [ -0.179824, 51.472382 ], [ -0.179321, 51.473171 ], [ -0.179004, 51.473935 ], [ -0.178344, 51.474986 ], [ -0.177945, 51.47574 ], [ -0.177557, 51.476649 ], [ -0.177183, 51.477361 ], [ -0.177044, 51.47754 ], [ -0.176464, 51.478057 ], [ -0.176247, 51.478557 ], [ -0.175517, 51.479075 ], [ -0.175028, 51.479521 ], [ -0.174328, 51.479988 ], [ -0.173308, 51.480547 ], [ -0.172154, 51.480993 ], [ -0.171764, 51.481113 ], [ -0.171331, 51.481247 ], [ -0.170738, 51.481433 ], [ -0.168879, 51.481922 ], [ -0.166431, 51.482369 ], [ -0.164838, 51.482509 ], [ -0.162604, 51.48289 ], [ -0.161279, 51.483005 ], [ -0.160202, 51.483069 ], [ -0.15939, 51.483208 ], [ -0.158482, 51.483224 ], [ -0.157922, 51.483355 ], [ -0.157216, 51.483469 ], [ -0.155779, 51.483547 ], [ -0.154752, 51.48374 ], [ -0.153476, 51.48399 ], [ -0.152948, 51.484133 ], [ -0.152368, 51.484252 ], [ -0.150863, 51.484548 ], [ -0.149586, 51.484732 ], [ -0.149104, 51.48479 ], [ -0.148121, 51.484755 ], [ -0.146945, 51.484675 ], [ -0.145505, 51.484548 ], [ -0.143497, 51.484321 ], [ -0.141261, 51.484035 ], [ -0.139776, 51.483906 ], [ -0.13805, 51.483927 ], [ -0.136374, 51.484161 ], [ -0.134932, 51.484358 ], [ -0.132989, 51.48473 ], [ -0.13177, 51.485167 ], [ -0.130597, 51.485619 ], [ -0.129818, 51.485974 ], [ -0.129399, 51.485656 ], [ -0.129041, 51.485297 ], [ -0.128673, 51.484932 ], [ -0.128315, 51.484218 ], [ -0.128509, 51.484148 ] ] ] ] } },
{ "type": "Feature", "properties": { "_ROWID_": 591, "pk": 591, "g_unit": 10029855.0, "g_name": "KINGSTON", "namestatus": "P", "g_language": "eng", "unittype": "PR_DIST", "g_status": "RegD", "nation": "ENGLAND", "g_year": 1851.0, "im_auth": "GBHGIS", "im_note": null, "notes": null }, "geometry": { "type": "Polygon", "coordinates": [ [ [ -0.229818, 51.44043 ], [ -0.226596, 51.44061 ], [ -0.224979, 51.440621 ], [ -0.224292, 51.440512 ], [ -0.223319, 51.440594 ], [ -0.222277, 51.440588 ], [ -0.220175, 51.440256 ], [ -0.219029, 51.440113 ], [ -0.21785, 51.440089 ], [ -0.216493, 51.439918 ], [ -0.215508, 51.439396 ], [ -0.215159, 51.439156 ], [ -0.211569, 51.439056 ], [ -0.209618, 51.439155 ], [ -0.207438, 51.439435 ], [ -0.204914, 51.439747 ], [ -0.201974, 51.439907 ], [ -0.199638, 51.440221 ], [ -0.19657, 51.440777 ], [ -0.19452, 51.441164 ], [ -0.191419, 51.441611 ], [ -0.189265, 51.441759 ], [ -0.189588, 51.440362 ], [ -0.189659, 51.439328 ], [ -0.188581, 51.438729 ], [ -0.188716, 51.438299 ], [ -0.188751, 51.43762 ], [ -0.188595, 51.436945 ], [ -0.188401, 51.436529 ], [ -0.188674, 51.436324 ], [ -0.188987, 51.436076 ], [ -0.189081, 51.435969 ], [ -0.189414, 51.435723 ], [ -0.189242, 51.435399 ], [ -0.189473, 51.434845 ], [ -0.18963, 51.434349 ], [ -0.189612, 51.433902 ], [ -0.189503, 51.433485 ], [ -0.189503, 51.433018 ], [ -0.189528, 51.432753 ], [ -0.18839, 51.433204 ], [ -0.187712, 51.433468 ], [ -0.187403, 51.43358 ], [ -0.186728, 51.433566 ], [ -0.186505, 51.433664 ], [ -0.186106, 51.433406 ], [ -0.18611, 51.433135 ], [ -0.185863, 51.433011 ], [ -0.185423, 51.432953 ], [ -0.185135, 51.432921 ], [ -0.185115, 51.432723 ], [ -0.185387, 51.432547 ], [ -0.185325, 51.432402 ], [ -0.184911, 51.432328 ], [ -0.184764, 51.432501 ], [ -0.184729, 51.432602 ], [ -0.184387, 51.43244 ], [ -0.184489, 51.432186 ], [ -0.184674, 51.432143 ], [ -0.184629, 51.431968 ], [ -0.184711, 51.431726 ], [ -0.184627, 51.431673 ], [ -0.184425, 51.43184 ], [ -0.183855, 51.431703 ], [ -0.183637, 51.431592 ], [ -0.183618, 51.431572 ], [ -0.183674, 51.431011 ], [ -0.183823, 51.430384 ], [ -0.183986, 51.429742 ], [ -0.184204, 51.429391 ], [ -0.185429, 51.429107 ], [ -0.184675, 51.428728 ], [ -0.184098, 51.428143 ], [ -0.183894, 51.427883 ], [ -0.183703, 51.42732 ], [ -0.18359, 51.426994 ], [ -0.183096, 51.426275 ], [ -0.183788, 51.42536 ], [ -0.18271, 51.423534 ], [ -0.181319, 51.421981 ], [ -0.182162, 51.419397 ], [ -0.182046, 51.418626 ], [ -0.181723, 51.416961 ], [ -0.181908, 51.41631 ], [ -0.187401, 51.416914 ], [ -0.202887, 51.414994 ], [ -0.224221, 51.409769 ], [ -0.226948, 51.409327 ], [ -0.230061, 51.409281 ], [ -0.234945, 51.409893 ], [ -0.240693, 51.411154 ], [ -0.249575, 51.414764 ], [ -0.248535, 51.411893 ], [ -0.248564, 51.409894 ], [ -0.246855, 51.408407 ], [ -0.245546, 51.406132 ], [ -0.244925, 51.404019 ], [ -0.245317, 51.399544 ], [ -0.246511, 51.397456 ], [ -0.247425, 51.397011 ], [ -0.247411, 51.397002 ], [ -0.245402, 51.395654 ], [ -0.243869, 51.394114 ], [ -0.241657, 51.393216 ], [ -0.240338, 51.391694 ], [ -0.239634, 51.389689 ], [ -0.235712, 51.390334 ], [ -0.234381, 51.39011 ], [ -0.233731, 51.387148 ], [ -0.232754, 51.386636 ], [ -0.234377, 51.386073 ], [ -0.240226, 51.381967 ], [ -0.241232, 51.379698 ], [ -0.241926, 51.379293 ], [ -0.243282, 51.378515 ], [ -0.257446, 51.378279 ], [ -0.258982, 51.378328 ], [ -0.259901, 51.378356 ], [ -0.259973, 51.378225 ], [ -0.261189, 51.376021 ], [ -0.260217, 51.373692 ], [ -0.262865, 51.373784 ], [ -0.266043, 51.372143 ], [ -0.268127, 51.370302 ], [ -0.270976, 51.369708 ], [ -0.273103, 51.368415 ], [ -0.276114, 51.368272 ], [ -0.281078, 51.365447 ], [ -0.281896, 51.365334 ], [ -0.284721, 51.364945 ], [ -0.289061, 51.366835 ], [ -0.297657, 51.366941 ], [ -0.300918, 51.366171 ], [ -0.303795, 51.366029 ], [ -0.30886, 51.360652 ], [ -0.311651, 51.358551 ], [ -0.315981, 51.350871 ], [ -0.325795, 51.343413 ], [ -0.327421, 51.343751 ], [ -0.327977, 51.343913 ], [ -0.32904, 51.344325 ], [ -0.328897, 51.348349 ], [ -0.328347, 51.349304 ], [ -0.328524, 51.349602 ], [ -0.33371, 51.348896 ], [ -0.337955, 51.348667 ], [ -0.340284, 51.349857 ], [ -0.342647, 51.348578 ], [ -0.348105, 51.343923 ], [ -0.352139, 51.343386 ], [ -0.35861, 51.343189 ], [ -0.361917, 51.343355 ], [ -0.365142, 51.344387 ], [ -0.366167, 51.345443 ], [ -0.371651, 51.345569 ], [ -0.372943, 51.345599 ], [ -0.380705, 51.346077 ], [ -0.388451, 51.349396 ], [ -0.390816, 51.34779 ], [ -0.394261, 51.348504 ], [ -0.395248, 51.349666 ], [ -0.391065, 51.352455 ], [ -0.391287, 51.354809 ], [ -0.393289, 51.356517 ], [ -0.395737, 51.357709 ], [ -0.396139, 51.359503 ], [ -0.395409, 51.361632 ], [ -0.393388, 51.363398 ], [ -0.390305, 51.364482 ], [ -0.390198, 51.367559 ], [ -0.386469, 51.368391 ], [ -0.383363, 51.367241 ], [ -0.379456, 51.367679 ], [ -0.377681, 51.371777 ], [ -0.378295, 51.373699 ], [ -0.376408, 51.378632 ], [ -0.37759, 51.381298 ], [ -0.373933, 51.382593 ], [ -0.37287, 51.384754 ], [ -0.373941, 51.38669 ], [ -0.367929, 51.387361 ], [ -0.367493, 51.38741 ], [ -0.373146, 51.390388 ], [ -0.374399, 51.389853 ], [ -0.376656, 51.388892 ], [ -0.378186, 51.391121 ], [ -0.380851, 51.392714 ], [ -0.385311, 51.395377 ], [ -0.390076, 51.404098 ], [ -0.393164, 51.406259 ], [ -0.396785, 51.407027 ], [ -0.396816, 51.40871 ], [ -0.393411, 51.409296 ], [ -0.385617, 51.408646 ], [ -0.383854, 51.408092 ], [ -0.38178, 51.40781 ], [ -0.38006, 51.408353 ], [ -0.378376, 51.408899 ], [ -0.378582, 51.40988 ], [ -0.379032, 51.41106 ], [ -0.38485, 51.416249 ], [ -0.385021, 51.417422 ], [ -0.385132, 51.418016 ], [ -0.385451, 51.419358 ], [ -0.38499, 51.419366 ], [ -0.382756, 51.425195 ], [ -0.384815, 51.428112 ], [ -0.38575, 51.429528 ], [ -0.38525, 51.430684 ], [ -0.384011, 51.431783 ], [ -0.382813, 51.432819 ], [ -0.380885, 51.434084 ], [ -0.377861, 51.435871 ], [ -0.376822, 51.436561 ], [ -0.375914, 51.437083 ], [ -0.375004, 51.437622 ], [ -0.374414, 51.438043 ], [ -0.374368, 51.438042 ], [ -0.372528, 51.438859 ], [ -0.371606, 51.439269 ], [ -0.369472, 51.44007 ], [ -0.367901, 51.441204 ], [ -0.367343, 51.441598 ], [ -0.36669, 51.442071 ], [ -0.366083, 51.442546 ], [ -0.36562, 51.442964 ], [ -0.365177, 51.443363 ], [ -0.36513, 51.443361 ], [ -0.364273, 51.44314 ], [ -0.362587, 51.442633 ], [ -0.361057, 51.44178 ], [ -0.353793, 51.437649 ], [ -0.352156, 51.437371 ], [ -0.350086, 51.437089 ], [ -0.347774, 51.436873 ], [ -0.342792, 51.436149 ], [ -0.341778, 51.436076 ], [ -0.33877, 51.435401 ], [ -0.333292, 51.432994 ], [ -0.331932, 51.432905 ], [ -0.329969, 51.432916 ], [ -0.328553, 51.432959 ], [ -0.327249, 51.43312 ], [ -0.326817, 51.433155 ], [ -0.327828, 51.433512 ], [ -0.330163, 51.436215 ], [ -0.330547, 51.437633 ], [ -0.33323, 51.442588 ], [ -0.331299, 51.444117 ], [ -0.328245, 51.444833 ], [ -0.320536, 51.445821 ], [ -0.319746, 51.445968 ], [ -0.316787, 51.439873 ], [ -0.309918, 51.438262 ], [ -0.300812, 51.437585 ], [ -0.293204, 51.437577 ], [ -0.288824, 51.43861 ], [ -0.283391, 51.440499 ], [ -0.279159, 51.443488 ], [ -0.276065, 51.444927 ], [ -0.275469, 51.444914 ], [ -0.265395, 51.442944 ], [ -0.264594, 51.444914 ], [ -0.261174, 51.444966 ], [ -0.258215, 51.44459 ], [ -0.255031, 51.443999 ], [ -0.254538, 51.443721 ], [ -0.254355, 51.443402 ], [ -0.253906, 51.443047 ], [ -0.253906, 51.442594 ], [ -0.25372, 51.4423 ], [ -0.254044, 51.442169 ], [ -0.254061, 51.441969 ], [ -0.253867, 51.441795 ], [ -0.25403, 51.441167 ], [ -0.25372, 51.440795 ], [ -0.253636, 51.440499 ], [ -0.254087, 51.440193 ], [ -0.254149, 51.439652 ], [ -0.253736, 51.439213 ], [ -0.253416, 51.438475 ], [ -0.253193, 51.437537 ], [ -0.252934, 51.437126 ], [ -0.252447, 51.436605 ], [ -0.251244, 51.435452 ], [ -0.250699, 51.435075 ], [ -0.250344, 51.434341 ], [ -0.250273, 51.43355 ], [ -0.250346, 51.433212 ], [ -0.250369, 51.432968 ], [ -0.249076, 51.433034 ], [ -0.247638, 51.433358 ], [ -0.245513, 51.433741 ], [ -0.242842, 51.434559 ], [ -0.241112, 51.435305 ], [ -0.240068, 51.435875 ], [ -0.239671, 51.436105 ], [ -0.239143, 51.436669 ], [ -0.236567, 51.438289 ], [ -0.234032, 51.439497 ], [ -0.2311, 51.440277 ], [ -0.229818, 51.44043 ] ] ] } },
{ "type": "Feature", "properties": { "_ROWID_": 592, "pk": 592, "g_unit": 10005322.0, "g_name": "BROMLEY", "namestatus": "P", "g_language": "eng", "unittype": "PR_DIST", "g_status": "RegD", "nation": "ENGLAND", "g_year": 1851.0, "im_auth": "GBHGIS", "im_note": null, "notes": null }, "geometry": { "type": "Polygon", "coordinates": [ [ [ 0.039213, 51.424691 ], [ 0.040775, 51.424338 ], [ 0.044427, 51.423608 ], [ 0.048509, 51.423004 ], [ 0.05061, 51.422219 ], [ 0.052942, 51.420456 ], [ 0.054308, 51.419492 ], [ 0.053972, 51.419817 ], [ 0.056543, 51.42081 ], [ 0.056332, 51.42251 ], [ 0.057403, 51.424577 ], [ 0.058549, 51.424697 ], [ 0.0588, 51.424566 ], [ 0.058943, 51.424475 ], [ 0.059267, 51.424479 ], [ 0.059545, 51.424521 ], [ 0.060022, 51.424705 ], [ 0.061048, 51.425042 ], [ 0.061143, 51.424853 ], [ 0.061604, 51.424263 ], [ 0.062014, 51.423641 ], [ 0.062242, 51.423582 ], [ 0.062659, 51.42372 ], [ 0.062728, 51.423848 ], [ 0.063144, 51.424151 ], [ 0.063597, 51.424657 ], [ 0.064104, 51.425188 ], [ 0.064487, 51.425558 ], [ 0.064935, 51.42577 ], [ 0.065385, 51.425826 ], [ 0.065847, 51.425696 ], [ 0.066255, 51.425793 ], [ 0.066563, 51.425907 ], [ 0.067108, 51.426129 ], [ 0.067646, 51.426343 ], [ 0.068101, 51.4265 ], [ 0.068871, 51.427172 ], [ 0.069246, 51.427592 ], [ 0.069691, 51.42824 ], [ 0.070359, 51.428968 ], [ 0.070882, 51.429462 ], [ 0.071506, 51.43002 ], [ 0.072318, 51.430874 ], [ 0.073059, 51.431488 ], [ 0.073819, 51.432143 ], [ 0.074443, 51.432559 ], [ 0.074786, 51.432806 ], [ 0.075261, 51.433095 ], [ 0.075821, 51.43339 ], [ 0.076129, 51.43357 ], [ 0.076411, 51.433706 ], [ 0.076405, 51.433945 ], [ 0.079109, 51.433606 ], [ 0.086619, 51.432901 ], [ 0.089409, 51.432442 ], [ 0.093684, 51.431607 ], [ 0.097247, 51.431857 ], [ 0.099666, 51.432034 ], [ 0.103893, 51.432162 ], [ 0.106321, 51.431152 ], [ 0.109468, 51.430887 ], [ 0.113903, 51.431736 ], [ 0.116604, 51.432025 ], [ 0.120828, 51.432037 ], [ 0.123647, 51.431659 ], [ 0.123089, 51.431607 ], [ 0.124377, 51.431304 ], [ 0.126818, 51.432145 ], [ 0.129731, 51.431795 ], [ 0.131637, 51.433336 ], [ 0.134438, 51.433855 ], [ 0.13663, 51.432761 ], [ 0.139696, 51.432843 ], [ 0.142505, 51.435039 ], [ 0.144869, 51.434955 ], [ 0.150715, 51.43489 ], [ 0.153039, 51.43498 ], [ 0.155794, 51.432664 ], [ 0.155542, 51.430641 ], [ 0.155014, 51.430127 ], [ 0.154357, 51.428456 ], [ 0.152718, 51.426594 ], [ 0.152244, 51.423445 ], [ 0.152337, 51.420609 ], [ 0.150109, 51.419158 ], [ 0.15046, 51.417129 ], [ 0.150481, 51.414901 ], [ 0.150014, 51.413373 ], [ 0.149668, 51.411294 ], [ 0.152577, 51.410886 ], [ 0.152598, 51.408687 ], [ 0.153003, 51.408306 ], [ 0.159516, 51.407452 ], [ 0.159629, 51.40667 ], [ 0.159571, 51.404905 ], [ 0.158906, 51.403003 ], [ 0.157671, 51.400703 ], [ 0.158116, 51.397282 ], [ 0.159526, 51.393563 ], [ 0.161166, 51.38984 ], [ 0.161907, 51.388385 ], [ 0.162795, 51.387159 ], [ 0.160824, 51.386427 ], [ 0.153112, 51.383003 ], [ 0.153108, 51.378844 ], [ 0.152721, 51.376974 ], [ 0.153528, 51.374208 ], [ 0.153654, 51.373128 ], [ 0.154953, 51.371516 ], [ 0.154692, 51.369143 ], [ 0.153738, 51.366983 ], [ 0.15084, 51.363929 ], [ 0.150061, 51.361924 ], [ 0.150292, 51.360446 ], [ 0.147861, 51.359915 ], [ 0.1494, 51.358338 ], [ 0.145881, 51.355273 ], [ 0.143475, 51.353377 ], [ 0.141757, 51.35157 ], [ 0.141589, 51.349405 ], [ 0.139494, 51.348164 ], [ 0.137721, 51.346656 ], [ 0.137814, 51.343938 ], [ 0.135587, 51.344467 ], [ 0.130012, 51.345659 ], [ 0.126982, 51.345939 ], [ 0.123504, 51.345359 ], [ 0.11842, 51.343873 ], [ 0.116138, 51.340982 ], [ 0.117773, 51.33706 ], [ 0.119567, 51.33454 ], [ 0.122982, 51.330436 ], [ 0.124618, 51.327949 ], [ 0.12486, 51.327543 ], [ 0.126524, 51.325818 ], [ 0.129315, 51.320695 ], [ 0.130237, 51.31936 ], [ 0.132473, 51.317386 ], [ 0.133923, 51.315128 ], [ 0.132825, 51.311553 ], [ 0.130042, 51.311068 ], [ 0.127415, 51.311015 ], [ 0.121906, 51.310251 ], [ 0.117631, 51.30902 ], [ 0.116184, 51.308603 ], [ 0.115483, 51.308487 ], [ 0.112771, 51.307304 ], [ 0.110788, 51.306225 ], [ 0.108752, 51.304859 ], [ 0.106781, 51.303711 ], [ 0.104177, 51.302391 ], [ 0.098364, 51.299101 ], [ 0.095319, 51.298297 ], [ 0.094063, 51.297813 ], [ 0.091185, 51.296435 ], [ 0.08735, 51.293833 ], [ 0.085737, 51.292439 ], [ 0.082037, 51.291377 ], [ 0.080851, 51.290973 ], [ 0.07804, 51.291074 ], [ 0.075632, 51.291028 ], [ 0.072257, 51.290982 ], [ 0.064327, 51.289048 ], [ 0.062001, 51.289544 ], [ 0.059064, 51.28924 ], [ 0.057077, 51.288381 ], [ 0.055813, 51.28944 ], [ 0.053458, 51.29323 ], [ 0.051861, 51.295121 ], [ 0.047423, 51.297807 ], [ 0.045237, 51.297786 ], [ 0.045439, 51.298786 ], [ 0.044528, 51.301492 ], [ 0.039892, 51.30385 ], [ 0.033127, 51.306048 ], [ 0.030608, 51.307023 ], [ 0.027472, 51.30582 ], [ 0.024535, 51.303811 ], [ 0.023061, 51.301907 ], [ 0.022632, 51.300738 ], [ 0.02099, 51.299627 ], [ 0.02038, 51.297597 ], [ 0.02064, 51.295076 ], [ 0.018546, 51.292958 ], [ 0.017527, 51.292475 ], [ 0.015661, 51.291732 ], [ 0.014104, 51.293358 ], [ 0.011762, 51.299422 ], [ 0.007728, 51.308834 ], [ 0.008009, 51.315807 ], [ 0.00601, 51.329284 ], [ 0.003047, 51.334013 ], [ 0.002539, 51.334248 ], [ -0.000223, 51.33553 ], [ -0.003094, 51.341363 ], [ -0.00675, 51.348777 ], [ -0.009895, 51.354126 ], [ -0.013008, 51.356667 ], [ -0.019349, 51.360388 ], [ -0.021367, 51.363149 ], [ -0.023925, 51.365108 ], [ -0.025806, 51.367501 ], [ -0.024808, 51.375184 ], [ -0.023958, 51.37864 ], [ -0.024031, 51.380873 ], [ -0.024045, 51.38093 ], [ -0.024176, 51.383487 ], [ -0.025566, 51.385252 ], [ -0.030266, 51.386447 ], [ -0.037273, 51.38937 ], [ -0.042022, 51.391034 ], [ -0.042887, 51.390971 ], [ -0.051656, 51.393742 ], [ -0.052714, 51.395764 ], [ -0.055669, 51.396193 ], [ -0.063124, 51.401123 ], [ -0.061895, 51.401131 ], [ -0.060259, 51.402374 ], [ -0.0583, 51.40391 ], [ -0.056279, 51.405484 ], [ -0.0536, 51.406778 ], [ -0.050168, 51.40833 ], [ -0.048167, 51.409285 ], [ -0.045587, 51.411379 ], [ -0.048822, 51.415282 ], [ -0.050683, 51.416483 ], [ -0.054174, 51.418355 ], [ -0.05815, 51.419387 ], [ -0.061008, 51.419972 ], [ -0.064503, 51.420344 ], [ -0.067225, 51.421432 ], [ -0.069649, 51.423186 ], [ -0.071785, 51.424864 ], [ -0.073676, 51.425883 ], [ -0.074144, 51.426132 ], [ -0.07393, 51.426163 ], [ -0.073475, 51.426199 ], [ -0.072744, 51.426128 ], [ -0.072091, 51.426161 ], [ -0.071246, 51.426201 ], [ -0.070511, 51.426248 ], [ -0.069359, 51.426097 ], [ -0.068597, 51.425898 ], [ -0.068049, 51.425763 ], [ -0.067454, 51.425631 ], [ -0.066778, 51.425592 ], [ -0.066042, 51.425371 ], [ -0.065546, 51.425238 ], [ -0.064996, 51.425141 ], [ -0.064215, 51.42491 ], [ -0.06349, 51.424782 ], [ -0.063009, 51.424722 ], [ -0.062204, 51.424708 ], [ -0.06165, 51.424452 ], [ -0.061163, 51.424335 ], [ -0.060778, 51.424211 ], [ -0.06003, 51.423841 ], [ -0.059253, 51.423522 ], [ -0.058327, 51.423252 ], [ -0.057743, 51.423105 ], [ -0.057273, 51.422863 ], [ -0.056111, 51.422776 ], [ -0.055086, 51.422767 ], [ -0.054246, 51.42281 ], [ -0.053561, 51.422778 ], [ -0.052815, 51.422507 ], [ -0.052114, 51.422364 ], [ -0.051542, 51.422274 ], [ -0.050869, 51.422261 ], [ -0.05007, 51.422393 ], [ -0.049602, 51.422487 ], [ -0.048902, 51.422481 ], [ -0.048033, 51.422608 ], [ -0.046918, 51.422606 ], [ -0.046506, 51.422473 ], [ -0.045555, 51.422549 ], [ -0.044253, 51.422672 ], [ -0.043433, 51.422913 ], [ -0.042875, 51.423159 ], [ -0.042274, 51.423424 ], [ -0.041692, 51.423563 ], [ -0.041167, 51.423881 ], [ -0.040634, 51.424127 ], [ -0.039972, 51.424098 ], [ -0.039342, 51.423999 ], [ -0.038364, 51.423743 ], [ -0.037566, 51.42383 ], [ -0.036635, 51.424026 ], [ -0.035891, 51.424104 ], [ -0.035784, 51.424287 ], [ -0.035132, 51.42457 ], [ -0.034386, 51.424829 ], [ -0.033551, 51.425066 ], [ -0.032742, 51.425253 ], [ -0.031998, 51.425341 ], [ -0.031417, 51.425463 ], [ -0.03113, 51.425432 ], [ -0.030448, 51.425503 ], [ -0.029939, 51.425528 ], [ -0.029534, 51.425545 ], [ -0.029219, 51.425491 ], [ -0.02867, 51.425201 ], [ -0.028046, 51.424846 ], [ -0.027303, 51.424392 ], [ -0.026533, 51.423965 ], [ -0.025796, 51.423566 ], [ -0.024992, 51.423415 ], [ -0.024278, 51.423156 ], [ -0.023561, 51.422802 ], [ -0.023219, 51.422485 ], [ -0.022854, 51.422127 ], [ -0.022331, 51.421601 ], [ -0.022133, 51.421076 ], [ -0.021724, 51.420441 ], [ -0.021454, 51.42043 ], [ -0.021322, 51.420323 ], [ -0.021135, 51.420101 ], [ -0.020438, 51.419796 ], [ -0.019666, 51.419483 ], [ -0.019101, 51.419097 ], [ -0.018763, 51.418595 ], [ -0.018148, 51.418354 ], [ -0.017591, 51.417915 ], [ -0.01653, 51.417545 ], [ -0.015695, 51.41718 ], [ -0.014586, 51.416704 ], [ -0.01364, 51.416177 ], [ -0.012437, 51.415513 ], [ -0.011546, 51.415143 ], [ -0.010552, 51.414713 ], [ -0.008816, 51.414224 ], [ -0.007356, 51.413853 ], [ -0.007, 51.413628 ], [ -0.0068, 51.413455 ], [ -0.00615, 51.413235 ], [ -0.005393, 51.413091 ], [ -0.004718, 51.413159 ], [ -0.004018, 51.413236 ], [ -0.003221, 51.413529 ], [ -0.001618, 51.413846 ], [ -0.00064, 51.413973 ], [ 0.000573, 51.414092 ], [ 0.002069, 51.414471 ], [ 0.003203, 51.414976 ], [ 0.003575, 51.415177 ], [ 0.00387, 51.416008 ], [ 0.004295, 51.416646 ], [ 0.00466, 51.417201 ], [ 0.005131, 51.417875 ], [ 0.005166, 51.418183 ], [ 0.005118, 51.418462 ], [ 0.004935, 51.418713 ], [ 0.005046, 51.419108 ], [ 0.005279, 51.419235 ], [ 0.005528, 51.419547 ], [ 0.005724, 51.419797 ], [ 0.005787, 51.42008 ], [ 0.005818, 51.420427 ], [ 0.006073, 51.420627 ], [ 0.006622, 51.42102 ], [ 0.007288, 51.421424 ], [ 0.008161, 51.421975 ], [ 0.008895, 51.422449 ], [ 0.009462, 51.422845 ], [ 0.010416, 51.423238 ], [ 0.01092, 51.42379 ], [ 0.012588, 51.424577 ], [ 0.01347, 51.425147 ], [ 0.014021, 51.42541 ], [ 0.014123, 51.425607 ], [ 0.014073, 51.426012 ], [ 0.01446, 51.426021 ], [ 0.014988, 51.425981 ], [ 0.015757, 51.426011 ], [ 0.016287, 51.426166 ], [ 0.017095, 51.42644 ], [ 0.018014, 51.426687 ], [ 0.018905, 51.42684 ], [ 0.019831, 51.427038 ], [ 0.020095, 51.427016 ], [ 0.020514, 51.426926 ], [ 0.021469, 51.426876 ], [ 0.021918, 51.426816 ], [ 0.022186, 51.426836 ], [ 0.023282, 51.427265 ], [ 0.024119, 51.427615 ], [ 0.025158, 51.428227 ], [ 0.026119, 51.428677 ], [ 0.026354, 51.428521 ], [ 0.026436, 51.428205 ], [ 0.026771, 51.427454 ], [ 0.027343, 51.427391 ], [ 0.027716, 51.427276 ], [ 0.028118, 51.426895 ], [ 0.028477, 51.426721 ], [ 0.028479, 51.426263 ], [ 0.02887, 51.426179 ], [ 0.029577, 51.426037 ], [ 0.030341, 51.425801 ], [ 0.031307, 51.425787 ], [ 0.032096, 51.425594 ], [ 0.033533, 51.425392 ], [ 0.034803, 51.424969 ], [ 0.036394, 51.424799 ], [ 0.037853, 51.424741 ], [ 0.038688, 51.424668 ], [ 0.039213, 51.424691 ] ] ] } },
{ "type": "Feature", "properties": { "_ROWID_": 593, "pk": 593, "g_unit": 10155113.0, "g_name": "CROYDON", "namestatus": "P", "g_language": "eng", "unittype": "PR_DIST", "g_status": "RegD", "nation": "ENGLAND", "g_year": 1851.0, "im_auth": "GBHGIS", "im_note": null, "notes": null }, "geometry": { "type": "Polygon", "coordinates": [ [ [ -0.183096, 51.426275 ], [ -0.18221, 51.425446 ], [ -0.181688, 51.425148 ], [ -0.181195, 51.4249 ], [ -0.180709, 51.423697 ], [ -0.180504, 51.423154 ], [ -0.178085, 51.42322 ], [ -0.177853, 51.424374 ], [ -0.176718, 51.424494 ], [ -0.174917, 51.424627 ], [ -0.174474, 51.424387 ], [ -0.177627, 51.422905 ], [ -0.177308, 51.422525 ], [ -0.176519, 51.422709 ], [ -0.174965, 51.423486 ], [ -0.173559, 51.424156 ], [ -0.172726, 51.423839 ], [ -0.172227, 51.423459 ], [ -0.171752, 51.423015 ], [ -0.171517, 51.422746 ], [ -0.17118, 51.422291 ], [ -0.170164, 51.421845 ], [ -0.16881, 51.421406 ], [ -0.167306, 51.420996 ], [ -0.166249, 51.420816 ], [ -0.165241, 51.420708 ], [ -0.164347, 51.420615 ], [ -0.163348, 51.420556 ], [ -0.162702, 51.420543 ], [ -0.162081, 51.420579 ], [ -0.161763, 51.42081 ], [ -0.161595, 51.420992 ], [ -0.161314, 51.421392 ], [ -0.160521, 51.422243 ], [ -0.160137, 51.422734 ], [ -0.159126, 51.422357 ], [ -0.157604, 51.421843 ], [ -0.155989, 51.421421 ], [ -0.154241, 51.420845 ], [ -0.15291, 51.420326 ], [ -0.152206, 51.420124 ], [ -0.15177, 51.420287 ], [ -0.151632, 51.420469 ], [ -0.150803, 51.420296 ], [ -0.150017, 51.42 ], [ -0.149327, 51.4196 ], [ -0.149021, 51.419408 ], [ -0.148498, 51.419329 ], [ -0.148259, 51.419357 ], [ -0.147947, 51.419161 ], [ -0.14752, 51.418733 ], [ -0.147256, 51.418514 ], [ -0.147017, 51.418488 ], [ -0.146697, 51.418257 ], [ -0.146119, 51.418045 ], [ -0.1454, 51.417873 ], [ -0.144851, 51.417724 ], [ -0.144656, 51.417387 ], [ -0.145503, 51.416327 ], [ -0.146182, 51.414979 ], [ -0.146345, 51.414769 ], [ -0.146773, 51.414906 ], [ -0.146698, 51.413916 ], [ -0.146856, 51.413045 ], [ -0.147194, 51.41259 ], [ -0.147333, 51.412408 ], [ -0.146228, 51.412243 ], [ -0.144835, 51.412243 ], [ -0.143955, 51.412485 ], [ -0.14391, 51.413007 ], [ -0.143683, 51.413229 ], [ -0.14328, 51.413439 ], [ -0.141732, 51.412954 ], [ -0.139476, 51.41234 ], [ -0.137839, 51.411983 ], [ -0.135159, 51.411652 ], [ -0.133722, 51.411394 ], [ -0.132538, 51.411318 ], [ -0.131479, 51.411523 ], [ -0.130562, 51.41177 ], [ -0.129214, 51.411818 ], [ -0.128597, 51.411718 ], [ -0.128351, 51.411686 ], [ -0.127999, 51.412562 ], [ -0.127905, 51.413186 ], [ -0.127343, 51.413587 ], [ -0.126551, 51.413866 ], [ -0.125732, 51.41398 ], [ -0.125266, 51.414256 ], [ -0.124637, 51.414852 ], [ -0.12388, 51.415723 ], [ -0.122677, 51.417067 ], [ -0.122126, 51.417631 ], [ -0.121776, 51.418258 ], [ -0.121562, 51.418562 ], [ -0.121148, 51.419105 ], [ -0.121012, 51.419347 ], [ -0.120812, 51.419556 ], [ -0.119835, 51.419928 ], [ -0.11891, 51.420403 ], [ -0.118025, 51.420707 ], [ -0.116747, 51.421052 ], [ -0.115721, 51.421494 ], [ -0.114701, 51.422153 ], [ -0.113519, 51.422699 ], [ -0.11302, 51.423052 ], [ -0.112692, 51.423356 ], [ -0.111672, 51.423162 ], [ -0.110384, 51.423145 ], [ -0.109121, 51.423135 ], [ -0.107806, 51.422873 ], [ -0.106524, 51.422689 ], [ -0.105561, 51.422666 ], [ -0.104163, 51.422711 ], [ -0.10263, 51.42271 ], [ -0.100792, 51.422679 ], [ -0.099206, 51.422657 ], [ -0.097569, 51.422648 ], [ -0.095603, 51.422696 ], [ -0.094558, 51.422818 ], [ -0.092918, 51.422757 ], [ -0.091788, 51.422592 ], [ -0.091189, 51.422085 ], [ -0.090312, 51.421556 ], [ -0.089529, 51.421194 ], [ -0.089275, 51.420397 ], [ -0.088788, 51.41959 ], [ -0.087659, 51.419187 ], [ -0.086327, 51.418825 ], [ -0.085006, 51.419159 ], [ -0.083457, 51.419421 ], [ -0.08169, 51.419369 ], [ -0.079935, 51.419368 ], [ -0.079372, 51.419391 ], [ -0.079161, 51.419429 ], [ -0.078594, 51.419859 ], [ -0.077898, 51.420272 ], [ -0.077482, 51.421098 ], [ -0.07672, 51.422261 ], [ -0.076423, 51.422996 ], [ -0.075559, 51.424406 ], [ -0.074794, 51.425371 ], [ -0.074602, 51.425887 ], [ -0.074144, 51.426132 ], [ -0.073676, 51.425883 ], [ -0.071785, 51.424864 ], [ -0.069649, 51.423186 ], [ -0.067225, 51.421432 ], [ -0.064503, 51.420344 ], [ -0.061008, 51.419972 ], [ -0.05815, 51.419387 ], [ -0.054174, 51.418355 ], [ -0.050683, 51.416483 ], [ -0.048822, 51.415282 ], [ -0.045587, 51.411379 ], [ -0.048167, 51.409285 ], [ -0.050168, 51.40833 ], [ -0.0536, 51.406778 ], [ -0.056279, 51.405484 ], [ -0.0583, 51.40391 ], [ -0.060259, 51.402374 ], [ -0.061895, 51.401131 ], [ -0.063124, 51.401123 ], [ -0.055669, 51.396193 ], [ -0.052714, 51.395764 ], [ -0.051656, 51.393742 ], [ -0.042887, 51.390971 ], [ -0.042022, 51.391034 ], [ -0.037273, 51.38937 ], [ -0.030266, 51.386447 ], [ -0.025566, 51.385252 ], [ -0.024176, 51.383487 ], [ -0.024045, 51.38093 ], [ -0.024031, 51.380873 ], [ -0.023958, 51.37864 ], [ -0.024808, 51.375184 ], [ -0.025806, 51.367501 ], [ -0.023925, 51.365108 ], [ -0.021367, 51.363149 ], [ -0.019349, 51.360388 ], [ -0.013008, 51.356667 ], [ -0.009895, 51.354126 ], [ -0.00675, 51.348777 ], [ -0.003094, 51.341363 ], [ -0.000223, 51.33553 ], [ 0.002539, 51.334248 ], [ -0.006488, 51.335607 ], [ -0.008166, 51.335866 ], [ -0.010886, 51.335188 ], [ -0.014522, 51.333438 ], [ -0.01601, 51.332271 ], [ -0.017365, 51.332616 ], [ -0.019397, 51.334364 ], [ -0.021134, 51.336427 ], [ -0.022363, 51.338155 ], [ -0.024567, 51.338794 ], [ -0.028643, 51.338269 ], [ -0.0327, 51.337517 ], [ -0.035475, 51.338569 ], [ -0.039034, 51.338309 ], [ -0.038446, 51.338736 ], [ -0.040872, 51.337308 ], [ -0.041728, 51.335052 ], [ -0.044196, 51.333603 ], [ -0.047877, 51.333767 ], [ -0.050902, 51.332395 ], [ -0.0498, 51.33078 ], [ -0.051109, 51.327172 ], [ -0.052177, 51.324914 ], [ -0.056166, 51.321852 ], [ -0.05665, 51.321984 ], [ -0.056864, 51.321701 ], [ -0.058473, 51.320701 ], [ -0.064111, 51.32017 ], [ -0.070866, 51.322476 ], [ -0.073602, 51.320775 ], [ -0.093565, 51.326456 ], [ -0.087023, 51.320922 ], [ -0.085347, 51.315993 ], [ -0.084719, 51.311201 ], [ -0.086817, 51.309701 ], [ -0.089745, 51.308586 ], [ -0.092689, 51.302952 ], [ -0.094732, 51.301494 ], [ -0.096087, 51.299694 ], [ -0.098625, 51.300031 ], [ -0.110784, 51.29355 ], [ -0.110814, 51.292371 ], [ -0.116654, 51.292305 ], [ -0.11949, 51.293153 ], [ -0.122155, 51.294416 ], [ -0.124721, 51.294937 ], [ -0.127516, 51.2947 ], [ -0.130344, 51.295363 ], [ -0.134194, 51.295622 ], [ -0.137657, 51.295301 ], [ -0.137564, 51.295104 ], [ -0.143499, 51.295703 ], [ -0.153158, 51.294436 ], [ -0.154641, 51.296802 ], [ -0.151202, 51.302061 ], [ -0.151916, 51.303776 ], [ -0.154613, 51.30485 ], [ -0.156698, 51.306686 ], [ -0.157501, 51.306959 ], [ -0.159568, 51.306913 ], [ -0.1638, 51.3074 ], [ -0.168674, 51.304527 ], [ -0.1726, 51.305079 ], [ -0.17607, 51.3061 ], [ -0.175468, 51.307916 ], [ -0.174648, 51.309589 ], [ -0.173363, 51.312522 ], [ -0.172799, 51.315107 ], [ -0.176471, 51.315747 ], [ -0.179075, 51.316605 ], [ -0.176926, 51.31803 ], [ -0.176898, 51.319885 ], [ -0.180097, 51.322417 ], [ -0.18248, 51.324757 ], [ -0.182199, 51.328244 ], [ -0.182274, 51.333781 ], [ -0.182839, 51.335938 ], [ -0.184725, 51.338409 ], [ -0.184472, 51.339447 ], [ -0.182727, 51.340302 ], [ -0.180755, 51.342137 ], [ -0.177739, 51.342786 ], [ -0.17511, 51.344177 ], [ -0.173251, 51.34568 ], [ -0.163155, 51.337472 ], [ -0.162712, 51.333361 ], [ -0.152453, 51.322705 ], [ -0.146576, 51.32332 ], [ -0.145368, 51.32387 ], [ -0.142471, 51.325479 ], [ -0.138974, 51.327271 ], [ -0.140864, 51.329379 ], [ -0.144642, 51.330643 ], [ -0.145931, 51.332473 ], [ -0.147091, 51.335377 ], [ -0.148118, 51.337818 ], [ -0.151546, 51.337683 ], [ -0.153136, 51.337955 ], [ -0.153266, 51.338003 ], [ -0.154703, 51.33853 ], [ -0.156139, 51.340286 ], [ -0.157364, 51.343149 ], [ -0.157014, 51.346293 ], [ -0.15628, 51.348254 ], [ -0.158393, 51.350432 ], [ -0.158484, 51.353028 ], [ -0.157034, 51.361088 ], [ -0.157957, 51.36584 ], [ -0.155797, 51.367271 ], [ -0.156059, 51.369628 ], [ -0.158638, 51.371228 ], [ -0.158536, 51.373395 ], [ -0.157381, 51.37575 ], [ -0.158012, 51.377375 ], [ -0.160028, 51.378799 ], [ -0.161151, 51.380938 ], [ -0.163356, 51.382082 ], [ -0.163951, 51.383904 ], [ -0.163895, 51.386345 ], [ -0.164962, 51.387715 ], [ -0.165914, 51.388931 ], [ -0.166437, 51.389638 ], [ -0.168611, 51.391156 ], [ -0.168811, 51.3916 ], [ -0.172266, 51.393166 ], [ -0.175446, 51.393256 ], [ -0.177231, 51.391508 ], [ -0.179651, 51.389839 ], [ -0.182736, 51.388206 ], [ -0.185491, 51.387425 ], [ -0.188046, 51.38597 ], [ -0.190991, 51.386701 ], [ -0.194206, 51.388029 ], [ -0.200668, 51.385443 ], [ -0.201886, 51.386173 ], [ -0.204654, 51.385766 ], [ -0.206847, 51.386796 ], [ -0.209983, 51.387811 ], [ -0.21754, 51.381247 ], [ -0.219593, 51.380668 ], [ -0.222561, 51.382107 ], [ -0.231495, 51.385371 ], [ -0.232754, 51.386636 ], [ -0.233731, 51.387148 ], [ -0.234381, 51.39011 ], [ -0.235712, 51.390334 ], [ -0.239634, 51.389689 ], [ -0.240338, 51.391694 ], [ -0.241657, 51.393216 ], [ -0.243869, 51.394114 ], [ -0.245402, 51.395654 ], [ -0.247411, 51.397002 ], [ -0.247425, 51.397011 ], [ -0.246511, 51.397456 ], [ -0.245317, 51.399544 ], [ -0.244925, 51.404019 ], [ -0.245546, 51.406132 ], [ -0.246855, 51.408407 ], [ -0.248564, 51.409894 ], [ -0.248535, 51.411893 ], [ -0.249575, 51.414764 ], [ -0.240693, 51.411154 ], [ -0.234945, 51.409893 ], [ -0.230061, 51.409281 ], [ -0.226948, 51.409327 ], [ -0.224221, 51.409769 ], [ -0.202887, 51.414994 ], [ -0.187401, 51.416914 ], [ -0.181908, 51.41631 ], [ -0.181723, 51.416961 ], [ -0.182046, 51.418626 ], [ -0.182162, 51.419397 ], [ -0.181319, 51.421981 ], [ -0.18271, 51.423534 ], [ -0.183788, 51.42536 ], [ -0.183096, 51.426275 ] ] ] } },
{ "type": "Feature", "properties": { "_ROWID_": 596, "pk": 596, "g_unit": 10030407.0, "g_name": "GODSTONE", "namestatus": "P", "g_language": "eng", "unittype": "PR_DIST", "g_status": "RegD", "nation": "ENGLAND", "g_year": 1851.0, "im_auth": "GBHGIS", "im_note": null, "notes": null }, "geometry": { "type": "Polygon", "coordinates": [ [ [ 0.002539, 51.334248 ], [ 0.003047, 51.334013 ], [ 0.00601, 51.329284 ], [ 0.008009, 51.315807 ], [ 0.007728, 51.308834 ], [ 0.011762, 51.299422 ], [ 0.014104, 51.293358 ], [ 0.015661, 51.291732 ], [ 0.017527, 51.292475 ], [ 0.018546, 51.292958 ], [ 0.02064, 51.295076 ], [ 0.02038, 51.297597 ], [ 0.02099, 51.299627 ], [ 0.022632, 51.300738 ], [ 0.023061, 51.301907 ], [ 0.024535, 51.303811 ], [ 0.027472, 51.30582 ], [ 0.030608, 51.307023 ], [ 0.033127, 51.306048 ], [ 0.039892, 51.30385 ], [ 0.044528, 51.301492 ], [ 0.045439, 51.298786 ], [ 0.045237, 51.297786 ], [ 0.044575, 51.293824 ], [ 0.045933, 51.291378 ], [ 0.048326, 51.288702 ], [ 0.049499, 51.285939 ], [ 0.051052, 51.263297 ], [ 0.051762, 51.262101 ], [ 0.053244, 51.259028 ], [ 0.053341, 51.255092 ], [ 0.054929, 51.252817 ], [ 0.056095, 51.250047 ], [ 0.056324, 51.248072 ], [ 0.055659, 51.245752 ], [ 0.054595, 51.243443 ], [ 0.052403, 51.24028 ], [ 0.050931, 51.237096 ], [ 0.044545, 51.232522 ], [ 0.044053, 51.229095 ], [ 0.045731, 51.227228 ], [ 0.045023, 51.22525 ], [ 0.044892, 51.22382 ], [ 0.04441, 51.220739 ], [ 0.042085, 51.218103 ], [ 0.037549, 51.217558 ], [ 0.034422, 51.216097 ], [ 0.033165, 51.21193 ], [ 0.033848, 51.209894 ], [ 0.035904, 51.208059 ], [ 0.035292, 51.205256 ], [ 0.037003, 51.203072 ], [ 0.037605, 51.200892 ], [ 0.040204, 51.197586 ], [ 0.040208, 51.197568 ], [ 0.03937, 51.197073 ], [ 0.035574, 51.196457 ], [ 0.026623, 51.196878 ], [ 0.019034, 51.195228 ], [ 0.013107, 51.195246 ], [ 0.013764, 51.197674 ], [ 0.017178, 51.198712 ], [ 0.01983, 51.200201 ], [ 0.022366, 51.202014 ], [ 0.019164, 51.201847 ], [ 0.016053, 51.200772 ], [ 0.008261, 51.206064 ], [ 0.003487, 51.20376 ], [ 0.006573, 51.202317 ], [ 0.008772, 51.200437 ], [ 0.011401, 51.198496 ], [ 0.007138, 51.1954 ], [ 0.001871, 51.196192 ], [ -0.001475, 51.195833 ], [ -0.004371, 51.194471 ], [ -0.006516, 51.193094 ], [ -0.010745, 51.191906 ], [ -0.014785, 51.192064 ], [ -0.017763, 51.193015 ], [ -0.019486, 51.191512 ], [ -0.030754, 51.192977 ], [ -0.035908, 51.186917 ], [ -0.039944, 51.173167 ], [ -0.036768, 51.164802 ], [ -0.033795, 51.138917 ], [ -0.040993, 51.140069 ], [ -0.056307, 51.13695 ], [ -0.06255, 51.141051 ], [ -0.075176, 51.142544 ], [ -0.084747, 51.142904 ], [ -0.091157, 51.139585 ], [ -0.093146, 51.139185 ], [ -0.097111, 51.158017 ], [ -0.094102, 51.164214 ], [ -0.102747, 51.170678 ], [ -0.098744, 51.180921 ], [ -0.100131, 51.192628 ], [ -0.100429, 51.196527 ], [ -0.099031, 51.201406 ], [ -0.099435, 51.203446 ], [ -0.09823, 51.206503 ], [ -0.100487, 51.212848 ], [ -0.097606, 51.219456 ], [ -0.098594, 51.221575 ], [ -0.109725, 51.222302 ], [ -0.115187, 51.220827 ], [ -0.115828, 51.220901 ], [ -0.116282, 51.222025 ], [ -0.116257, 51.224456 ], [ -0.11381, 51.23233 ], [ -0.113744, 51.239274 ], [ -0.113119, 51.241153 ], [ -0.116575, 51.242582 ], [ -0.117642, 51.244579 ], [ -0.119875, 51.245716 ], [ -0.123004, 51.249881 ], [ -0.125704, 51.25054 ], [ -0.127327, 51.252634 ], [ -0.13245, 51.255317 ], [ -0.132295, 51.257391 ], [ -0.130842, 51.259772 ], [ -0.127591, 51.262388 ], [ -0.126935, 51.264587 ], [ -0.125018, 51.264865 ], [ -0.119904, 51.264903 ], [ -0.109242, 51.26448 ], [ -0.106184, 51.264152 ], [ -0.103308, 51.263532 ], [ -0.093413, 51.262022 ], [ -0.100854, 51.267992 ], [ -0.100351, 51.27015 ], [ -0.103384, 51.275749 ], [ -0.10133, 51.277857 ], [ -0.098777, 51.279655 ], [ -0.093424, 51.279317 ], [ -0.102941, 51.283944 ], [ -0.104535, 51.286181 ], [ -0.107256, 51.287463 ], [ -0.110062, 51.289457 ], [ -0.110827, 51.291241 ], [ -0.110814, 51.292371 ], [ -0.110784, 51.29355 ], [ -0.098625, 51.300031 ], [ -0.096087, 51.299694 ], [ -0.094732, 51.301494 ], [ -0.092689, 51.302952 ], [ -0.089745, 51.308586 ], [ -0.086817, 51.309701 ], [ -0.084719, 51.311201 ], [ -0.085347, 51.315993 ], [ -0.087023, 51.320922 ], [ -0.093565, 51.326456 ], [ -0.073602, 51.320775 ], [ -0.070866, 51.322476 ], [ -0.064111, 51.32017 ], [ -0.058473, 51.320701 ], [ -0.056864, 51.321701 ], [ -0.05665, 51.321984 ], [ -0.056166, 51.321852 ], [ -0.052177, 51.324914 ], [ -0.051109, 51.327172 ], [ -0.0498, 51.33078 ], [ -0.050902, 51.332395 ], [ -0.047877, 51.333767 ], [ -0.044196, 51.333603 ], [ -0.041728, 51.335052 ], [ -0.040872, 51.337308 ], [ -0.038446, 51.338736 ], [ -0.039034, 51.338309 ], [ -0.035475, 51.338569 ], [ -0.0327, 51.337517 ], [ -0.028643, 51.338269 ], [ -0.024567, 51.338794 ], [ -0.022363, 51.338155 ], [ -0.021134, 51.336427 ], [ -0.019397, 51.334364 ], [ -0.017365, 51.332616 ], [ -0.01601, 51.332271 ], [ -0.014522, 51.333438 ], [ -0.010886, 51.335188 ], [ -0.008166, 51.335866 ], [ -0.006488, 51.335607 ], [ 0.002539, 51.334248 ] ] ] } }
]
}
